PLAYER_ID,PLAYER_NAME,NICKNAME,TEAM_ID,TEAM_ABBREVIATION,AGE,GP,W,L,W_PCT,MIN,FGM,FGA,FG_PCT,FG3M,FG3A,FG3_PCT,FTM,FTA,FT_PCT,OREB,DREB,REB,AST,TOV,STL,BLK,BLKA,PF,PFD,PTS,PLUS_MINUS,NBA_FANTASY_PTS,DD2,TD3,WNBA_FANTASY_PTS,GP_RANK,W_RANK,L_RANK,W_PCT_RANK,MIN_RANK,FGM_RANK,FGA_RANK,FG_PCT_RANK,FG3M_RANK,FG3A_RANK,FG3_PCT_RANK,FTM_RANK,FTA_RANK,FT_PCT_RANK,OREB_RANK,DREB_RANK,REB_RANK,AST_RANK,TOV_RANK,STL_RANK,BLK_RANK,BLKA_RANK,PF_RANK,PFD_RANK,PTS_RANK,PLUS_MINUS_RANK,NBA_FANTASY_PTS_RANK,DD2_RANK,TD3_RANK,WNBA_FANTASY_PTS_RANK,TEAM_COUNT,SEASON,DISPLAY_NAME_SEASON,PACE,POSS,FP_HIGH_SCORE,FP_HIGH_SCORE_RANK
1630639,A.J. Lawson,A.J.,1610612742,DAL,22.0,15,5,10,0.333,7.2,1.5,2.9,0.5,0.7,1.7,0.4,0.1,0.5,0.25,0.4,1.0,1.4,0.1,0.2,0.1,0.0,0.2,0.7,0.4,3.7,-3.1,5.8,0,0,6.2,451,459,430,442,484,417,438,140,302,328,85,491,428,509,373,458,453,520,497,495,491,358,475,457,429,462,482,253,39,466,2,2022-23,A.J. Lawson (2022-23),105.96,240,,
1631260,AJ Green,AJ,1610612749,MIL,23.0,35,27,8,0.771,9.9,1.5,3.6,0.424,1.3,3.0,0.419,0.1,0.1,1.0,0.2,1.1,1.3,0.6,0.3,0.2,0.0,0.0,0.9,0.1,4.4,-0.7,7.1,0,0,7.9,379,238,442,14,448,411,386,378,173,216,52,499,508,1,487,445,465,428,487,478,491,498,454,518,392,309,455,253,39,436,1,2022-23,AJ Green (2022-23),102.9,744,,
1631100,AJ Griffin,AJ,1610612737,ATL,19.0,72,34,38,0.472,19.5,3.4,7.4,0.465,1.4,3.6,0.39,0.6,0.7,0.894,0.5,1.6,2.1,1.0,0.6,0.6,0.2,0.3,1.2,0.6,8.9,0.9,14.6,0,0,14.9,102,149,69,326,260,208,199,240,148,166,117,365,403,61,327,372,377,339,382,256,372,268,394,422,217,169,287,253,39,273,1,2022-23,AJ Griffin (2022-23),102.67,3005,,
203932,Aaron Gordon,Aaron,1610612743,DEN,27.0,68,45,23,0.662,30.2,6.3,11.2,0.564,0.9,2.5,0.347,2.8,4.6,0.608,2.4,4.1,6.6,3.0,1.4,0.8,0.8,1.0,1.9,3.6,16.3,7.6,31.8,11,0,29.8,133,35,303,64,107,75,106,68,244,244,259,72,48,455,24,90,56,121,144,151,65,32,205,58,82,4,77,56,39,89,1,2022-23,Aaron Gordon (2022-23),100.16,4288,,
1628988,Aaron Holiday,Aaron,1610612737,ATL,26.0,63,32,31,0.508,13.4,1.5,3.5,0.418,0.6,1.4,0.409,0.4,0.5,0.844,0.4,0.8,1.2,1.4,0.6,0.6,0.2,0.3,1.3,0.8,3.9,0.3,9.2,0,0,8.6,189,178,164,255,383,418,401,399,325,359,66,416,434,129,378,486,477,260,387,251,345,315,377,356,415,212,413,253,39,416,1,2022-23,Aaron Holiday (2022-23),103.27,1819,,
1630174,Aaron Nesmith,Aaron,1610612754,IND,23.0,73,30,43,0.411,24.9,3.5,8.1,0.427,1.6,4.3,0.366,1.6,1.9,0.838,0.8,2.9,3.8,1.3,1.0,0.8,0.5,0.6,3.2,1.9,10.1,-2.9,19.3,1,0,19.3,92,207,37,402,179,207,172,372,124,126,196,152,179,140,207,189,202,275,221,167,146,101,17,150,174,453,211,192,39,198,1,2022-23,Aaron Nesmith (2022-23),102.4,3863,,
1630598,Aaron Wiggins,Aaron,1610612760,OKC,24.0,70,37,33,0.529,18.5,2.7,5.2,0.512,0.7,1.7,0.393,0.8,1.0,0.831,1.0,2.0,3.0,1.1,0.8,0.6,0.2,0.5,1.6,0.9,6.8,0.1,13.7,1,0,13.2,116,110,138,220,284,270,299,126,297,325,105,286,310,156,170,315,273,322,303,270,324,171,296,331,283,225,305,192,39,305,1,2022-23,Aaron Wiggins (2022-23),102.4,2754,,
1629678,Admiral Schofield,Admiral,1610612753,ORL,26.0,37,14,23,0.378,12.2,1.5,3.3,0.451,0.6,2.0,0.324,0.6,0.6,0.913,0.6,1.1,1.7,0.8,0.4,0.2,0.1,0.2,1.6,0.8,4.2,-2.1,8.1,0,0,8.1,365,386,303,419,408,414,413,283,306,305,335,370,408,45,289,455,420,390,439,460,408,412,269,364,402,424,436,253,39,433,1,2022-23,Admiral Schofield (2022-23),100.15,941,,
201143,Al Horford,Al,1610612738,BOS,37.0,63,44,19,0.698,30.5,3.6,7.6,0.476,2.3,5.2,0.446,0.2,0.3,0.714,1.2,5.0,6.2,3.0,0.6,0.5,1.0,0.1,1.9,0.5,9.8,4.9,25.5,7,0,24.2,189,40,346,33,97,188,189,214,48,81,28,472,473,354,133,60,67,119,378,314,36,439,197,428,185,23,131,86,39,136,1,2022-23,Al Horford (2022-23),99.72,3991,,
202692,Alec Burks,Alec,1610612765,DET,31.0,51,12,39,0.235,22.0,3.9,9.0,0.436,1.9,4.7,0.414,3.0,3.7,0.814,0.4,2.7,3.1,2.2,1.1,0.7,0.2,0.3,1.9,2.7,12.8,-0.1,21.4,0,0,21.9,292,404,60,495,220,163,148,340,85,104,57,65,71,182,386,209,263,175,195,172,389,304,196,90,124,255,179,253,39,162,1,2022-23,Alec Burks (2022-23),103.25,2422,,
1630197,Aleksej Pokusevski,Aleksej,1610612760,OKC,21.0,34,16,18,0.471,20.6,3.2,7.3,0.434,1.1,3.1,0.365,0.6,1.0,0.629,1.3,3.4,4.7,1.9,1.3,0.6,1.3,0.2,1.7,0.9,8.1,-5.8,20.8,3,0,19.5,385,357,365,330,236,226,204,347,202,209,201,337,304,442,107,152,125,195,168,250,20,331,256,338,238,520,184,130,39,194,1,2022-23,Aleksej Pokusevski (2022-23),103.79,1515,,
1627936,Alex Caruso,Alex,1610612741,CHI,29.0,67,33,34,0.493,23.5,1.9,4.3,0.455,0.8,2.3,0.364,0.9,1.1,0.808,0.6,2.3,2.9,2.9,1.1,1.5,0.7,0.2,2.4,1.6,5.6,3.0,18.7,1,0,16.5,145,162,121,292,197,356,352,269,260,283,207,278,299,193,285,270,285,126,193,18,76,343,101,199,339,57,221,192,39,242,1,2022-23,Alex Caruso (2022-23),99.79,3275,,
203458,Alex Len,Alex,1610612758,SAC,30.0,26,15,11,0.577,6.2,0.6,1.2,0.533,0.0,0.1,0.0,0.4,0.6,0.688,0.9,1.4,2.3,0.5,0.6,0.2,0.4,0.0,1.1,0.4,1.7,0.7,6.2,0,0,5.6,418,369,425,146,496,502,520,100,492,506,492,419,409,389,185,405,357,479,373,487,165,493,423,464,502,184,474,253,39,480,1,2022-23,Alex Len (2022-23),108.5,362,,
1628993,Alize Johnson,Alize,1610612759,SAS,27.0,4,1,3,0.25,7.4,0.8,1.5,0.5,0.0,0.5,0.0,0.3,0.5,0.5,0.5,2.0,2.5,0.3,1.0,0.3,0.0,0.0,0.8,1.0,1.8,3.0,4.9,0,0,5.0,509,507,496,484,481,491,508,140,492,456,492,465,435,482,330,318,332,510,225,440,491,499,470,299,498,53,495,253,39,488,1,2022-23,Alize Johnson (2022-23),102.45,63,,
1631214,Alondes Williams,Alondes,1610612751,BKN,24.0,1,1,0,1.0,5.3,0.0,0.0,0.0,0.0,0.0,0.0,0.0,0.0,0.0,0.0,1.0,1.0,0.0,2.0,0.0,0.0,0.0,1.0,0.0,0.0,-5.0,-0.8,0,0,1.0,531,507,532,1,511,534,538,534,492,524,492,511,516,511,517,458,485,525,76,513,491,499,433,526,535,511,539,253,39,536,1,2022-23,Alondes Williams (2022-23),104.81,12,,
1630578,Alperen Sengun,Alperen,1610612745,HOU,20.0,75,18,57,0.24,28.9,5.9,10.7,0.553,0.3,0.8,0.333,2.7,3.8,0.715,3.2,5.8,9.0,3.9,2.6,0.9,0.9,0.8,3.4,4.4,14.8,-3.8,34.5,29,2,31.7,70,339,6,492,123,87,112,79,414,425,292,75,67,353,10,38,22,83,42,103,41,47,9,31,99,485,61,20,11,75,1,2022-23,Alperen Sengun (2022-23),99.97,4551,,
1629599,Amir Coffey,Amir,1610612746,LAC,26.0,50,26,24,0.52,12.5,1.1,2.9,0.386,0.2,0.8,0.275,1.0,1.3,0.778,0.3,0.7,1.1,1.1,0.4,0.1,0.1,0.3,1.0,0.9,3.4,-2.3,6.6,0,0,6.3,294,253,285,234,403,462,440,467,424,421,412,257,265,236,403,496,483,334,441,494,446,259,433,321,439,432,468,253,39,464,1,2022-23,Amir Coffey (2022-23),101.22,1320,,
203083,Andre Drummond,Andre,1610612741,CHI,29.0,67,32,35,0.478,12.7,2.5,4.1,0.606,0.0,0.0,0.0,1.0,1.9,0.536,2.1,4.6,6.6,0.5,1.1,0.7,0.4,0.4,1.7,1.6,6.0,0.4,16.8,8,0,15.2,145,178,100,319,397,286,359,48,492,509,492,248,194,479,42,72,55,472,200,204,181,198,245,191,324,204,244,80,39,265,1,2022-23,Andre Drummond (2022-23),101.72,1789,,
2738,Andre Iguodala,Andre,1610612744,GSW,39.0,8,3,5,0.375,14.1,0.9,1.9,0.467,0.1,1.1,0.111,0.3,0.4,0.667,0.4,1.8,2.1,2.4,1.1,0.5,0.4,0.0,1.4,1.1,2.1,4.4,9.7,0,0,8.5,479,481,464,421,366,484,491,237,449,390,483,465,467,403,384,351,377,162,199,303,202,499,355,288,488,29,403,253,39,420,1,2022-23,Andre Iguodala (2022-23),108.74,257,,
1629614,Andrew Nembhard,Andrew,1610612754,IND,23.0,75,32,43,0.427,27.6,3.8,8.6,0.441,1.2,3.5,0.35,0.7,0.8,0.79,0.5,2.2,2.7,4.5,1.7,0.9,0.2,0.3,2.4,1.6,9.5,-3.5,21.1,5,0,20.1,70,178,37,382,145,177,154,317,176,172,248,336,358,216,340,287,317,64,112,103,365,243,98,204,193,475,183,105,39,186,1,2022-23,Andrew Nembhard (2022-23),102.78,4439,,
203952,Andrew Wiggins,Andrew,1610612744,GSW,28.0,37,19,18,0.514,32.2,6.8,14.3,0.473,2.4,6.1,0.396,1.2,1.9,0.611,1.6,3.4,5.0,2.3,1.3,1.2,0.8,0.6,2.9,2.2,17.1,3.2,31.2,3,0,30.8,365,324,365,247,73,65,64,222,45,49,98,218,178,453,76,149,107,171,164,39,64,119,37,118,75,49,83,130,39,82,1,2022-23,Andrew Wiggins (2022-23),103.74,2565,,
1629014,Anfernee Simons,Anfernee,1610612757,POR,24.0,62,27,35,0.435,35.0,7.5,16.9,0.447,3.4,9.1,0.377,2.6,2.9,0.894,0.3,2.3,2.6,4.1,2.1,0.7,0.2,0.7,2.3,2.1,21.1,-1.2,30.9,0,0,33.0,203,238,100,374,27,45,39,298,8,7,154,83,101,60,430,269,325,79,72,200,313,82,114,136,42,353,84,253,39,63,1,2022-23,Anfernee Simons (2022-23),99.22,4485,,
203076,Anthony Davis,Anthony,1610612747,LAL,30.0,56,31,25,0.554,34.0,9.7,17.2,0.563,0.3,1.3,0.257,6.2,7.9,0.784,3.5,9.1,12.5,2.6,2.2,1.1,2.0,1.0,2.6,5.9,25.9,3.7,52.0,40,0,47.6,253,191,268,178,45,14,36,69,391,370,427,10,11,226,4,5,1,145,60,70,6,24,67,10,17,44,5,6,39,10,1,2022-23,Anthony Davis (2022-23),102.39,4067,,
1630162,Anthony Edwards,Anthony,1610612750,MIN,21.0,79,40,39,0.506,36.0,8.9,19.5,0.459,2.7,7.3,0.369,4.0,5.3,0.756,0.6,5.2,5.8,4.4,3.3,1.6,0.7,0.7,2.4,3.5,24.6,1.2,41.9,9,0,42.2,27,74,60,261,11,20,15,255,28,24,187,41,35,286,300,57,78,70,15,10,70,66,106,61,23,144,26,70,39,21,1,2022-23,Anthony Edwards (2022-23),101.77,6016,,
1630264,Anthony Gill,Anthony,1610612764,WAS,30.0,59,21,38,0.356,10.6,1.2,2.2,0.538,0.1,0.5,0.138,0.8,1.1,0.731,0.6,1.1,1.7,0.6,0.3,0.1,0.2,0.2,1.2,1.0,3.3,-0.2,6.9,0,0,6.3,230,303,69,434,435,451,473,94,467,461,477,290,289,332,284,456,419,447,488,498,332,396,401,309,444,265,459,253,39,463,1,2022-23,Anthony Gill (2022-23),101.56,1321,,
1630237,Anthony Lamb,Anthony,1610612744,GSW,25.0,62,36,26,0.581,19.3,2.4,5.1,0.471,1.2,3.2,0.367,0.7,1.0,0.767,0.9,2.6,3.5,1.5,0.9,0.5,0.3,0.2,2.2,1.1,6.7,0.5,14.6,0,0,14.4,203,126,250,140,266,297,306,225,188,193,192,309,330,262,191,231,232,232,273,325,236,386,145,292,290,196,286,253,39,280,1,2022-23,Anthony Lamb (2022-23),102.55,2548,,
1630559,Austin Reaves,Austin,1610612747,LAL,25.0,64,35,29,0.547,28.8,4.0,7.7,0.529,1.3,3.4,0.398,3.6,4.1,0.864,0.5,2.5,3.0,3.4,1.5,0.5,0.3,0.3,1.7,3.7,13.0,3.3,22.6,1,0,22.4,181,137,199,193,125,155,186,105,158,182,91,52,60,95,326,242,272,108,123,297,255,281,260,50,121,46,169,192,39,155,1,2022-23,Austin Reaves (2022-23),103.38,3978,,
203085,Austin Rivers,Austin,1610612750,MIN,30.0,52,25,27,0.481,19.5,1.8,4.0,0.435,0.8,2.4,0.35,0.6,0.8,0.769,0.1,1.5,1.6,1.4,0.4,0.5,0.1,0.3,1.5,0.9,4.9,-2.7,10.4,0,0,10.0,283,262,229,315,256,380,362,342,257,270,250,366,374,254,509,382,437,251,436,284,468,318,310,329,370,447,384,253,39,389,1,2022-23,Austin Rivers (2022-23),102.46,2154,,
1630245,Ayo Dosunmu,Ayo,1610612741,CHI,23.0,80,40,40,0.5,26.2,3.5,7.1,0.493,0.7,2.4,0.312,0.8,1.0,0.805,0.6,2.2,2.8,2.6,1.2,0.8,0.3,0.6,2.3,0.8,8.6,-1.0,17.8,0,0,16.9,15,74,54,264,160,201,209,169,287,271,359,292,306,198,312,286,302,149,174,159,232,104,118,343,228,329,229,253,39,237,1,2022-23,Ayo Dosunmu (2022-23),100.78,4395,,
1628389,Bam Adebayo,Bam,1610612748,MIA,25.0,75,40,35,0.533,34.6,8.0,14.9,0.54,0.0,0.2,0.083,4.3,5.4,0.806,2.5,6.7,9.2,3.2,2.5,1.2,0.8,0.7,2.8,4.8,20.4,1.6,39.7,31,0,36.7,70,74,100,217,34,33,58,91,491,491,487,36,34,196,21,19,19,114,45,43,54,92,50,23,51,122,35,18,39,42,1,2022-23,Bam Adebayo (2022-23),97.04,5262,,
1627732,Ben Simmons,Ben,1610612751,BKN,26.0,42,24,18,0.571,26.3,3.2,5.6,0.566,0.0,0.0,0.0,0.6,1.4,0.439,1.0,5.3,6.3,6.1,2.3,1.3,0.6,0.2,3.3,1.7,6.9,1.0,26.8,4,1,23.0,335,271,365,149,159,229,281,66,492,508,492,358,246,501,175,52,66,31,54,32,106,330,12,177,276,160,122,118,17,148,1,2022-23,Ben Simmons (2022-23),100.08,2300,,
1631097,Bennedict Mathurin,Bennedict,1610612754,IND,21.0,78,33,45,0.423,28.5,5.3,12.2,0.434,1.3,4.0,0.323,4.8,5.8,0.828,1.1,3.0,4.1,1.5,1.9,0.6,0.2,1.1,2.1,3.9,16.7,-2.3,24.2,0,0,25.1,38,162,27,386,131,107,84,346,167,143,339,23,26,161,139,186,171,245,82,237,372,19,163,45,79,433,143,253,39,122,1,2022-23,Bennedict Mathurin (2022-23),103.25,4792,,
202687,Bismack Biyombo,Bismack,1610612756,PHX,30.0,61,33,28,0.541,14.3,2.0,3.4,0.578,0.0,0.0,0.0,0.4,1.1,0.357,1.5,2.8,4.3,0.9,0.8,0.3,1.4,0.2,1.9,1.3,4.3,0.8,15.2,3,0,13.0,214,162,214,203,360,352,404,60,492,524,492,422,284,507,94,201,153,363,286,418,12,384,214,241,396,176,273,130,39,312,1,2022-23,Bismack Biyombo (2022-23),99.31,1805,,
201933,Blake Griffin,Blake,1610612738,BOS,34.0,41,27,14,0.659,13.9,1.5,3.2,0.485,0.6,1.6,0.348,0.5,0.8,0.656,1.1,2.6,3.8,1.5,0.5,0.3,0.2,0.1,1.8,1.2,4.1,2.6,12.1,0,0,11.1,346,238,393,67,372,408,418,192,330,335,255,388,366,428,135,220,203,244,399,390,320,443,229,277,406,74,345,253,39,354,1,2022-23,Blake Griffin (2022-23),99.86,1178,,
1631104,Blake Wesley,Blake,1610612759,SAS,20.0,37,9,28,0.243,18.1,1.9,5.8,0.321,0.5,1.4,0.385,0.7,1.2,0.591,0.3,1.9,2.2,2.6,1.8,0.7,0.1,0.7,1.8,0.9,5.0,-5.4,12.3,0,0,12.0,365,426,214,491,292,368,266,514,337,358,135,319,277,462,418,336,362,144,99,202,408,74,232,322,365,515,338,253,39,333,1,2022-23,Blake Wesley (2022-23),104.74,1459,,
1626246,Boban Marjanovic,Boban,1610612745,HOU,34.0,31,7,24,0.226,5.5,1.3,1.9,0.683,0.0,0.0,0.0,0.6,0.9,0.741,0.6,1.3,1.9,0.3,0.5,0.2,0.1,0.1,0.3,0.9,3.3,2.1,6.3,0,0,6.0,396,442,285,498,507,434,489,13,492,512,492,339,347,315,277,417,398,505,429,484,479,473,520,318,445,92,473,253,39,472,1,2022-23,Boban Marjanovic (2022-23),100.17,357,,
1626171,Bobby Portis,Bobby,1610612749,MIL,28.0,70,47,23,0.671,26.0,5.7,11.5,0.496,1.4,3.7,0.37,1.4,1.8,0.768,2.2,7.4,9.6,1.5,1.2,0.4,0.2,0.5,1.6,1.4,14.1,0.2,28.6,38,0,27.8,116,22,303,54,165,91,98,161,156,162,183,189,200,260,32,11,15,240,191,344,310,155,271,229,108,215,103,10,39,97,1,2022-23,Bobby Portis (2022-23),102.34,3887,,
203992,Bogdan Bogdanović,Bogdan,1610612737,ATL,30.0,54,27,27,0.5,27.9,5.1,11.3,0.447,2.7,6.7,0.406,1.2,1.4,0.831,0.4,2.6,3.1,2.8,1.2,0.8,0.3,0.2,1.6,1.2,14.0,1.2,24.0,0,0,24.8,270,238,229,264,143,113,103,299,27,39,74,219,238,154,361,222,266,132,181,150,226,328,288,279,110,148,147,253,39,129,1,2022-23,Bogdan Bogdanović (2022-23),101.23,3193,,
202711,Bojan Bogdanovic,Bojan,1610612765,DET,34.0,59,15,44,0.254,32.1,7.3,14.9,0.488,2.5,6.0,0.411,4.5,5.1,0.884,0.6,3.2,3.8,2.6,2.3,0.6,0.1,1.3,1.9,3.6,21.6,-5.6,29.8,0,0,31.8,230,369,30,483,76,55,57,181,41,53,63,33,38,66,294,167,204,148,56,260,407,7,200,56,38,519,94,253,39,74,1,2022-23,Bojan Bogdanovic (2022-23),101.18,3988,,
1629626,Bol Bol,Bol,1610612753,ORL,23.0,70,26,44,0.371,21.5,3.7,6.8,0.546,0.4,1.6,0.265,1.2,1.5,0.759,1.0,4.8,5.8,1.0,1.6,0.4,1.2,0.3,1.3,1.2,9.1,-2.1,20.8,6,0,19.5,116,253,30,424,227,181,223,86,361,334,418,221,226,277,167,69,81,350,118,336,24,307,366,266,212,422,185,92,39,193,1,2022-23,Bol Bol (2022-23),100.95,3163,,
1630538,Bones Hyland,Bones,1610612746,LAC,22.0,56,36,20,0.643,19.4,4.1,10.2,0.399,2.1,5.6,0.371,1.5,1.8,0.843,0.4,2.1,2.4,3.1,1.5,0.7,0.3,0.6,1.7,1.7,11.8,-2.3,20.7,1,0,21.3,253,126,341,84,263,152,116,443,63,61,175,169,198,130,394,313,344,117,142,189,277,98,252,184,140,435,188,192,39,172,2,2022-23,Bones Hyland (2022-23),99.23,2240,,
203078,Bradley Beal,Bradley,1610612764,WAS,30.0,50,24,26,0.48,33.5,8.9,17.6,0.506,1.6,4.4,0.365,3.8,4.6,0.842,0.8,3.1,3.9,5.4,2.9,0.9,0.7,0.7,2.1,3.4,23.2,0.8,37.8,2,0,37.3,294,271,250,317,53,21,34,137,120,121,202,46,50,132,220,171,188,45,29,114,84,89,150,62,31,173,42,155,39,38,1,2022-23,Bradley Beal (2022-23),97.94,3421,,
1630527,Brandon Boston,Brandon,1610612746,LAC,21.0,22,9,13,0.409,11.3,2.3,5.5,0.418,0.5,1.3,0.414,1.3,1.7,0.763,0.3,1.0,1.4,0.9,0.5,0.4,0.0,0.5,1.0,1.3,6.5,-2.0,10.2,0,0,10.1,430,426,407,404,425,303,283,400,335,371,59,199,210,270,419,457,457,366,394,348,491,141,444,251,301,409,390,253,39,386,1,2022-23,Brandon Boston (2022-23),102.34,528,,
1629634,Brandon Clarke,Brandon,1610612763,MEM,26.0,56,32,24,0.571,19.5,4.1,6.2,0.656,0.0,0.1,0.167,1.8,2.5,0.719,1.6,3.9,5.5,1.3,1.0,0.6,0.7,0.3,2.3,2.2,10.0,-0.3,21.4,6,0,19.4,253,178,285,149,259,149,247,21,485,498,469,139,128,350,77,107,86,285,236,240,83,256,108,123,177,272,180,92,39,196,1,2022-23,Brandon Clarke (2022-23),104.0,2348,,
1627742,Brandon Ingram,Brandon,1610612740,NOP,25.0,45,23,22,0.511,34.2,9.0,18.6,0.484,1.4,3.6,0.39,5.3,6.0,0.882,0.5,5.0,5.5,5.8,3.3,0.7,0.4,0.8,2.6,4.9,24.7,2.1,40.1,6,2,39.7,321,281,315,253,44,19,20,194,141,163,115,18,22,68,329,64,90,36,14,181,166,49,75,21,22,91,33,92,11,31,1,2022-23,Brandon Ingram (2022-23),98.87,3169,,
1630296,Braxton Key,Braxton,1610612765,DET,26.0,3,0,3,0.0,3.0,0.3,0.3,1.0,0.0,0.0,0.0,0.7,0.7,1.0,0.0,0.3,0.3,0.0,0.0,0.0,0.0,0.0,0.0,0.7,1.3,-1.0,1.7,0,0,1.7,520,528,496,528,528,525,537,1,492,524,492,329,397,1,517,524,529,525,519,513,491,499,528,395,515,330,532,253,39,534,1,2022-23,Braxton Key (2022-23),110.77,20,,
201572,Brook Lopez,Brook,1610612749,MIL,35.0,78,57,21,0.731,30.4,6.1,11.5,0.531,1.7,4.7,0.374,1.9,2.4,0.784,2.0,4.7,6.7,1.3,1.4,0.5,2.5,0.3,2.6,2.1,15.9,5.1,33.3,11,0,31.5,38,1,327,23,99,79,96,102,103,105,167,129,133,224,43,70,52,291,150,317,3,243,68,134,86,18,67,56,39,76,1,2022-23,Brook Lopez (2022-23),102.83,5100,,
1628971,Bruce Brown,Bruce,1610612743,DEN,26.0,80,53,27,0.663,28.5,4.5,9.3,0.483,1.1,3.2,0.358,1.5,1.9,0.758,0.8,3.3,4.1,3.4,1.5,1.1,0.6,0.5,2.4,1.5,11.5,0.4,25.1,3,1,23.6,15,6,229,63,130,135,141,197,195,202,223,177,184,280,232,155,168,109,126,61,89,165,100,216,143,203,137,130,17,144,1,2022-23,Bruce Brown (2022-23),99.19,4708,,
1628981,Bruno Fernando,Bruno,1610612737,ATL,24.0,39,13,26,0.333,10.4,1.5,2.9,0.527,0.0,0.1,0.0,0.9,1.3,0.7,1.4,2.1,3.5,0.8,0.6,0.2,0.9,0.4,1.9,1.1,3.9,-1.9,11.8,1,0,10.3,356,391,250,442,440,412,441,110,492,500,492,273,260,374,100,298,228,402,363,487,47,227,204,295,414,406,350,192,39,379,2,2022-23,Bruno Fernando (2022-23),100.0,844,,
1631121,Bryce McGowens,Bryce,1610612766,CHA,20.0,46,16,30,0.348,17.1,1.7,4.4,0.396,0.6,1.7,0.325,1.3,1.7,0.75,0.4,1.6,2.0,1.2,0.9,0.3,0.1,0.4,1.0,1.5,5.3,-3.3,10.0,0,0,10.0,315,357,184,440,303,382,348,447,327,326,332,200,209,290,354,375,389,315,251,401,417,194,426,208,347,468,400,253,39,388,1,2022-23,Bryce McGowens (2022-23),103.04,1696,,
1627854,Bryn Forbes,Bryn,1610612750,MIN,29.0,25,9,16,0.36,10.7,1.2,3.3,0.361,0.6,1.8,0.304,0.6,0.6,1.0,0.2,0.4,0.6,0.7,0.5,0.3,0.1,0.2,0.9,0.5,3.6,-1.9,5.9,0,0,6.1,419,426,379,432,434,453,410,492,331,321,374,356,411,1,493,520,522,417,420,428,465,358,455,436,433,405,481,253,39,467,1,2022-23,Bryn Forbes (2022-23),103.9,580,,
1631205,Buddy Boeheim,Buddy,1610612765,DET,23.0,10,2,8,0.2,9.0,0.5,2.7,0.185,0.4,2.5,0.16,0.2,0.2,1.0,0.2,0.4,0.6,0.4,0.0,0.2,0.0,0.0,0.6,0.1,1.6,0.3,3.5,0,0,3.4,468,491,442,505,459,508,451,529,374,252,472,476,495,1,475,522,522,485,519,464,491,499,493,520,503,209,518,253,39,515,1,2022-23,Buddy Boeheim (2022-23),99.57,186,,
1627741,Buddy Hield,Buddy,1610612754,IND,30.0,80,35,45,0.438,31.0,5.9,13.0,0.458,3.6,8.5,0.425,1.3,1.6,0.822,0.8,4.2,5.0,2.8,1.7,1.2,0.3,0.5,2.0,0.9,16.8,-1.1,29.7,3,0,31.2,15,137,27,372,90,83,81,260,7,9,44,198,220,168,213,88,109,131,101,47,232,141,190,339,77,337,97,130,39,80,1,2022-23,Buddy Hield (2022-23),102.05,5284,,
203468,CJ McCollum,CJ,1610612740,NOP,31.0,75,38,37,0.507,35.3,7.8,17.9,0.437,2.8,7.2,0.389,2.4,3.2,0.769,0.7,3.6,4.4,5.7,2.4,0.9,0.5,0.8,2.0,2.4,20.9,0.8,36.6,6,0,36.7,70,95,82,260,23,38,27,334,21,27,126,94,88,258,251,123,146,38,48,103,131,55,173,110,44,177,46,92,39,44,1,2022-23,CJ McCollum (2022-23),99.6,5497,,
1630595,Cade Cunningham,Cade,1610612765,DET,21.0,12,3,9,0.25,33.3,7.8,18.7,0.415,1.4,5.1,0.279,3.0,3.6,0.837,1.0,5.2,6.2,6.0,3.3,0.8,0.6,1.9,2.8,3.1,19.9,-5.0,37.3,3,0,36.3,460,481,436,484,56,43,18,409,142,85,408,65,73,141,157,58,69,33,16,133,100,1,43,73,59,511,45,130,39,46,1,2022-23,Cade Cunningham (2022-23),102.37,850,,
1631216,Caleb Houstan,Caleb,1610612753,ORL,20.0,51,20,31,0.392,15.9,1.3,3.6,0.363,0.9,2.7,0.338,0.3,0.4,0.833,0.7,1.3,1.9,0.6,0.4,0.2,0.1,0.1,1.2,0.3,3.8,-1.6,7.8,0,0,8.0,292,310,164,413,321,438,388,489,238,238,275,457,471,144,271,420,397,439,461,451,406,430,381,484,422,379,441,253,39,435,1,2022-23,Caleb Houstan (2022-23),100.65,1706,,
1628997,Caleb Martin,Caleb,1610612748,MIA,27.0,71,38,33,0.535,29.3,3.6,7.7,0.464,1.2,3.3,0.356,1.3,1.6,0.805,1.2,3.6,4.8,1.6,1.1,1.0,0.4,0.4,2.0,1.7,9.6,-0.1,21.1,2,0,20.2,109,95,138,214,119,192,184,244,185,187,229,204,222,197,117,126,117,220,201,80,160,223,172,176,191,253,182,155,39,184,1,2022-23,Caleb Martin (2022-23),97.87,4232,,
1629629,Cam Reddish,Cam,1610612757,POR,23.0,40,14,26,0.35,24.7,3.5,7.8,0.446,1.1,3.6,0.313,1.6,1.9,0.853,0.5,1.8,2.2,1.4,1.2,1.0,0.4,0.5,1.8,1.4,9.7,-4.8,17.3,0,0,17.1,350,386,250,439,180,204,179,302,199,164,357,159,190,116,347,351,367,256,187,90,219,141,233,229,188,508,237,253,39,228,2,2022-23,Cam Reddish (2022-23),101.35,2087,,
1630560,Cam Thomas,Cam,1610612751,BKN,21.0,57,30,27,0.526,16.6,3.5,8.0,0.441,0.9,2.3,0.383,2.6,3.1,0.868,0.1,1.5,1.7,1.4,1.1,0.4,0.1,0.2,1.0,2.2,10.6,-0.1,15.0,0,0,15.5,246,207,229,222,309,199,176,319,240,272,139,80,96,89,502,378,423,271,205,385,428,325,441,120,162,238,277,253,39,260,1,2022-23,Cam Thomas (2022-23),100.71,2000,,
1629661,Cameron Johnson,Cameron,1610612751,BKN,27.0,42,25,17,0.595,28.6,5.3,11.3,0.47,2.5,6.1,0.404,2.4,2.9,0.842,0.8,3.6,4.4,1.9,0.9,1.2,0.3,0.6,2.0,2.2,15.5,3.7,27.2,1,0,27.2,335,262,376,121,127,106,105,227,42,50,77,95,102,133,225,127,143,200,269,40,226,103,183,125,89,43,119,192,39,104,2,2022-23,Cameron Johnson (2022-23),99.02,2471,,
1626166,Cameron Payne,Cameron,1610612756,PHX,28.0,48,27,21,0.563,20.2,3.9,9.4,0.415,1.4,3.9,0.368,1.0,1.3,0.766,0.3,2.0,2.2,4.5,1.7,0.7,0.2,0.4,1.8,1.3,10.3,1.6,20.5,3,0,20.1,302,238,327,164,247,164,136,412,142,151,190,246,249,264,446,329,365,69,110,198,372,184,226,253,167,119,191,130,39,187,1,2022-23,Cameron Payne (2022-23),100.9,2033,,
1627747,Caris LeVert,Caris,1610612739,CLE,28.0,74,45,29,0.608,30.2,4.3,10.0,0.431,1.7,4.4,0.392,1.8,2.4,0.722,0.7,3.1,3.8,3.9,1.6,1.0,0.3,0.4,2.3,2.2,12.1,2.6,24.8,1,0,24.1,79,35,199,112,106,138,119,354,108,122,108,141,134,346,257,172,197,85,121,91,234,181,112,117,135,70,141,192,39,138,1,2022-23,Caris LeVert (2022-23),97.56,4543,,
1630637,Carlik Jones,Carlik,1610612741,CHI,25.0,7,4,3,0.571,8.0,0.9,2.1,0.4,0.4,0.9,0.5,0.7,1.1,0.625,0.1,0.6,0.7,0.9,0.3,0.3,0.0,0.3,0.3,0.7,2.9,3.7,5.6,0,0,5.4,482,468,496,149,474,486,476,436,361,417,10,313,288,445,498,512,515,383,483,423,491,291,522,380,467,41,486,253,39,483,1,2022-23,Carlik Jones (2022-23),103.34,121,,
1626224,Cedi Osman,Cedi,1610612739,CLE,28.0,77,48,29,0.623,20.1,3.1,6.9,0.451,1.5,4.1,0.372,1.0,1.4,0.694,0.3,2.0,2.3,1.5,0.7,0.5,0.1,0.3,1.6,1.5,8.7,3.0,14.8,1,0,15.2,46,16,199,104,249,233,220,282,132,139,174,259,242,381,417,328,358,243,343,322,400,291,292,218,224,58,283,192,39,267,1,2022-23,Cedi Osman (2022-23),97.56,3144,,
1628435,Chance Comanche,Chance,1610612757,POR,27.0,1,0,1,0.0,20.8,3.0,5.0,0.6,0.0,0.0,0.0,1.0,4.0,0.25,2.0,1.0,3.0,0.0,0.0,0.0,1.0,0.0,0.0,4.0,7.0,-29.0,13.6,0,0,12.0,531,528,516,528,232,240,311,49,492,524,492,248,64,509,44,458,274,525,519,513,32,499,528,42,271,539,309,253,39,333,1,2022-23,Chance Comanche (2022-23),102.77,45,,
1629646,Charles Bassey,Charles,1610612759,SAS,22.0,35,9,26,0.257,14.5,2.5,3.9,0.644,0.1,0.2,0.375,0.6,1.1,0.595,2.1,3.4,5.5,1.4,1.2,0.5,0.9,0.1,2.1,0.8,5.7,-0.9,17.4,0,0,15.5,379,426,250,482,356,284,369,24,464,481,159,345,303,459,37,151,87,269,188,321,39,456,156,348,331,328,234,253,39,261,1,2022-23,Charles Bassey (2022-23),103.25,1090,,
1631320,Chima Moneke,Chima,1610612758,SAC,27.0,2,1,1,0.5,4.0,0.5,1.0,0.5,0.0,0.0,0.0,0.0,1.0,0.0,1.0,0.0,1.0,0.5,1.0,0.0,0.0,0.0,1.0,0.5,1.0,-4.5,2.0,0,0,2.5,525,507,516,264,523,508,524,140,492,524,492,511,312,511,157,531,485,463,225,513,491,499,433,439,524,504,529,253,39,527,1,2022-23,Chima Moneke (2022-23),105.9,18,,
1629002,Chimezie Metu,Chimezie,1610612758,SAC,26.0,66,41,25,0.621,10.4,2.0,3.3,0.589,0.1,0.6,0.237,0.8,1.1,0.74,0.7,2.3,3.0,0.6,0.5,0.3,0.3,0.2,1.2,0.9,4.9,1.3,10.8,0,0,9.9,162,65,268,106,438,351,412,58,447,451,450,295,295,317,262,272,274,432,419,394,239,398,385,315,371,137,375,253,39,394,1,2022-23,Chimezie Metu (2022-23),106.03,1516,,
1628449,Chris Boucher,Chris,1610612761,TOR,30.0,76,39,37,0.513,20.0,3.4,7.0,0.493,0.8,2.5,0.328,1.7,2.2,0.762,2.1,3.5,5.5,0.4,0.5,0.6,0.8,0.5,1.9,1.8,9.4,-0.2,20.4,9,0,19.0,55,89,82,249,250,210,213,167,263,256,327,147,158,272,40,139,85,488,398,233,51,175,211,166,199,267,192,70,39,202,1,2022-23,Chris Boucher (2022-23),98.49,3136,,
1630537,Chris Duarte,Chris,1610612754,IND,26.0,46,19,27,0.413,19.5,2.7,7.2,0.369,1.2,3.8,0.316,1.3,1.6,0.847,0.4,2.1,2.5,1.4,0.9,0.5,0.2,0.4,1.4,1.4,7.9,-2.5,14.3,0,0,14.4,315,324,229,398,257,266,205,484,183,156,349,197,224,125,365,307,332,265,268,278,338,194,342,220,248,439,292,253,39,281,1,2022-23,Chris Duarte (2022-23),102.61,1920,,
101108,Chris Paul,Chris,1610612756,PHX,38.0,59,33,26,0.559,32.0,5.0,11.3,0.44,1.7,4.4,0.375,2.3,2.7,0.831,0.5,3.8,4.3,8.9,1.9,1.5,0.4,0.1,2.1,2.4,13.9,1.4,36.1,17,0,32.5,230,162,250,168,78,117,101,322,111,119,158,103,110,153,344,113,154,5,84,13,205,470,152,111,112,129,49,39,39,66,1,2022-23,Chris Paul (2022-23),97.76,3844,,
1629735,Chris Silva,Chris,1610612737,ATL,26.0,1,1,0,1.0,3.0,1.0,1.0,1.0,0.0,0.0,0.0,0.0,0.0,0.0,0.0,0.0,0.0,0.0,1.0,0.0,0.0,0.0,2.0,0.0,2.0,1.0,1.0,0,0,2.0,531,507,532,1,529,471,524,1,492,524,492,511,516,511,517,531,533,525,225,513,491,499,177,526,491,155,536,253,39,530,1,2022-23,Chris Silva (2022-23),127.29,8,,
1631128,Christian Braun,Christian,1610612743,DEN,22.0,76,49,27,0.645,15.5,1.9,3.8,0.495,0.4,1.3,0.354,0.5,0.8,0.625,0.6,1.8,2.4,0.8,0.5,0.5,0.2,0.3,1.3,0.6,4.7,-1.5,10.6,0,0,9.9,55,15,229,83,329,364,371,163,356,377,236,384,353,445,281,351,348,406,428,283,316,250,363,411,378,367,379,253,39,397,1,2022-23,Christian Braun (2022-23),99.87,2454,,
1631132,Christian Koloko,Christian,1610612761,TOR,23.0,58,29,29,0.5,13.8,1.2,2.6,0.48,0.0,0.2,0.083,0.6,1.0,0.627,1.4,1.5,2.9,0.5,0.3,0.4,1.0,0.3,2.2,0.8,3.1,2.7,11.2,0,0,9.3,240,220,199,264,373,445,456,203,486,484,487,342,308,444,96,382,282,453,466,375,35,234,135,341,449,68,368,253,39,403,1,2022-23,Christian Koloko (2022-23),100.54,1682,,
1626174,Christian Wood,Christian,1610612742,DAL,27.0,67,33,34,0.493,25.9,5.9,11.5,0.515,1.6,4.2,0.376,3.2,4.2,0.772,1.3,6.0,7.3,1.8,1.8,0.4,1.1,0.6,2.5,4.1,16.6,-0.7,30.9,12,0,30.4,145,162,121,292,166,86,97,124,125,133,156,61,57,250,110,31,42,205,94,326,29,110,79,40,80,305,85,53,39,85,1,2022-23,Christian Wood (2022-23),97.15,3519,,
1629643,Chuma Okeke,Chuma,1610612753,ORL,24.0,27,8,19,0.296,19.2,1.6,4.5,0.352,1.0,3.2,0.302,0.6,0.8,0.762,1.0,2.6,3.6,1.4,0.6,0.7,0.4,0.1,1.5,0.6,4.7,-4.4,13.8,0,0,12.9,414,436,346,461,270,404,340,498,227,201,379,359,367,272,172,227,223,270,366,183,178,422,328,422,377,501,302,253,39,313,1,2022-23,Chuma Okeke (2022-23),100.31,1082,,
203991,Clint Capela,Clint,1610612737,ATL,29.0,65,35,30,0.538,26.6,5.4,8.2,0.653,0.0,0.0,0.0,1.2,2.0,0.603,4.0,7.1,11.0,0.9,0.8,0.7,1.2,0.4,2.1,1.9,12.0,-0.5,31.5,35,0,27.7,171,137,184,207,154,103,167,22,492,520,492,212,171,457,3,15,7,372,293,192,23,199,151,149,138,291,81,14,39,99,1,2022-23,Clint Capela (2022-23),102.96,3716,,
1629632,Coby White,Coby,1610612741,CHI,23.0,74,37,37,0.5,23.4,3.6,8.0,0.443,1.7,4.6,0.372,0.8,0.9,0.871,0.2,2.6,2.9,2.8,1.0,0.7,0.1,0.3,1.6,1.3,9.7,1.9,18.7,1,0,18.6,79,110,82,264,200,197,174,311,104,107,171,293,334,83,467,217,291,134,225,177,462,254,269,256,189,102,223,192,39,208,1,2022-23,Coby White (2022-23),100.99,3640,,
1628998,Cody Martin,Cody,1610612766,CHA,27.0,7,2,5,0.286,19.1,2.0,5.1,0.389,0.4,2.0,0.214,0.6,1.0,0.571,1.1,2.3,3.4,1.6,0.3,0.6,0.1,0.6,1.9,0.9,5.0,-3.7,13.3,0,0,11.9,482,491,464,465,274,344,301,463,361,305,459,367,312,465,136,273,238,227,483,262,400,117,216,334,360,484,314,253,39,336,1,2022-23,Cody Martin (2022-23),104.1,291,,
203469,Cody Zeller,Cody,1610612748,MIA,30.0,15,6,9,0.4,14.4,2.5,3.9,0.627,0.0,0.1,0.0,1.6,2.3,0.686,1.7,2.6,4.3,0.7,0.9,0.2,0.3,0.2,2.2,2.2,6.5,-3.2,13.1,0,0,12.4,451,452,436,407,357,287,367,38,492,494,492,159,142,390,73,225,152,420,252,464,278,358,136,119,300,467,318,253,39,323,1,2022-23,Cody Zeller (2022-23),98.83,445,,
1630175,Cole Anthony,Cole,1610612753,ORL,23.0,60,28,32,0.467,25.9,4.6,10.2,0.454,1.3,3.4,0.364,2.5,2.8,0.894,0.8,4.0,4.8,3.9,1.5,0.6,0.5,0.4,2.6,2.1,13.0,-0.4,26.5,1,0,25.3,222,230,156,338,169,125,117,273,174,176,208,87,104,59,236,98,120,81,130,235,125,222,64,139,120,288,123,192,39,119,1,2022-23,Cole Anthony (2022-23),99.91,3220,,
1631306,Cole Swider,Cole,1610612747,LAL,24.0,7,2,5,0.286,5.9,0.4,1.3,0.333,0.4,1.1,0.375,0.0,0.0,0.0,0.1,0.9,1.0,0.6,0.0,0.0,0.0,0.0,0.4,0.1,1.3,0.4,3.3,0,0,3.3,482,491,464,465,498,520,513,507,361,389,159,511,516,511,498,477,485,448,519,513,491,499,512,512,519,202,519,253,39,518,1,2022-23,Cole Swider (2022-23),106.18,91,,
1629012,Collin Sexton,Collin,1610612762,UTA,24.0,48,24,24,0.5,23.9,4.9,9.8,0.506,1.0,2.5,0.393,3.4,4.1,0.819,0.8,1.4,2.2,2.9,1.8,0.6,0.1,1.1,2.3,3.6,14.3,-0.6,21.5,1,0,21.7,302,271,285,264,192,118,130,135,214,245,105,55,59,175,240,397,369,127,98,266,423,20,109,55,105,299,177,192,39,167,1,2022-23,Collin Sexton (2022-23),102.3,2427,,
1630557,Corey Kispert,Corey,1610612764,WAS,24.0,74,31,43,0.419,28.3,3.9,7.9,0.497,2.2,5.2,0.424,1.0,1.2,0.852,0.4,2.4,2.8,1.2,0.7,0.4,0.1,0.5,1.3,0.9,11.1,-1.7,17.1,0,0,18.4,79,191,37,389,138,162,177,159,55,78,45,247,277,118,349,264,295,313,324,334,432,154,367,322,153,381,241,253,39,211,1,2022-23,Corey Kispert (2022-23),100.22,4377,,
202709,Cory Joseph,Cory,1610612765,DET,31.0,62,12,50,0.194,19.8,2.4,5.7,0.427,1.1,2.9,0.389,0.9,1.2,0.792,0.3,1.4,1.7,3.5,0.9,0.5,0.1,0.3,1.4,1.2,6.9,-1.8,15.4,0,0,14.6,203,404,14,511,254,291,278,371,197,223,120,265,283,212,404,407,416,98,264,274,399,266,341,268,281,388,267,253,39,276,1,2022-23,Cory Joseph (2022-23),99.47,2541,,
1626156,D'Angelo Russell,D'Angelo,1610612747,LAL,27.0,71,39,32,0.549,32.5,6.3,13.4,0.469,2.7,6.9,0.396,2.5,3.0,0.829,0.5,2.5,3.0,6.2,2.6,1.0,0.4,0.3,2.0,2.6,17.8,1.2,32.2,9,0,32.5,109,89,156,187,70,77,72,229,25,35,97,89,97,159,335,235,271,28,41,89,176,255,185,95,70,146,73,70,39,67,2,2022-23,D'Angelo Russell (2022-23),101.24,4864,,
1630227,Daishen Nix,Daishen,1610612745,HOU,21.0,57,15,42,0.263,16.0,1.4,4.2,0.342,0.7,2.5,0.286,0.4,0.6,0.667,0.3,1.4,1.7,2.3,1.5,0.5,0.1,0.2,1.0,0.7,4.0,-2.6,10.0,0,0,10.0,246,369,42,480,317,423,355,503,294,263,396,420,404,403,422,401,414,167,132,277,428,351,427,379,411,443,399,253,39,387,1,2022-23,Daishen Nix (2022-23),101.05,1928,,
1630625,Dalano Banton,Dalano,1610612761,TOR,23.0,31,17,14,0.548,9.0,1.8,4.2,0.423,0.5,1.6,0.294,0.5,0.8,0.708,0.4,1.1,1.5,1.2,0.6,0.4,0.4,0.2,1.1,0.6,4.6,-1.1,10.0,0,0,9.4,396,347,393,188,460,379,354,379,346,331,389,379,371,364,396,447,448,317,384,343,168,340,418,400,385,341,398,253,39,400,1,2022-23,Dalano Banton (2022-23),101.15,589,,
1631207,Dalen Terry,Dalen,1610612741,CHI,20.0,38,19,19,0.5,5.6,0.8,1.9,0.444,0.2,0.7,0.259,0.4,0.6,0.667,0.3,0.7,1.0,0.6,0.2,0.3,0.1,0.2,0.6,0.5,2.2,0.3,5.3,0,0,4.8,359,324,346,264,503,487,490,305,433,432,424,439,425,403,422,503,495,444,495,420,416,381,488,439,483,207,490,253,39,490,1,2022-23,Dalen Terry (2022-23),102.64,456,,
1627745,Damian Jones,Damian,1610612762,UTA,28.0,41,12,29,0.293,11.6,1.3,2.1,0.64,0.2,0.4,0.588,0.5,0.7,0.759,1.0,2.0,3.0,0.4,0.6,0.2,0.5,0.3,1.3,0.8,3.5,-2.0,9.1,1,0,8.5,346,404,199,464,419,431,482,29,422,469,7,380,386,279,155,330,279,491,389,468,127,308,361,365,437,415,418,192,39,423,2,2022-23,Damian Jones (2022-23),104.87,1048,,
203081,Damian Lillard,Damian,1610612757,POR,32.0,58,27,31,0.466,36.3,9.6,20.7,0.463,4.2,11.3,0.371,8.8,9.6,0.914,0.8,4.0,4.8,7.3,3.3,0.9,0.3,0.8,1.9,7.1,32.2,1.8,49.1,16,2,50.8,240,238,164,343,8,15,4,246,3,2,179,3,5,44,242,97,122,13,13,121,244,57,213,5,3,109,9,41,11,5,1,2022-23,Damian Lillard (2022-23),99.78,4385,,
1627814,Damion Lee,Damion,1610612756,PHX,30.0,74,40,34,0.541,20.4,2.7,6.1,0.442,1.5,3.3,0.445,1.3,1.4,0.904,0.5,2.5,3.0,1.3,1.1,0.4,0.1,0.2,1.6,1.4,8.2,1.1,14.3,0,0,15.0,79,74,121,204,242,265,252,312,136,185,29,206,241,54,321,241,268,276,216,349,448,372,287,228,237,151,293,253,39,270,1,2022-23,Damion Lee (2022-23),101.13,3170,,
1629655,Daniel Gafford,Daniel,1610612764,WAS,24.0,78,32,46,0.41,20.6,3.7,5.1,0.732,0.0,0.0,0.0,1.6,2.4,0.679,2.1,3.5,5.6,1.1,1.1,0.4,1.3,0.4,2.4,2.2,9.0,-1.1,21.3,10,0,19.1,38,178,24,403,238,184,307,9,492,524,492,153,137,397,39,140,84,332,210,341,19,227,97,125,214,346,181,64,39,201,1,2022-23,Daniel Gafford (2022-23),99.88,3336,,
1628464,Daniel Theis,Daniel,1610612754,IND,31.0,7,1,6,0.143,15.5,3.0,6.3,0.477,0.3,1.6,0.182,0.7,1.7,0.417,1.0,2.1,3.1,1.3,0.4,0.3,0.9,0.4,1.0,1.4,7.0,-2.7,15.7,0,0,14.0,482,507,457,523,328,240,243,212,407,341,467,313,212,503,157,296,259,285,440,423,48,188,433,221,271,446,263,253,39,287,1,2022-23,Daniel Theis (2022-23),102.32,232,,
201980,Danny Green,Danny,1610612739,CLE,36.0,11,6,5,0.545,12.6,2.0,4.5,0.449,1.5,3.4,0.432,0.1,0.1,1.0,0.3,1.0,1.3,0.5,0.9,0.5,0.3,0.1,1.5,0.2,5.5,-1.5,9.4,0,0,10.5,465,452,464,195,400,344,341,286,139,183,38,503,511,1,438,458,466,450,261,275,269,475,332,505,341,370,409,253,39,371,2,2022-23,Danny Green (2022-23),100.17,289,,
1627863,Danuel House Jr.,Danuel,1610612755,PHI,30.0,56,38,18,0.679,14.4,1.7,3.5,0.472,0.7,2.0,0.336,0.8,1.1,0.75,0.2,1.5,1.7,0.8,0.5,0.3,0.2,0.1,1.2,0.9,4.8,-0.3,8.7,0,0,8.7,253,95,365,49,358,394,396,224,305,310,281,299,300,290,492,381,418,405,426,440,386,483,382,334,374,274,423,253,39,414,1,2022-23,Danuel House Jr. (2022-23),101.02,1689,,
203967,Dario Saric,Dario,1610612760,OKC,29.0,57,26,31,0.456,14.1,2.2,4.9,0.458,0.8,2.0,0.391,1.1,1.3,0.829,0.9,2.7,3.6,1.3,1.0,0.4,0.1,0.3,1.7,1.3,6.4,0.6,13.1,2,0,13.0,246,253,164,352,363,318,319,256,270,304,110,232,249,158,183,212,214,284,241,385,428,262,247,252,309,188,319,155,39,308,2,2022-23,Dario Saric (2022-23),100.8,1697,,
1629647,Darius Bazley,Darius,1610612756,PHX,23.0,43,19,24,0.442,14.3,1.9,4.3,0.454,0.5,1.2,0.377,0.9,1.6,0.543,0.8,2.4,3.2,0.9,0.6,0.5,0.8,0.6,1.0,1.2,5.2,-1.6,13.7,0,0,12.4,327,324,285,368,359,359,353,277,352,380,153,277,217,477,231,257,255,378,367,300,59,108,430,273,353,376,306,253,39,325,2,2022-23,Darius Bazley (2022-23),101.93,1298,,
1630620,Darius Days,Darius,1610612745,HOU,23.0,4,0,4,0.0,6.2,1.3,3.0,0.417,0.8,2.5,0.3,0.5,0.5,1.0,0.3,1.3,1.5,0.3,0.0,0.0,0.3,0.3,0.5,0.3,3.8,0.3,6.7,0,0,6.8,509,528,480,528,495,443,428,401,278,252,382,389,435,1,446,424,443,510,519,513,291,318,501,490,426,213,463,253,39,454,1,2022-23,Darius Days (2022-23),100.87,53,,
1629636,Darius Garland,Darius,1610612739,CLE,23.0,69,40,29,0.58,35.5,7.6,16.4,0.462,2.4,6.0,0.41,4.0,4.7,0.863,0.4,2.3,2.7,7.8,2.9,1.2,0.1,0.8,2.1,4.3,21.6,6.3,37.7,18,0,37.2,123,74,199,144,22,44,42,247,43,54,64,42,47,97,369,277,314,10,30,37,417,60,147,32,37,10,43,35,39,39,1,2022-23,Darius Garland (2022-23),97.1,4968,,
1630561,David Duke Jr.,David,1610612751,BKN,23.0,23,10,13,0.435,9.9,1.6,3.4,0.462,0.0,0.5,0.083,0.5,0.7,0.706,0.5,0.8,1.3,0.9,0.8,0.4,0.0,0.4,1.3,0.7,3.7,-1.5,7.2,0,0,6.9,425,418,407,375,447,405,403,250,480,455,487,385,378,366,338,485,467,365,309,333,484,187,359,370,430,369,451,253,39,451,1,2022-23,David Duke Jr. (2022-23),102.09,483,,
1631223,David Roddy,David,1610612763,MEM,22.0,70,44,26,0.629,18.0,2.6,6.0,0.429,0.9,3.0,0.307,0.6,0.9,0.631,0.7,2.0,2.8,0.8,0.8,0.4,0.3,0.3,1.5,0.8,6.7,-0.9,12.5,0,0,12.6,116,40,250,97,295,275,257,364,234,214,372,363,336,441,260,315,301,388,299,344,273,236,316,348,292,326,333,253,39,321,1,2022-23,David Roddy (2022-23),102.6,2686,,
1630558,Davion Mitchell,Davion,1610612758,SAC,24.0,80,47,33,0.588,18.1,2.3,5.0,0.454,0.8,2.5,0.32,0.3,0.4,0.806,0.2,1.1,1.3,2.3,0.8,0.6,0.2,0.2,1.4,1.2,5.6,0.0,12.1,0,0,11.5,15,22,138,130,291,309,313,276,271,261,345,453,464,194,475,446,463,169,314,273,348,411,344,275,335,233,344,253,39,343,1,2022-23,Davion Mitchell (2022-23),102.04,3040,,
202722,Davis Bertans,Davis,1610612742,DAL,30.0,45,20,25,0.444,10.9,1.5,3.6,0.431,1.2,3.1,0.39,0.3,0.3,0.867,0.2,1.0,1.2,0.5,0.2,0.2,0.2,0.1,1.2,0.6,4.6,-0.8,7.7,0,0,8.3,321,310,268,365,432,409,391,355,178,203,116,459,473,92,463,473,476,478,493,448,361,485,404,408,386,318,442,253,39,428,1,2022-23,Davis Bertans (2022-23),100.33,1031,,
1628432,Davon Reed,Davon,1610612743,DEN,28.0,43,29,14,0.674,8.0,0.7,2.0,0.333,0.4,1.1,0.37,0.4,0.6,0.667,0.2,1.1,1.4,0.5,0.5,0.3,0.1,0.1,0.9,0.3,2.1,-2.3,5.4,0,0,5.3,327,220,393,52,476,499,488,507,378,394,184,438,423,403,460,441,456,452,425,387,450,426,452,471,489,434,489,253,39,486,2,2022-23,Davon Reed (2022-23),102.29,732,,
1630549,Day'Ron Sharpe,Day'Ron,1610612751,BKN,21.0,48,22,26,0.458,11.5,1.9,3.6,0.544,0.1,0.2,0.545,0.7,1.1,0.636,2.1,2.1,4.2,0.8,0.9,0.3,0.7,0.4,1.9,0.9,4.7,-2.1,12.9,2,0,11.8,302,290,250,350,423,357,390,88,449,480,9,312,287,439,41,305,162,407,271,408,81,230,219,316,379,423,323,155,39,340,1,2022-23,Day'Ron Sharpe (2022-23),102.26,1178,,
1628368,De'Aaron Fox,De'Aaron,1610612758,SAC,25.0,73,44,29,0.603,33.4,9.3,18.2,0.512,1.6,5.0,0.324,4.7,6.0,0.78,0.5,3.6,4.2,6.1,2.5,1.1,0.3,0.7,2.4,4.7,25.0,2.4,41.1,11,0,39.9,92,40,199,118,55,17,23,126,114,88,336,27,23,233,315,122,159,30,46,48,240,70,105,25,20,80,30,56,39,30,1,2022-23,De'Aaron Fox (2022-23),103.08,5235,,
1629631,De'Andre Hunter,De'Andre,1610612737,ATL,25.0,67,35,32,0.522,31.7,5.7,12.3,0.461,1.5,4.3,0.35,2.6,3.1,0.826,0.7,3.6,4.2,1.4,1.2,0.5,0.3,0.7,3.0,3.3,15.4,-0.3,23.7,1,0,24.0,145,137,156,229,81,94,83,251,135,127,249,85,93,162,267,131,157,262,180,291,290,76,35,66,90,273,154,192,39,139,1,2022-23,De'Andre Hunter (2022-23),102.79,4556,,
1629001,De'Anthony Melton,De'Anthony,1610612755,PHI,25.0,77,50,27,0.649,27.9,3.6,8.5,0.425,2.0,5.2,0.39,0.9,1.1,0.793,0.9,3.2,4.1,2.6,1.3,1.6,0.5,0.3,2.5,1.0,10.1,1.3,24.0,0,0,23.1,46,13,229,78,144,191,159,376,68,76,118,274,290,211,193,169,178,150,161,8,123,253,84,308,173,138,148,253,39,147,1,2022-23,De'Anthony Melton (2022-23),97.76,4372,,
201599,DeAndre Jordan,DeAndre,1610612743,DEN,34.0,39,23,16,0.59,15.0,2.3,2.9,0.765,0.0,0.0,1.0,0.6,1.2,0.458,1.3,3.8,5.2,0.9,1.2,0.3,0.6,0.2,1.8,1.4,5.1,-3.1,14.1,2,0,13.0,356,281,379,127,339,312,437,6,484,517,1,372,269,499,103,108,100,381,179,411,97,418,231,235,357,461,296,155,39,311,1,2022-23,DeAndre Jordan (2022-23),100.16,1215,,
201942,DeMar DeRozan,DeMar,1610612741,CHI,33.0,74,37,37,0.5,36.2,8.9,17.6,0.504,0.6,1.9,0.324,6.2,7.1,0.872,0.5,4.2,4.6,5.1,2.1,1.1,0.5,0.8,2.5,5.4,24.5,0.9,40.5,6,0,38.1,79,110,82,264,9,22,32,138,313,314,338,11,14,80,342,86,130,54,71,53,137,45,82,18,24,163,31,92,39,36,1,2022-23,DeMar DeRozan (2022-23),99.82,5569,,
1629731,Dean Wade,Dean,1610612739,CLE,26.0,44,30,14,0.682,20.3,1.7,4.0,0.412,1.0,2.9,0.354,0.3,0.5,0.652,0.5,3.0,3.4,0.8,0.4,0.6,0.5,0.2,2.0,0.6,4.7,2.5,13.0,0,0,12.2,325,207,393,46,245,395,361,414,213,225,234,444,430,430,345,188,240,389,449,222,140,414,175,406,381,79,321,253,39,327,1,2022-23,Dean Wade (2022-23),98.09,1817,,
1629028,Deandre Ayton,Deandre,1610612756,PHX,24.0,67,36,31,0.537,30.4,7.8,13.2,0.589,0.1,0.4,0.292,2.3,3.0,0.76,2.6,7.4,10.0,1.7,1.8,0.6,0.8,0.6,2.8,2.5,18.0,-0.1,34.7,36,0,32.4,145,126,164,209,100,41,75,59,457,473,390,100,99,275,19,12,12,211,95,272,58,114,42,103,68,243,60,11,39,68,1,2022-23,Deandre Ayton (2022-23),98.63,4178,,
1627749,Dejounte Murray,Dejounte,1610612737,ATL,26.0,74,38,36,0.514,36.4,8.3,17.8,0.464,1.8,5.2,0.344,2.1,2.6,0.832,0.7,4.5,5.3,6.1,2.2,1.5,0.3,0.8,1.4,2.1,20.5,-0.8,39.0,8,1,37.1,79,95,91,247,7,29,30,242,98,77,266,110,120,152,257,73,98,32,62,15,285,62,337,133,49,322,36,80,17,41,1,2022-23,Dejounte Murray (2022-23),101.67,5705,,
1626153,Delon Wright,Delon,1610612764,WAS,31.0,50,26,24,0.52,24.4,2.8,5.8,0.474,0.8,2.4,0.345,1.0,1.2,0.867,1.2,2.4,3.6,3.9,0.9,1.8,0.3,0.3,1.2,1.6,7.4,1.4,23.2,0,0,20.0,294,253,285,234,184,259,265,220,261,269,264,242,275,92,132,253,219,83,270,4,224,300,403,194,259,132,162,253,39,188,1,2022-23,Delon Wright (2022-23),99.45,2525,,
1630166,Deni Avdija,Deni,1610612764,WAS,22.0,76,33,43,0.434,26.6,3.3,7.6,0.437,0.9,3.1,0.297,1.6,2.2,0.739,1.0,5.4,6.4,2.8,1.6,0.9,0.4,0.5,2.8,1.8,9.2,-0.7,23.1,11,0,21.7,55,162,37,376,155,218,188,333,236,211,387,158,160,319,169,46,62,133,116,126,197,166,52,171,206,302,163,56,39,164,1,2022-23,Deni Avdija (2022-23),99.76,4192,,
203471,Dennis Schröder,Dennis,1610612747,LAL,29.0,66,37,29,0.561,30.1,4.1,9.8,0.415,1.1,3.4,0.329,3.3,3.8,0.857,0.3,2.2,2.5,4.5,1.7,0.8,0.2,0.7,2.2,2.8,12.6,1.9,23.4,2,0,22.5,162,110,199,167,108,148,127,407,201,177,324,60,68,104,419,288,332,65,106,166,391,81,138,82,128,107,158,155,39,152,1,2022-23,Dennis Schröder (2022-23),101.8,4215,,
1628372,Dennis Smith Jr.,Dennis,1610612766,CHA,25.0,54,19,35,0.352,25.7,3.4,8.4,0.412,0.4,2.1,0.216,1.4,2.0,0.736,0.5,2.6,3.1,4.8,1.5,1.4,0.5,0.7,2.3,1.5,8.8,-1.3,23.8,1,0,20.9,270,324,100,438,172,208,161,416,357,299,456,181,177,327,330,227,264,59,129,23,147,80,125,208,221,357,151,192,39,176,1,2022-23,Dennis Smith Jr. (2022-23),102.11,2960,,
1629126,Deonte Burton,Deonte,1610612758,SAC,29.0,2,1,1,0.5,3.2,0.0,1.0,0.0,0.0,0.5,0.0,0.0,0.0,0.0,0.0,0.0,0.0,0.0,0.0,0.0,0.0,0.5,0.0,0.5,0.0,2.5,0.0,0,0,0.0,525,507,516,264,526,534,524,534,492,456,492,511,516,511,517,531,533,525,519,513,491,141,528,439,535,76,537,253,39,538,1,2022-23,Deonte Burton (2022-23),110.8,14,,
1631220,Dereon Seabron,Dereon,1610612740,NOP,23.0,5,2,3,0.4,2.3,0.4,1.0,0.4,0.0,0.0,0.0,0.0,0.0,0.0,0.2,0.0,0.2,0.0,0.0,0.0,0.0,0.2,0.2,0.0,0.8,2.0,1.0,0,0,1.0,499,491,496,407,535,521,524,436,492,524,492,511,516,511,475,531,532,525,519,513,491,358,523,526,531,96,535,253,39,536,1,2022-23,Dereon Seabron (2022-23),101.38,25,,
1627884,Derrick Jones Jr.,Derrick,1610612741,CHI,26.0,64,29,35,0.453,14.0,1.8,3.6,0.5,0.4,1.3,0.338,1.0,1.3,0.738,0.9,1.5,2.4,0.5,0.4,0.5,0.6,0.3,1.3,1.0,5.0,1.9,11.4,0,0,10.4,181,220,100,356,369,377,385,140,368,378,279,260,252,322,181,390,346,455,446,323,103,281,360,298,364,104,365,253,39,375,1,2022-23,Derrick Jones Jr. (2022-23),101.46,1886,,
201565,Derrick Rose,Derrick,1610612752,NYK,34.0,27,12,15,0.444,12.5,2.3,5.9,0.384,0.7,2.3,0.302,0.4,0.4,0.917,0.3,1.2,1.5,1.7,0.8,0.3,0.2,0.5,0.7,0.5,5.6,-1.1,10.5,0,0,10.4,414,404,388,365,402,310,262,472,293,272,381,423,450,41,428,437,446,213,297,436,352,160,482,448,334,339,382,253,39,373,1,2022-23,Derrick Rose (2022-23),103.78,729,,
1628401,Derrick White,Derrick,1610612738,BOS,28.0,82,57,25,0.695,28.3,4.3,9.2,0.462,1.8,4.8,0.381,2.0,2.3,0.875,0.6,2.9,3.6,3.9,1.2,0.7,0.9,0.4,2.2,2.5,12.4,6.0,26.2,7,0,24.9,2,1,268,38,139,141,143,249,96,100,144,120,141,74,280,191,221,82,190,212,42,192,146,101,133,12,127,86,39,128,1,2022-23,Derrick White (2022-23),99.87,4807,,
1630217,Desmond Bane,Desmond,1610612763,MEM,25.0,58,38,20,0.655,31.7,7.8,16.2,0.479,2.9,7.0,0.408,3.1,3.5,0.883,0.7,4.3,5.0,4.4,2.2,1.0,0.4,1.3,2.6,2.6,21.5,6.1,36.0,1,0,36.4,240,95,341,70,80,42,43,207,18,33,69,64,75,67,249,83,108,73,61,92,199,12,74,97,39,11,53,192,39,45,1,2022-23,Desmond Bane (2022-23),103.27,3962,,
1626164,Devin Booker,Devin,1610612756,PHX,26.0,53,34,19,0.642,34.6,9.9,20.1,0.494,2.1,6.0,0.351,5.8,6.8,0.855,0.9,3.7,4.5,5.5,2.7,1.0,0.3,0.8,3.0,5.4,27.8,4.7,42.7,5,0,42.5,277,149,346,85,35,10,10,165,62,55,243,14,16,111,201,118,135,42,38,94,225,52,31,17,11,27,24,105,39,19,1,2022-23,Devin Booker (2022-23),99.18,3797,,
1630170,Devin Vassell,Devin,1610612759,SAS,22.0,38,12,26,0.316,31.0,6.9,15.7,0.439,2.7,7.0,0.387,2.1,2.6,0.78,0.2,3.7,3.9,3.6,1.5,1.1,0.4,0.5,1.5,1.8,18.5,-7.8,31.8,0,0,31.8,359,404,250,456,92,63,49,327,26,34,127,118,116,231,470,115,190,95,135,50,155,166,322,171,67,532,78,253,39,73,1,2022-23,Devin Vassell (2022-23),103.67,2546,,
1629653,Devon Dotson,Devon,1610612764,WAS,23.0,6,1,5,0.167,8.9,0.2,1.7,0.1,0.2,0.7,0.25,0.0,0.0,0.0,1.0,0.7,1.7,1.3,0.5,0.8,0.0,0.3,1.5,0.2,0.5,-0.5,6.5,0,0,5.3,493,507,464,517,462,533,500,533,436,435,432,511,516,511,157,499,423,277,410,133,491,243,322,507,533,294,469,253,39,485,1,2022-23,Devon Dotson (2022-23),98.08,110,,
1628984,Devonte' Graham,Devonte',1610612759,SAS,28.0,73,31,42,0.425,18.3,2.2,5.9,0.374,1.6,4.6,0.352,1.3,1.8,0.748,0.3,1.4,1.7,2.7,0.7,0.6,0.2,0.2,1.1,1.5,7.4,-2.2,15.2,0,0,15.0,92,191,42,385,286,321,261,480,114,108,242,194,199,307,443,398,422,139,329,236,321,409,421,214,258,428,272,253,39,269,2,2022-23,Devonte' Graham (2022-23),102.17,2857,,
203473,Dewayne Dedmon,Dewayne,1610612755,PHI,33.0,38,23,15,0.605,11.2,2.0,4.0,0.51,0.3,1.0,0.308,0.9,1.3,0.673,0.9,2.6,3.5,0.7,0.7,0.2,0.5,0.4,2.0,1.3,5.2,-3.3,12.0,0,0,11.2,359,281,388,115,428,343,366,130,405,399,366,280,258,402,194,221,227,415,354,450,132,191,184,258,349,469,346,253,39,350,2,2022-23,Dewayne Dedmon (2022-23),102.48,897,,
1628415,Dillon Brooks,Dillon,1610612763,MEM,27.0,73,46,27,0.63,30.3,5.4,13.6,0.396,2.0,6.0,0.326,1.6,2.1,0.779,0.6,2.7,3.3,2.6,1.4,0.9,0.2,0.5,3.3,1.8,14.3,2.8,24.1,0,0,24.5,92,32,229,95,102,104,69,448,82,51,331,151,165,234,292,208,245,147,146,118,321,135,13,168,104,64,144,253,39,130,1,2022-23,Dillon Brooks (2022-23),101.92,4690,,
1627734,Domantas Sabonis,Domantas,1610612758,SAC,27.0,79,47,32,0.595,34.6,7.3,11.9,0.615,0.4,1.1,0.373,4.1,5.5,0.742,3.2,9.1,12.3,7.3,2.9,0.8,0.5,0.8,3.5,4.7,19.1,2.7,45.8,65,14,41.7,27,22,156,122,36,54,88,43,379,395,168,39,29,314,11,3,2,14,28,142,136,53,6,24,64,69,14,1,2,24,1,2022-23,Domantas Sabonis (2022-23),100.46,5720,,
1631230,Dominick Barlow,Dominick,1610612759,SAS,20.0,28,5,23,0.179,14.6,1.6,3.1,0.535,0.0,0.1,0.0,0.6,0.9,0.72,1.6,2.0,3.6,0.9,0.5,0.4,0.7,0.3,2.0,0.8,3.9,-3.9,12.2,2,0,10.5,411,459,303,516,355,396,425,99,492,493,492,341,343,348,77,318,213,383,400,379,80,291,177,354,413,489,342,155,39,368,1,2022-23,Dominick Barlow (2022-23),105.11,887,,
1628378,Donovan Mitchell,Donovan,1610612739,CLE,26.0,68,44,24,0.647,35.8,10.0,20.6,0.484,3.6,9.3,0.386,4.7,5.4,0.867,0.9,3.3,4.3,4.4,2.6,1.5,0.4,0.8,2.5,4.1,28.3,5.0,42.9,5,0,44.3,133,40,285,80,14,8,6,193,6,5,130,28,31,91,184,154,155,71,39,19,189,48,85,38,10,20,21,105,39,15,1,2022-23,Donovan Mitchell (2022-23),96.89,4932,,
1631495,Donovan Williams,Donovan,1610612737,ATL,21.0,2,1,1,0.5,2.1,1.0,2.5,0.4,0.0,1.0,0.0,0.0,0.0,0.0,0.0,1.0,1.0,0.0,0.0,0.0,0.0,0.0,0.0,0.0,2.0,3.0,3.2,0,0,3.0,525,507,516,264,536,471,461,436,492,400,492,511,516,511,517,458,485,525,519,513,491,499,528,526,491,53,522,253,39,521,1,2022-23,Donovan Williams (2022-23),112.94,10,,
1628978,Donte DiVincenzo,Donte,1610612744,GSW,26.0,72,42,30,0.583,26.3,3.3,7.5,0.435,2.1,5.3,0.397,0.8,1.0,0.817,1.1,3.4,4.5,3.5,1.6,1.3,0.1,0.2,1.8,1.6,9.4,1.7,23.0,4,0,22.5,102,60,184,137,158,221,193,343,64,74,96,298,323,178,141,146,136,98,122,30,404,346,220,203,197,116,166,118,39,153,1,2022-23,Donte DiVincenzo (2022-23),104.2,4115,,
1627827,Dorian Finney-Smith,Dorian,1610612751,BKN,30.0,66,31,35,0.47,30.4,3.0,7.6,0.391,1.7,5.1,0.337,0.7,0.9,0.763,1.7,3.1,4.8,1.5,0.9,0.8,0.5,0.3,2.2,0.8,8.3,-0.1,19.6,2,0,19.1,162,191,100,332,98,243,190,460,105,83,280,325,342,271,65,177,121,238,248,133,113,274,142,340,231,249,207,155,39,200,2,2022-23,Dorian Finney-Smith (2022-23),96.9,4057,,
203926,Doug McDermott,Doug,1610612759,SAS,31.0,64,19,45,0.297,20.5,3.7,8.2,0.457,1.9,4.7,0.413,0.8,1.1,0.757,0.4,1.8,2.2,1.4,0.9,0.2,0.1,0.4,1.8,0.8,10.2,-3.7,14.9,0,0,16.3,181,324,27,460,239,180,169,262,88,106,60,291,298,283,393,348,373,257,263,463,449,226,222,350,169,482,280,253,39,247,1,2022-23,Doug McDermott (2022-23),104.39,2876,,
203110,Draymond Green,Draymond,1610612744,GSW,33.0,73,41,32,0.562,31.5,3.4,6.5,0.527,0.5,1.8,0.305,1.1,1.5,0.713,0.9,6.3,7.2,6.8,2.8,1.0,0.8,0.3,3.1,2.0,8.5,4.7,30.1,11,0,26.7,92,65,156,166,84,211,233,108,334,323,373,239,233,360,190,29,46,18,34,78,53,305,23,141,229,26,92,56,39,107,1,2022-23,Draymond Green (2022-23),104.05,4979,,
1629234,Drew Eubanks,Drew,1610612757,POR,26.0,78,31,47,0.397,20.3,2.7,4.3,0.641,0.1,0.2,0.389,1.1,1.6,0.664,1.7,3.7,5.4,1.3,0.9,0.5,1.3,0.1,2.2,1.7,6.6,-1.7,19.7,3,0,17.1,38,191,21,412,244,260,351,26,460,479,120,237,221,423,71,117,94,283,278,299,17,453,143,186,295,382,203,130,39,232,1,2022-23,Drew Eubanks (2022-23),100.32,3312,,
1630696,Dru Smith,Dru,1610612751,BKN,25.0,15,7,8,0.467,10.6,1.2,3.0,0.4,0.3,1.3,0.263,0.2,0.2,1.0,0.1,1.5,1.6,1.5,0.2,0.7,0.3,0.2,1.5,0.2,2.9,-1.9,9.7,0,0,8.2,451,442,442,338,436,453,428,436,392,375,420,476,495,1,504,387,435,249,497,206,278,358,313,500,462,395,404,253,39,432,2,2022-23,Dru Smith (2022-23),100.44,332,,
1630613,Duane Washington Jr.,Duane,1610612752,NYK,23.0,31,17,14,0.548,12.7,3.0,8.3,0.367,1.3,3.6,0.36,0.5,0.8,0.667,0.1,1.1,1.2,2.0,1.1,0.2,0.1,0.5,0.7,0.9,7.9,-0.2,12.2,0,0,13.0,396,347,393,188,396,237,165,486,165,168,219,387,371,403,512,447,478,184,207,469,421,137,473,332,247,261,341,253,39,309,1,2022-23,Duane Washington Jr. (2022-23),102.14,837,,
1629130,Duncan Robinson,Duncan,1610612748,MIA,29.0,42,19,23,0.452,16.4,2.1,5.6,0.371,1.5,4.6,0.328,0.7,0.8,0.906,0.2,1.5,1.6,1.1,0.7,0.3,0.0,0.1,1.8,0.8,6.4,-1.3,10.3,0,0,11.3,335,324,303,358,311,332,279,481,133,109,326,323,373,48,486,391,431,331,345,394,491,446,226,359,308,360,386,253,39,348,1,2022-23,Duncan Robinson (2022-23),98.82,1428,,
203939,Dwight Powell,Dwight,1610612742,DAL,31.0,76,37,39,0.487,19.2,2.6,3.5,0.732,0.0,0.1,0.0,1.5,2.2,0.667,2.0,2.2,4.1,0.9,0.9,0.6,0.3,0.2,2.8,2.5,6.7,2.2,15.0,1,0,13.6,55,110,60,304,271,273,392,8,492,507,492,175,158,403,50,291,165,368,281,229,222,345,52,102,291,89,276,192,39,291,1,2022-23,Dwight Powell (2022-23),97.73,2961,,
1629685,Dylan Windler,Dylan,1610612739,CLE,26.0,3,3,0,1.0,3.5,0.7,1.0,0.667,0.3,0.7,0.5,0.0,0.0,0.0,0.0,0.0,0.0,0.3,0.3,0.3,0.0,0.0,0.0,0.0,1.7,-0.3,2.8,0,0,3.0,520,481,532,1,525,495,524,16,392,435,10,511,516,511,517,531,533,497,469,394,491,499,528,526,501,282,525,253,39,521,1,2022-23,Dylan Windler (2022-23),87.83,18,,
1630700,Dyson Daniels,Dyson,1610612740,NOP,20.0,59,33,26,0.559,17.7,1.5,3.5,0.418,0.5,1.5,0.314,0.4,0.7,0.65,0.6,2.6,3.2,2.3,1.0,0.7,0.2,0.2,1.7,0.7,3.8,-0.1,12.9,0,0,11.6,230,162,250,168,300,416,394,398,353,352,355,412,394,434,294,230,256,173,240,178,351,396,263,386,419,247,324,253,39,341,1,2022-23,Dyson Daniels (2022-23),103.17,2233,,
1628410,Edmond Sumner,Edmond,1610612751,BKN,27.0,53,33,20,0.623,13.9,2.3,5.1,0.461,0.6,1.6,0.356,1.9,2.0,0.917,0.2,1.2,1.5,1.3,0.9,0.6,0.2,0.5,1.6,1.7,7.1,0.5,12.2,0,0,12.0,277,162,341,105,371,302,305,252,324,332,227,132,170,41,456,430,445,288,245,254,347,170,299,183,266,199,339,253,39,332,1,2022-23,Edmond Sumner (2022-23),102.99,1579,,
201569,Eric Gordon,Eric,1610612746,LAC,34.0,69,25,44,0.362,28.5,4.2,9.5,0.446,1.9,5.2,0.371,2.1,2.5,0.821,0.2,1.7,1.9,2.7,1.5,0.6,0.4,0.4,1.1,1.9,12.4,-3.0,20.2,0,0,20.9,123,262,30,428,132,142,135,301,90,80,180,117,124,171,461,358,396,143,133,232,213,178,413,152,132,460,197,253,39,174,2,2022-23,Eric Gordon (2022-23),102.17,4198,,
1630647,Eugene Omoruyi,Eugene,1610612765,DET,26.0,40,10,30,0.25,16.1,2.5,5.7,0.443,0.6,2.2,0.281,1.3,1.9,0.68,1.1,1.7,2.8,0.7,0.9,0.7,0.1,0.6,2.3,1.8,7.0,-1.0,12.8,0,0,12.6,350,418,184,484,315,280,274,310,310,286,405,205,190,396,147,360,300,413,283,185,471,126,118,169,274,336,326,253,39,319,2,2022-23,Eugene Omoruyi (2022-23),99.3,1328,,
203095,Evan Fournier,Evan,1610612752,NYK,30.0,27,15,12,0.556,17.0,2.1,6.1,0.337,1.3,4.2,0.307,0.7,0.8,0.857,0.1,1.7,1.8,1.3,0.8,0.6,0.1,0.1,1.7,0.7,6.1,-2.0,11.6,0,0,12.0,414,369,418,172,304,338,249,505,164,130,369,329,367,104,497,364,407,277,297,247,437,422,257,395,320,409,355,253,39,335,1,2022-23,Evan Fournier (2022-23),100.46,956,,
1630596,Evan Mobley,Evan,1610612739,CLE,22.0,79,48,31,0.608,34.4,6.6,12.0,0.554,0.3,1.3,0.216,2.6,3.8,0.674,2.4,6.6,9.0,2.8,1.8,0.8,1.5,0.8,2.8,3.2,16.2,4.3,36.2,24,0,32.8,27,16,164,113,41,68,86,77,411,372,458,82,66,401,26,22,23,130,91,165,10,56,51,70,84,30,48,25,39,65,1,2022-23,Evan Mobley (2022-23),97.02,5481,,
1630267,Facundo Campazzo,Facundo,1610612742,DAL,32.0,8,2,6,0.25,6.5,0.4,1.6,0.231,0.4,1.4,0.273,0.1,0.3,0.5,0.0,0.3,0.3,1.1,0.4,0.8,0.0,0.1,0.4,0.3,1.3,1.4,5.1,0,0,4.5,479,491,457,484,492,524,503,526,381,363,414,494,487,482,517,527,531,327,451,168,491,440,517,490,520,133,493,253,39,496,1,2022-23,Facundo Campazzo (2022-23),99.84,108,,
1628402,Frank Jackson,Frank,1610612756,PHX,25.0,1,0,1,0.0,5.1,0.0,3.0,0.0,0.0,1.0,0.0,0.0,0.0,0.0,1.0,1.0,2.0,1.0,0.0,0.0,0.0,0.0,0.0,0.0,0.0,-2.0,3.9,0,0,3.0,531,528,516,528,515,534,428,534,492,400,492,511,516,511,157,458,390,342,519,513,491,499,528,526,535,409,510,253,39,521,1,2022-23,Frank Jackson (2022-23),85.54,9,,
1626163,Frank Kaminsky,Frank,1610612745,HOU,30.0,36,13,23,0.361,6.5,0.9,1.8,0.492,0.4,0.9,0.394,0.4,0.4,0.875,0.2,1.3,1.4,0.9,0.3,0.2,0.1,0.1,0.6,0.3,2.5,-0.1,6.1,0,0,5.7,373,391,303,429,491,485,497,171,387,413,104,431,450,74,485,424,450,375,489,480,437,477,491,478,476,244,476,253,39,478,2,2022-23,Frank Kaminsky (2022-23),102.08,502,,
1628373,Frank Ntilikina,Frank,1610612742,DAL,24.0,47,20,27,0.426,12.9,1.0,2.8,0.364,0.4,1.4,0.254,0.5,0.7,0.667,0.1,1.2,1.3,1.2,0.6,0.3,0.1,0.1,1.4,0.7,2.9,0.7,7.2,0,0,6.8,311,310,229,384,392,470,443,487,386,356,430,404,389,403,496,438,462,301,371,392,395,421,353,391,465,181,454,253,39,453,1,2022-23,Frank Ntilikina (2022-23),101.67,1273,,
1630532,Franz Wagner,Franz,1610612753,ORL,21.0,80,33,47,0.413,32.6,6.8,14.0,0.485,1.6,4.5,0.361,3.4,4.0,0.842,0.9,3.2,4.1,3.5,2.1,1.0,0.2,1.1,2.3,3.6,18.6,0.6,30.2,2,0,30.2,15,162,21,399,64,64,67,191,116,113,217,57,62,134,198,161,166,96,69,93,326,22,115,57,66,190,91,155,39,87,1,2022-23,Franz Wagner (2022-23),101.14,5491,,
1627832,Fred VanVleet,Fred,1610612761,TOR,29.0,69,34,35,0.493,36.7,6.3,16.1,0.393,3.0,8.8,0.342,3.7,4.1,0.898,0.4,3.6,4.1,7.2,2.0,1.8,0.6,0.8,2.8,3.2,19.3,2.8,39.9,10,1,38.2,123,149,100,291,6,74,45,455,14,8,271,50,61,57,354,125,174,15,74,6,112,44,46,68,61,63,34,64,17,35,1,2022-23,Fred VanVleet (2022-23),98.23,5199,,
1627788,Furkan Korkmaz,Furkan,1610612755,PHI,25.0,37,24,13,0.649,9.6,1.3,3.0,0.432,0.5,1.2,0.391,0.7,1.0,0.722,0.2,1.0,1.1,0.6,0.6,0.3,0.1,0.2,0.5,0.7,3.8,0.1,6.4,0,0,6.7,365,271,407,79,451,436,428,351,345,379,110,319,328,346,491,472,479,438,358,432,462,349,506,374,423,231,470,253,39,457,1,2022-23,Furkan Korkmaz (2022-23),103.06,755,,
1629216,Gabe Vincent,Gabe,1610612748,MIA,27.0,68,37,31,0.544,25.9,3.4,8.3,0.402,1.7,5.1,0.334,1.0,1.1,0.872,0.4,1.7,2.1,2.5,1.4,0.9,0.1,0.3,2.3,1.4,9.4,-0.4,17.3,0,0,17.7,133,110,164,199,168,217,162,433,107,82,291,248,285,81,377,355,376,154,153,110,474,301,123,227,196,286,236,253,39,223,1,2022-23,Gabe Vincent (2022-23),98.16,3595,,
1628221,Gabe York,Gabe,1610612754,IND,29.0,3,1,2,0.333,18.6,2.7,7.0,0.381,2.0,6.0,0.333,0.7,0.7,1.0,0.0,2.0,2.0,1.7,0.0,0.7,0.0,0.7,1.7,1.3,8.0,8.0,14.9,0,0,15.0,520,507,512,442,283,267,211,473,72,52,292,329,397,1,517,318,390,214,519,206,491,84,266,245,242,3,281,253,39,271,1,2022-23,Gabe York (2022-23),101.02,119,,
202066,Garrett Temple,Garrett,1610612740,NOP,37.0,25,16,9,0.64,6.5,0.7,1.8,0.4,0.4,1.0,0.423,0.1,0.2,0.75,0.2,0.5,0.7,0.5,0.2,0.4,0.1,0.1,0.6,0.1,2.0,-0.7,4.8,0,0,4.5,419,357,436,87,493,493,493,436,359,396,48,497,503,290,475,517,516,460,509,376,465,480,493,523,491,304,500,253,39,495,1,2022-23,Garrett Temple (2022-23),107.38,363,,
1629726,Garrison Mathews,Garrison,1610612737,ATL,26.0,54,16,38,0.296,12.7,1.4,3.7,0.363,1.2,3.3,0.35,0.9,1.0,0.906,0.2,1.1,1.4,0.5,0.4,0.4,0.1,0.0,1.1,0.9,4.8,-1.6,8.4,0,0,8.8,270,357,69,461,395,429,376,488,190,186,244,275,324,49,473,440,459,473,462,328,452,495,410,313,376,375,433,253,39,412,2,2022-23,Garrison Mathews (2022-23),101.98,1461,,
203914,Gary Harris,Gary,1610612753,ORL,28.0,48,22,26,0.458,24.7,2.9,6.4,0.45,2.0,4.5,0.431,0.6,0.6,0.9,0.4,1.6,2.0,1.2,0.6,0.9,0.3,0.3,1.9,0.8,8.3,-1.8,15.5,0,0,15.9,302,290,250,350,181,249,239,285,83,111,39,373,406,56,352,374,387,303,382,100,291,286,193,362,233,387,265,253,39,251,1,2022-23,Gary Harris (2022-23),100.45,2472,,
1627780,Gary Payton II,Gary,1610612744,GSW,30.0,22,13,9,0.591,16.7,1.9,3.1,0.594,0.6,1.2,0.5,0.3,0.3,0.857,1.1,2.0,3.1,1.4,0.7,1.0,0.2,0.0,2.0,0.4,4.6,1.8,13.4,0,0,12.1,430,391,436,126,307,369,422,54,321,386,10,462,481,104,145,314,260,273,328,80,312,491,188,468,384,112,313,253,39,329,2,2022-23,Gary Payton II (2022-23),99.76,763,,
1629018,Gary Trent Jr.,Gary,1610612761,TOR,24.0,66,31,35,0.47,32.1,6.1,14.2,0.433,2.5,6.8,0.369,2.6,3.1,0.839,0.5,2.2,2.6,1.6,0.8,1.6,0.2,0.5,1.5,2.0,17.4,-0.8,27.5,0,0,27.7,162,191,100,332,75,78,65,349,37,37,186,81,90,137,345,292,321,225,289,11,327,157,307,140,73,315,116,253,39,100,1,2022-23,Gary Trent Jr. (2022-23),99.89,4425,,
201588,George Hill,George,1610612754,IND,37.0,46,27,19,0.587,18.1,1.7,3.6,0.47,0.7,2.1,0.358,0.9,1.2,0.764,0.3,1.5,1.8,2.4,0.7,0.6,0.1,0.2,1.2,1.2,5.0,0.9,12.2,0,0,11.4,315,238,346,133,290,389,383,228,285,298,225,267,276,268,416,379,403,160,325,264,417,389,397,270,359,165,340,253,39,344,2,2022-23,George Hill (2022-23),102.27,1779,,
1627777,Georges Niang,Georges,1610612755,PHI,30.0,78,51,27,0.654,19.4,2.8,6.4,0.442,2.0,4.9,0.401,0.5,0.6,0.867,0.2,2.1,2.4,1.0,0.7,0.4,0.2,0.2,1.9,0.6,8.2,1.0,13.5,0,0,14.7,38,10,229,71,264,252,236,315,78,92,83,389,419,92,457,298,350,349,338,355,358,398,215,403,236,159,311,253,39,275,1,2022-23,Georges Niang (2022-23),100.5,3180,,
203507,Giannis Antetokounmpo,Giannis,1610612749,MIL,28.0,63,47,16,0.746,32.1,11.2,20.3,0.553,0.7,2.7,0.275,7.9,12.3,0.645,2.2,9.6,11.8,5.7,3.9,0.8,0.8,1.3,3.1,9.0,31.1,5.4,54.8,46,6,52.6,189,22,379,20,74,1,8,78,284,235,413,4,1,436,35,1,4,39,3,140,56,9,24,1,5,16,4,4,5,3,1,2022-23,Giannis Antetokounmpo (2022-23),103.63,4380,,
1629048,Goga Bitadze,Goga,1610612753,ORL,23.0,38,13,25,0.342,12.0,1.8,3.3,0.552,0.2,0.7,0.231,0.6,1.1,0.548,1.6,2.0,3.6,1.0,0.6,0.4,0.7,0.3,1.7,1.2,4.4,0.7,13.0,2,0,11.4,359,391,268,441,412,373,414,80,443,434,452,355,296,475,83,318,217,337,385,342,77,289,261,274,394,185,320,155,39,345,2,2022-23,Goga Bitadze (2022-23),100.3,950,,
201609,Goran Dragic,Goran,1610612749,MIL,37.0,58,27,31,0.466,15.0,2.4,5.8,0.421,0.9,2.5,0.359,0.5,0.8,0.689,0.3,1.1,1.4,2.6,1.1,0.2,0.1,0.3,1.1,0.7,6.3,0.1,11.7,0,0,11.8,240,238,164,343,342,290,269,390,239,252,222,381,370,388,435,443,454,146,211,453,478,313,414,369,311,228,352,253,39,339,2,2022-23,Goran Dragic (2022-23),103.2,1878,,
202330,Gordon Hayward,Gordon,1610612766,CHA,33.0,50,20,30,0.4,31.5,5.5,11.6,0.475,1.0,3.2,0.325,2.6,3.2,0.811,0.7,3.6,4.3,4.1,2.0,0.8,0.2,0.4,1.4,2.9,14.7,-2.2,27.3,2,0,26.3,294,310,184,407,83,99,92,219,207,198,332,84,87,189,272,123,150,77,80,132,301,216,344,80,101,425,118,155,39,114,1,2022-23,Gordon Hayward (2022-23),103.01,3386,,
203476,Gorgui Dieng,Gorgui,1610612759,SAS,33.0,31,3,28,0.097,11.6,1.5,3.8,0.385,0.7,2.4,0.28,0.3,0.4,0.769,0.9,2.6,3.5,1.7,1.0,0.1,0.5,0.2,1.8,0.7,3.9,-4.9,11.3,2,0,10.9,396,481,214,527,422,420,374,471,300,265,406,450,455,254,199,229,235,212,220,496,153,413,225,368,416,510,366,155,39,359,1,2022-23,Gorgui Dieng (2022-23),103.07,765,,
1629684,Grant Williams,Grant,1610612738,BOS,24.0,79,55,24,0.696,25.9,2.7,6.0,0.454,1.5,3.7,0.395,1.2,1.5,0.77,1.1,3.5,4.6,1.7,1.0,0.5,0.4,0.3,2.4,1.6,8.1,2.6,17.8,3,0,17.6,27,4,285,35,167,261,255,275,138,160,100,217,225,252,143,138,131,217,218,293,191,302,90,197,239,72,230,130,39,225,1,2022-23,Grant Williams (2022-23),99.67,4227,,
1628960,Grayson Allen,Grayson,1610612749,MIL,27.0,72,53,19,0.736,27.4,3.4,7.7,0.44,2.0,5.1,0.399,1.6,1.8,0.905,0.8,2.4,3.3,2.3,1.0,0.9,0.2,0.3,1.6,1.7,10.4,3.2,19.9,0,0,20.1,102,6,346,22,147,214,182,323,70,85,90,162,205,52,209,250,249,174,225,123,339,268,276,182,164,50,200,253,39,185,1,2022-23,Grayson Allen (2022-23),102.56,4224,,
1630535,Greg Brown III,Greg,1610612757,POR,21.0,16,10,6,0.625,5.8,0.7,1.8,0.393,0.1,0.4,0.143,0.3,0.8,0.417,0.1,1.1,1.2,0.2,0.4,0.3,0.3,0.3,0.8,0.4,1.8,-0.3,4.8,0,0,4.3,445,418,457,100,499,494,497,456,470,465,473,453,374,503,505,452,475,518,451,440,242,318,463,453,498,278,499,253,39,500,1,2022-23,Greg Brown III (2022-23),104.67,204,,
1628977,Hamidou Diallo,Hamidou,1610612765,DET,24.0,56,12,44,0.214,17.8,3.8,6.7,0.573,0.1,0.4,0.238,1.6,2.6,0.588,1.0,2.4,3.5,1.0,1.3,0.9,0.3,0.3,2.2,2.1,9.3,-0.3,17.4,0,0,16.3,253,404,30,501,298,173,227,61,461,472,446,166,114,463,156,249,233,353,167,97,259,240,133,135,200,274,235,253,39,246,1,2022-23,Hamidou Diallo (2022-23),103.05,2137,,
203084,Harrison Barnes,Harrison,1610612758,SAC,31.0,82,48,34,0.585,32.5,4.6,9.6,0.473,1.6,4.3,0.374,4.3,5.0,0.847,1.1,3.4,4.5,1.6,1.0,0.7,0.1,0.4,1.3,3.5,15.0,3.1,24.1,0,0,24.3,2,16,121,136,69,130,132,221,119,125,165,37,41,124,149,147,142,228,217,190,431,217,376,60,96,52,145,253,39,135,1,2022-23,Harrison Barnes (2022-23),101.7,5634,,
1629312,Haywood Highsmith,Haywood,1610612748,MIA,26.0,54,28,26,0.519,18.0,1.7,4.0,0.431,0.7,2.0,0.339,0.2,0.5,0.464,1.1,2.4,3.5,0.8,0.8,0.7,0.3,0.2,1.5,0.6,4.4,-1.9,11.9,2,0,11.3,270,230,250,239,296,383,363,358,299,303,272,470,431,497,150,255,231,401,289,206,241,380,319,422,395,402,348,155,39,346,1,2022-23,Haywood Highsmith (2022-23),98.29,1985,,
1630529,Herbert Jones,Herbert,1610612740,NOP,24.0,66,31,35,0.47,29.6,3.6,7.6,0.469,0.8,2.5,0.335,1.9,2.4,0.764,1.5,2.6,4.1,2.5,1.3,1.6,0.6,0.5,3.2,2.2,9.8,2.3,23.7,0,0,21.6,162,191,100,332,116,195,190,231,252,248,285,134,132,267,93,224,172,155,156,12,90,138,20,129,183,82,153,253,39,168,1,2022-23,Herbert Jones (2022-23),99.3,4031,,
1630193,Immanuel Quickley,Immanuel,1610612752,NYK,24.0,81,47,34,0.58,28.9,5.2,11.6,0.448,2.1,5.6,0.37,2.5,3.1,0.819,0.7,3.4,4.2,3.4,1.2,1.0,0.2,0.4,2.0,2.2,14.9,3.9,27.3,4,0,26.9,11,22,121,143,124,110,94,295,65,63,181,91,95,176,259,141,163,104,176,88,366,211,169,128,97,37,117,118,39,106,1,2022-23,Immanuel Quickley (2022-23),98.08,4799,,
1630171,Isaac Okoro,Isaac,1610612739,CLE,22.0,76,48,28,0.632,21.7,2.3,4.7,0.494,0.8,2.3,0.363,1.0,1.4,0.757,0.7,1.8,2.5,1.1,0.6,0.7,0.4,0.2,2.1,1.0,6.4,1.7,14.0,0,0,13.1,55,16,214,94,224,306,332,164,263,284,213,244,247,282,268,349,338,321,391,174,190,351,162,297,304,118,299,253,39,306,1,2022-23,Isaac Okoro (2022-23),98.32,3359,,
1628392,Isaiah Hartenstein,Isaiah,1610612752,NYK,25.0,82,47,35,0.573,19.9,2.1,4.0,0.535,0.1,0.5,0.216,0.6,0.9,0.676,2.5,4.0,6.5,1.2,0.8,0.6,0.8,0.2,2.6,0.9,5.0,1.8,18.1,2,0,15.7,2,22,100,148,252,328,365,98,459,463,456,364,349,400,20,100,57,298,302,219,61,354,72,337,367,108,228,155,39,257,1,2022-23,Isaiah Hartenstein (2022-23),100.25,3401,,
1630543,Isaiah Jackson,Isaiah,1610612754,IND,21.0,63,24,39,0.381,16.5,2.8,5.0,0.563,0.0,0.2,0.143,1.5,2.3,0.651,1.8,2.7,4.5,0.8,0.8,0.5,1.5,0.5,2.4,1.9,7.2,-2.0,18.9,5,0,16.5,189,271,60,418,310,253,308,70,483,482,473,173,145,433,62,213,141,394,301,312,11,164,88,161,263,408,218,105,39,243,1,2022-23,Isaiah Jackson (2022-23),104.33,2267,,
1630198,Isaiah Joe,Isaiah,1610612760,OKC,23.0,73,36,37,0.493,19.1,3.1,7.0,0.441,2.2,5.4,0.409,1.1,1.4,0.82,0.4,2.0,2.4,1.2,0.5,0.7,0.1,0.2,1.4,1.4,9.5,2.9,15.9,0,0,16.8,92,126,82,288,273,235,214,318,54,70,68,229,245,174,388,317,345,308,401,213,444,419,335,231,192,60,258,253,39,239,1,2022-23,Isaiah Joe (2022-23),103.42,3033,,
1630587,Isaiah Livers,Isaiah,1610612765,DET,24.0,52,10,42,0.192,23.1,2.3,5.5,0.417,1.4,3.9,0.365,0.6,0.8,0.821,0.5,2.2,2.8,0.8,0.6,0.5,0.5,0.1,2.0,0.7,6.7,-3.9,13.8,1,0,13.8,283,418,42,513,207,305,284,401,140,148,206,351,374,172,319,282,302,404,386,284,119,435,182,393,293,490,301,192,39,289,1,2022-23,Isaiah Livers (2022-23),99.5,2481,,
1630600,Isaiah Mobley,Isaiah,1610612739,CLE,23.0,12,8,4,0.667,7.0,1.0,2.3,0.429,0.3,0.7,0.375,0.3,0.3,1.0,0.3,1.3,1.7,0.3,0.1,0.3,0.3,0.2,0.7,0.3,2.6,2.6,6.6,0,0,5.9,460,436,480,56,486,471,467,364,415,435,159,445,473,1,405,409,423,510,515,394,291,398,482,490,473,73,467,253,39,474,1,2022-23,Isaiah Mobley (2022-23),97.72,170,,
1629676,Isaiah Roby,Isaiah,1610612752,NYK,25.0,42,9,33,0.214,11.3,1.6,3.7,0.432,0.4,1.4,0.3,0.5,1.0,0.488,0.5,2.1,2.6,0.9,0.7,0.4,0.2,0.2,1.3,0.9,4.1,-2.6,9.6,0,0,9.2,335,426,138,501,426,403,378,352,361,354,382,401,326,495,330,308,326,369,326,336,372,398,375,330,409,441,405,253,39,408,1,2022-23,Isaiah Roby (2022-23),104.03,1025,,
1630191,Isaiah Stewart,Isaiah,1610612765,DET,22.0,50,12,38,0.24,28.3,3.9,8.8,0.442,1.3,4.1,0.327,2.2,3.0,0.738,2.3,5.8,8.1,1.4,1.4,0.4,0.7,0.4,2.7,2.4,11.3,-4.5,25.0,13,0,24.3,294,404,69,492,140,165,150,316,159,135,328,104,100,321,28,40,36,263,152,351,79,199,60,108,148,505,139,50,39,133,1,2022-23,Isaiah Stewart (2022-23),101.24,2988,,
1630225,Isaiah Todd,Isaiah,1610612764,WAS,21.0,6,2,4,0.333,10.2,0.5,3.2,0.158,0.2,1.7,0.1,0.3,0.3,1.0,0.3,1.7,2.0,0.7,0.3,0.2,0.0,0.2,0.7,0.2,1.5,-1.2,5.1,0,0,4.7,493,491,480,442,443,508,419,531,436,328,485,445,473,1,405,364,390,420,469,480,491,398,482,507,506,349,494,253,39,493,1,2022-23,Isaiah Todd (2022-23),105.54,136,,
202397,Ish Smith,Ish,1610612743,DEN,34.0,43,25,18,0.581,9.3,1.2,3.0,0.397,0.0,0.3,0.167,0.0,0.1,0.5,0.1,1.1,1.3,2.3,1.0,0.2,0.2,0.1,0.8,0.3,2.5,-0.8,7.5,0,0,6.8,327,262,365,138,453,450,426,446,478,477,469,508,510,482,507,441,468,165,223,471,384,426,469,489,474,321,446,253,39,452,1,2022-23,Ish Smith (2022-23),101.21,843,,
1630688,Ish Wainright,Ish,1610612756,PHX,28.0,60,33,27,0.55,15.3,1.4,3.8,0.37,1.0,2.9,0.329,0.4,0.5,0.839,0.8,1.6,2.3,0.9,0.4,0.6,0.4,0.1,2.0,0.5,4.2,1.5,10.9,0,0,10.3,222,162,229,186,332,425,372,483,230,226,322,415,432,138,244,377,353,379,454,227,208,436,190,431,403,124,373,253,39,377,1,2022-23,Ish Wainright (2022-23),101.42,1922,,
1627826,Ivica Zubac,Ivica,1610612746,LAC,26.0,76,43,33,0.566,28.5,4.3,6.8,0.634,0.0,0.0,0.0,2.2,3.1,0.697,3.1,6.8,9.9,1.0,1.5,0.4,1.3,0.6,2.9,2.8,10.8,-0.4,27.7,27,0,25.1,55,53,138,160,129,140,226,33,492,515,492,106,89,378,13,17,13,340,124,363,18,107,38,83,158,289,112,24,39,123,1,2022-23,Ivica Zubac (2022-23),98.37,4443,,
1631120,JD Davison,JD,1610612738,BOS,20.0,12,11,1,0.917,5.5,0.7,1.6,0.421,0.2,0.6,0.286,0.1,0.2,0.5,0.2,0.6,0.8,0.9,0.3,0.2,0.2,0.1,0.4,0.2,1.6,-0.5,4.5,0,0,4.1,460,413,516,9,509,495,505,385,436,449,396,507,502,482,489,510,509,364,469,480,372,477,513,507,504,294,501,253,39,502,1,2022-23,JD Davison (2022-23),101.54,140,,
1630550,JT Thor,JT,1610612766,CHA,20.0,69,22,47,0.319,14.0,1.4,3.4,0.399,0.6,1.8,0.317,0.5,0.7,0.702,0.5,1.7,2.2,0.5,0.6,0.3,0.3,0.2,1.0,0.5,3.8,-2.4,8.5,0,0,8.4,123,290,21,453,367,428,402,444,327,324,348,399,393,370,322,363,366,459,365,406,226,374,443,430,421,437,430,253,39,426,1,2022-23,JT Thor (2022-23),102.44,2064,,
1629630,Ja Morant,Ja,1610612763,MEM,23.0,61,40,21,0.656,31.9,9.3,19.9,0.466,1.5,4.9,0.307,6.1,8.1,0.748,1.0,4.9,5.9,8.1,3.4,1.1,0.3,1.4,1.6,6.2,26.2,5.0,46.0,20,7,44.3,214,74,327,68,79,18,14,239,130,93,371,13,10,306,157,67,77,8,10,62,282,6,273,8,15,21,13,30,4,14,1,2022-23,Ja Morant (2022-23),102.51,4160,,
203210,JaMychal Green,JaMychal,1610612744,GSW,33.0,57,30,27,0.526,14.0,2.4,4.4,0.54,0.7,1.9,0.378,0.9,1.2,0.776,1.3,2.3,3.6,0.9,0.9,0.4,0.4,0.2,1.8,1.0,6.4,-2.7,13.7,0,0,13.3,246,207,229,222,368,298,346,92,288,312,150,268,279,243,114,265,220,371,260,330,180,325,223,310,306,448,304,253,39,301,1,2022-23,JaMychal Green (2022-23),105.25,1741,,
201580,JaVale McGee,JaVale,1610612742,DAL,35.0,42,20,22,0.476,8.4,1.9,3.0,0.64,0.0,0.1,0.4,0.6,1.0,0.585,0.7,1.8,2.5,0.3,0.9,0.1,0.6,0.2,1.3,0.9,4.4,-1.4,9.2,0,0,8.7,335,310,315,320,467,362,436,27,477,495,85,367,326,464,260,345,330,509,279,504,92,369,370,320,391,361,416,253,39,415,1,2022-23,JaVale McGee (2022-23),102.22,754,,
1631095,Jabari Smith Jr.,Jabari,1610612745,HOU,20.0,79,21,58,0.266,31.0,4.6,11.3,0.408,1.5,4.9,0.307,2.1,2.6,0.786,1.5,5.7,7.2,1.3,1.3,0.5,0.9,0.4,2.9,2.0,12.8,-7.0,26.5,16,0,25.7,27,303,4,478,91,126,104,426,128,91,370,119,117,222,88,43,44,290,163,276,40,182,40,145,123,529,125,41,39,117,1,2022-23,Jabari Smith Jr. (2022-23),100.35,5133,,
1631133,Jabari Walker,Jabari,1610612757,POR,20.0,56,21,35,0.375,11.1,1.5,3.5,0.419,0.3,1.0,0.286,0.6,0.8,0.756,0.9,1.5,2.3,0.6,0.5,0.2,0.2,0.2,1.2,0.7,3.9,-2.1,8.3,0,0,7.9,253,303,100,421,430,415,393,395,407,400,396,354,364,287,205,384,351,431,405,474,307,333,382,383,417,419,434,253,39,437,1,2022-23,Jabari Walker (2022-23),103.03,1331,,
1631298,Jack White,Jack,1610612743,DEN,25.0,17,13,4,0.765,3.9,0.5,1.1,0.421,0.2,0.5,0.333,0.1,0.2,0.667,0.4,0.6,1.0,0.2,0.1,0.2,0.1,0.1,0.5,0.1,1.2,-1.0,3.6,0,0,3.2,442,391,480,15,524,516,521,385,434,453,292,498,499,403,398,505,485,514,512,475,434,449,499,517,522,330,517,253,39,519,1,2022-23,Jack White (2022-23),97.41,135,,
1631367,Jacob Gilyard,Jacob,1610612763,MEM,24.0,1,0,1,0.0,40.8,1.0,3.0,0.333,1.0,3.0,0.333,0.0,0.0,0.0,0.0,4.0,4.0,7.0,2.0,3.0,0.0,0.0,3.0,0.0,3.0,-13.0,25.3,0,0,21.0,531,528,516,528,1,471,428,507,214,216,292,511,516,511,517,99,181,16,76,1,491,499,31,526,455,537,132,253,39,173,1,2022-23,Jacob Gilyard (2022-23),102.39,87,,
1630702,Jaden Hardy,Jaden,1610612742,DAL,20.0,48,20,28,0.417,14.8,3.0,6.9,0.438,1.3,3.3,0.404,1.4,1.6,0.823,0.2,1.6,1.9,1.4,1.0,0.4,0.1,0.6,1.3,1.3,8.8,-0.7,13.5,0,0,14.3,302,310,214,391,348,236,218,329,161,190,78,192,215,167,462,369,401,274,244,381,398,102,362,255,222,301,310,253,39,285,1,2022-23,Jaden Hardy (2022-23),101.37,1502,,
1631093,Jaden Ivey,Jaden,1610612765,DET,21.0,74,16,58,0.216,31.1,5.5,13.3,0.416,1.6,4.7,0.343,3.6,4.8,0.747,1.0,2.9,3.9,5.2,3.2,0.8,0.2,1.2,3.3,4.3,16.3,-8.7,28.7,8,0,29.1,79,357,4,500,89,98,74,406,118,102,268,51,45,308,166,193,191,50,18,141,309,13,16,33,83,535,102,80,39,93,1,2022-23,Jaden Ivey (2022-23),100.5,4818,,
1630183,Jaden McDaniels,Jaden,1610612750,MIN,22.0,79,41,38,0.519,30.6,4.7,9.1,0.517,1.4,3.4,0.398,1.3,1.8,0.736,1.2,2.7,3.9,1.9,1.4,0.9,1.0,0.4,3.4,1.6,12.1,0.9,23.8,0,0,23.0,27,65,69,237,96,123,147,123,157,178,93,195,197,326,130,210,192,196,148,101,37,221,8,198,136,166,150,253,39,149,1,2022-23,Jaden McDaniels (2022-23),101.2,5080,,
1630531,Jaden Springer,Jaden,1610612755,PHI,20.0,16,13,3,0.813,5.6,1.1,2.2,0.486,0.1,0.3,0.4,0.4,0.5,0.75,0.4,0.5,0.9,0.5,0.2,0.4,0.2,0.2,0.9,0.3,2.6,-0.2,6.1,0,0,5.4,445,391,496,10,504,468,474,186,449,474,85,437,435,290,384,513,503,463,505,331,348,375,448,490,471,260,477,253,39,484,1,2022-23,Jaden Springer (2022-23),104.05,194,,
203109,Jae Crowder,Jae,1610612749,MIL,32.0,18,13,5,0.722,18.9,2.5,5.2,0.479,1.3,3.1,0.436,0.6,0.7,0.833,0.9,2.9,3.8,1.5,0.4,0.7,0.3,0.1,1.5,0.5,6.9,0.0,16.4,0,0,15.6,438,391,464,27,277,281,297,211,160,210,36,375,397,144,180,194,195,240,448,206,226,458,322,439,280,234,250,253,39,259,1,2022-23,Jae Crowder (2022-23),104.63,743,,
1630256,Jae'Sean Tate,Jae'Sean,1610612745,HOU,27.0,31,7,24,0.226,21.9,3.5,7.4,0.48,0.4,1.5,0.283,1.6,2.2,0.725,1.3,2.5,3.8,2.7,1.5,0.7,0.2,0.8,3.4,2.2,9.1,-3.0,19.0,0,0,17.9,396,442,285,498,222,198,200,202,370,351,403,156,157,339,108,246,198,137,131,200,313,54,10,127,209,459,217,253,39,220,1,2022-23,Jae'Sean Tate (2022-23),101.14,1432,,
1631222,Jake LaRavia,Jake,1610612763,MEM,21.0,35,22,13,0.629,11.8,1.1,2.7,0.389,0.7,2.0,0.338,0.2,0.3,0.778,0.5,1.3,1.8,0.6,0.5,0.3,0.1,0.1,1.4,0.3,3.0,-2.2,6.9,0,0,7.0,379,290,407,97,416,469,449,461,297,300,276,476,486,236,317,423,408,433,407,389,436,456,344,487,455,429,458,253,39,447,1,2022-23,Jake LaRavia (2022-23),102.42,879,,
1627751,Jakob Poeltl,Jakob,1610612761,TOR,27.0,72,26,46,0.361,26.5,5.4,8.6,0.629,0.0,0.0,0.0,1.7,2.8,0.592,3.3,5.8,9.1,2.7,1.7,0.9,1.2,0.5,2.7,2.7,12.5,-2.0,32.0,19,0,28.5,102,253,24,429,156,102,155,36,492,522,492,150,106,461,8,39,20,136,102,108,25,169,59,92,130,416,75,33,39,95,2,2022-23,Jakob Poeltl (2022-23),100.54,3983,,
1628973,Jalen Brunson,Jalen,1610612752,NYK,26.0,68,40,28,0.588,35.0,8.6,17.6,0.491,2.0,4.7,0.416,4.8,5.8,0.829,0.6,3.0,3.5,6.2,2.1,0.9,0.2,0.8,2.2,5.7,24.0,2.2,38.8,5,0,38.0,133,74,214,129,29,26,33,174,79,101,54,25,27,157,303,187,224,25,68,115,319,64,130,12,27,85,37,105,39,37,1,2022-23,Jalen Brunson (2022-23),97.64,4860,,
1631105,Jalen Duren,Jalen,1610612765,DET,19.0,67,16,51,0.239,24.9,3.9,5.9,0.648,0.0,0.0,0.0,1.4,2.3,0.611,3.4,5.5,8.9,1.1,1.4,0.7,0.9,0.5,2.7,1.9,9.1,-4.2,24.7,19,0,22.2,145,357,10,494,177,171,260,23,492,513,492,183,140,452,5,45,25,330,149,214,45,134,57,160,207,496,142,33,39,158,1,2022-23,Jalen Duren (2022-23),100.27,3493,,
1630224,Jalen Green,Jalen,1610612745,HOU,21.0,76,20,56,0.263,34.2,7.4,17.9,0.416,2.5,7.3,0.338,4.8,6.1,0.786,0.6,3.2,3.7,3.7,2.6,0.8,0.2,1.4,1.7,4.1,22.1,-5.9,32.6,0,0,34.1,55,310,7,480,43,48,28,405,40,25,278,24,20,223,309,166,207,94,40,157,303,4,251,37,34,523,71,253,39,57,1,2022-23,Jalen Green (2022-23),100.64,5469,,
1630552,Jalen Johnson,Jalen,1610612737,ATL,21.0,70,35,35,0.5,14.9,2.3,4.6,0.491,0.4,1.5,0.288,0.7,1.1,0.628,0.7,3.3,4.0,1.2,0.6,0.5,0.5,0.3,1.6,0.8,5.6,-0.1,14.8,1,0,13.3,116,137,100,264,346,311,336,176,361,350,393,322,292,443,255,159,180,311,380,279,138,236,282,355,333,256,284,192,39,300,1,2022-23,Jalen Johnson (2022-23),103.32,2234,,
1629667,Jalen McDaniels,Jalen,1610612755,PHI,25.0,80,31,49,0.388,23.9,3.5,7.7,0.455,1.0,2.9,0.332,1.5,1.7,0.841,0.8,3.5,4.3,1.6,1.2,1.0,0.4,0.5,2.6,1.6,9.4,-1.9,20.3,3,0,19.3,15,191,15,417,190,201,185,268,228,224,316,177,211,136,232,133,147,222,189,72,164,152,65,200,195,394,195,130,39,197,2,2022-23,Jalen McDaniels (2022-23),102.48,4079,,
1630188,Jalen Smith,Jalen,1610612754,IND,23.0,68,31,37,0.456,18.8,3.6,7.5,0.476,0.8,2.8,0.283,1.5,2.0,0.759,1.9,3.9,5.8,1.0,1.1,0.3,0.9,0.6,2.3,2.1,9.4,-1.4,20.4,7,0,19.4,133,191,82,354,279,196,196,213,269,231,402,170,172,278,54,106,80,354,215,410,44,116,126,132,194,364,194,86,39,195,1,2022-23,Jalen Smith (2022-23),103.54,2763,,
1630591,Jalen Suggs,Jalen,1610612753,ORL,22.0,53,20,33,0.377,23.5,3.5,8.4,0.419,1.2,3.8,0.327,1.6,2.2,0.723,1.0,2.0,3.0,2.9,1.8,1.3,0.5,0.5,2.3,2.5,9.9,-0.8,21.5,0,0,20.6,277,310,138,420,198,203,160,396,175,153,329,155,154,345,153,318,269,123,97,35,128,127,124,105,180,310,178,253,39,180,1,2022-23,Jalen Suggs (2022-23),101.73,2638,,
1631114,Jalen Williams,Jalen,1610612760,OKC,22.0,75,36,39,0.48,30.3,5.5,10.6,0.521,1.0,2.7,0.356,2.1,2.5,0.812,1.1,3.4,4.5,3.3,1.6,1.4,0.5,0.7,2.5,2.2,14.1,-0.7,28.3,3,0,26.5,70,126,60,317,101,99,113,114,224,233,228,116,121,188,138,150,137,110,115,26,145,77,78,124,109,307,105,130,39,112,1,2022-23,Jalen Williams (2022-23),103.46,4903,,
1631288,Jamal Cain,Jamal,1610612748,MIA,24.0,18,10,8,0.556,13.3,2.1,3.7,0.561,0.4,1.1,0.35,0.9,1.2,0.773,0.8,2.1,2.9,0.7,0.3,0.6,0.1,0.1,1.2,0.8,5.4,1.2,11.6,0,0,10.7,438,418,442,172,385,339,379,72,380,392,244,262,271,246,214,312,289,420,469,239,483,458,406,346,346,145,356,253,39,364,1,2022-23,Jamal Cain (2022-23),102.78,511,,
1627750,Jamal Murray,Jamal,1610612743,DEN,26.0,65,43,22,0.662,32.8,7.3,16.0,0.454,2.6,6.6,0.398,2.8,3.3,0.833,0.7,3.2,4.0,6.2,2.2,1.0,0.2,0.5,1.6,2.8,20.0,4.6,35.5,5,1,35.2,171,53,315,65,61,57,47,272,31,40,91,74,82,144,250,164,186,29,59,77,298,129,291,85,57,28,56,105,17,52,1,2022-23,Jamal Murray (2022-23),99.13,4413,,
1631123,Jamaree Bouyea,Jamaree,1610612748,MIA,24.0,5,2,3,0.4,14.1,1.2,2.8,0.429,0.4,1.2,0.333,0.2,0.4,0.5,0.2,1.0,1.2,0.8,0.8,0.8,0.4,0.2,1.2,0.2,3.0,-3.4,8.4,0,0,7.8,499,491,496,407,365,453,444,364,374,383,292,476,458,482,475,458,472,398,303,147,182,358,395,500,455,472,432,253,39,439,2,2022-23,Jamaree Bouyea (2022-23),93.57,138,,
1630547,James Bouknight,James,1610612766,CHA,22.0,34,9,25,0.265,15.2,2.0,5.7,0.358,1.0,3.2,0.303,0.6,0.9,0.667,0.2,1.9,2.1,1.2,0.9,0.4,0.1,0.4,1.4,0.8,5.6,-2.9,10.7,0,0,11.0,385,426,268,479,333,342,277,496,225,195,376,360,344,403,459,337,381,307,247,347,396,212,333,352,337,452,376,253,39,357,1,2022-23,James Bouknight (2022-23),102.25,1095,,
201935,James Harden,James,1610612755,PHI,33.0,58,39,19,0.672,36.8,6.4,14.5,0.441,2.8,7.2,0.385,5.4,6.2,0.867,0.7,5.4,6.1,10.7,3.4,1.2,0.5,0.9,1.9,4.6,21.0,4.8,46.2,36,5,44.0,240,89,346,53,5,73,62,320,23,28,133,17,19,90,266,48,71,1,11,38,122,37,194,26,43,25,12,11,6,16,1,2022-23,James Harden (2022-23),96.11,4282,,
201949,James Johnson,James,1610612754,IND,36.0,18,7,11,0.389,9.0,1.2,2.7,0.449,0.2,0.8,0.2,0.2,0.4,0.5,0.2,1.4,1.7,0.8,0.4,0.4,0.3,0.2,1.8,0.3,2.8,-0.4,7.8,0,0,6.9,438,442,425,416,458,447,448,286,436,419,461,474,450,482,463,392,423,391,431,357,226,398,240,473,468,284,440,253,39,449,1,2022-23,James Johnson (2022-23),104.51,352,,
1630164,James Wiseman,James,1610612765,DET,22.0,45,11,34,0.244,19.3,4.2,7.5,0.558,0.1,0.4,0.2,1.5,2.2,0.701,1.6,4.3,5.9,0.7,1.1,0.2,0.6,0.5,2.4,1.7,10.0,-7.3,19.3,8,0,18.2,321,413,121,490,267,145,192,76,462,464,461,172,162,373,82,80,75,420,196,486,95,139,94,178,176,530,213,80,39,214,2,2022-23,James Wiseman (2022-23),101.29,1825,,
1630215,Jared Butler,Jared,1610612760,OKC,22.0,6,3,3,0.5,12.8,2.5,5.3,0.469,1.2,2.3,0.5,0.0,0.0,0.0,0.2,0.5,0.7,1.3,0.8,0.8,0.0,0.7,0.8,0.5,6.2,-0.2,10.6,0,0,11.0,493,481,496,264,394,281,292,232,190,272,10,511,516,511,489,513,517,277,289,133,491,84,461,439,314,258,378,253,39,358,1,2022-23,Jared Butler (2022-23),102.55,161,,
1631197,Jared Rhoden,Jared,1610612765,DET,23.0,14,2,12,0.143,14.1,1.2,3.1,0.386,0.4,1.4,0.25,0.4,0.4,1.0,0.8,1.9,2.6,0.3,0.2,0.3,0.1,0.4,1.6,0.4,3.2,1.5,7.7,0,0,7.2,457,491,418,523,364,448,421,466,388,354,432,416,454,1,235,340,319,506,494,423,475,229,271,455,448,125,444,253,39,444,1,2022-23,Jared Rhoden (2022-23),98.85,409,,
1628991,Jaren Jackson Jr.,Jaren,1610612763,MEM,23.0,63,41,22,0.651,28.4,6.6,13.0,0.506,1.6,4.5,0.355,3.8,4.9,0.788,1.7,5.0,6.8,1.0,1.7,1.0,3.0,1.0,3.6,3.9,18.6,5.8,38.6,7,0,36.0,189,65,315,76,134,70,79,136,123,115,233,47,43,220,67,59,51,355,105,76,1,23,4,46,65,13,39,86,39,49,1,2022-23,Jaren Jackson Jr. (2022-23),103.3,3842,,
1629020,Jarred Vanderbilt,Jarred,1610612747,LAL,24.0,78,43,35,0.551,24.1,3.2,5.8,0.548,0.4,1.2,0.322,1.2,1.8,0.691,2.2,5.3,7.5,2.4,1.2,1.1,0.3,0.4,2.4,1.8,7.9,-1.3,23.2,10,0,20.8,38,53,100,184,188,229,267,84,385,387,340,210,201,387,34,54,41,164,172,67,274,209,89,170,245,356,161,64,39,178,2,2022-23,Jarred Vanderbilt (2022-23),101.21,3946,,
1629714,Jarrell Brantley,Jarrell,1610612762,UTA,27.0,4,0,4,0.0,9.7,2.0,3.5,0.571,1.0,2.3,0.444,0.5,0.5,1.0,0.3,1.3,1.5,0.8,0.5,0.0,0.5,0.0,0.8,0.3,5.5,3.8,9.4,0,0,9.8,509,528,480,528,450,344,398,62,214,284,30,389,435,1,446,424,443,409,410,513,132,499,470,490,342,40,410,253,39,398,1,2022-23,Jarrell Brantley (2022-23),98.59,81,,
1628386,Jarrett Allen,Jarrett,1610612739,CLE,25.0,68,44,24,0.647,32.6,5.9,9.2,0.644,0.0,0.1,0.1,2.4,3.3,0.733,3.3,6.5,9.8,1.7,1.4,0.8,1.2,0.6,2.3,3.3,14.3,5.1,33.2,32,0,29.8,133,40,285,80,63,84,144,25,488,492,485,98,83,331,9,24,14,216,151,151,22,96,126,65,106,19,68,16,39,90,1,2022-23,Jarrett Allen (2022-23),96.62,4469,,
1629633,Jarrett Culver,Jarrett,1610612737,ATL,24.0,10,5,5,0.5,13.7,1.7,4.3,0.395,0.1,1.2,0.083,0.9,1.3,0.692,1.0,2.8,3.8,0.6,0.7,0.6,0.2,0.4,1.4,1.5,4.4,-1.9,11.6,0,0,10.5,468,459,464,264,377,387,350,449,458,383,487,272,256,383,157,202,199,433,334,242,333,199,344,208,392,400,358,253,39,368,1,2022-23,Jarrett Culver (2022-23),103.8,295,,
1630554,Jason Preston,Jason,1610612746,LAC,23.0,14,4,10,0.286,8.8,1.3,2.9,0.439,0.4,1.3,0.278,0.0,0.1,0.0,0.1,1.4,1.6,1.9,0.7,0.1,0.0,0.0,0.5,0.1,2.9,-0.8,7.4,0,0,7.1,457,468,430,465,463,439,439,326,388,373,409,511,504,511,498,395,439,192,331,491,491,499,501,512,463,314,447,253,39,446,1,2022-23,Jason Preston (2022-23),102.38,261,,
1629750,Javonte Green,Javonte,1610612741,CHI,29.0,32,13,19,0.406,15.0,1.9,3.4,0.565,0.4,1.1,0.371,0.9,1.4,0.667,0.8,1.9,2.8,0.7,0.6,0.8,0.7,0.3,1.6,1.2,5.2,1.5,13.1,0,0,11.8,392,391,346,406,340,361,405,67,371,393,175,263,240,403,210,333,302,412,369,168,86,318,276,272,355,125,317,253,39,337,1,2022-23,Javonte Green (2022-23),102.3,1018,,
1629637,Jaxson Hayes,Jaxson,1610612740,NOP,23.0,47,22,25,0.468,13.0,1.8,3.3,0.551,0.1,0.6,0.103,1.2,1.8,0.699,0.8,2.0,2.8,0.7,0.7,0.4,0.4,0.2,1.4,1.3,5.0,-1.5,11.2,0,0,10.2,311,290,268,336,388,372,411,81,469,443,484,209,204,375,215,325,294,411,353,339,179,394,338,259,366,366,367,253,39,382,1,2022-23,Jaxson Hayes (2022-23),102.29,1300,,
1630643,Jay Huff,Jay,1610612764,WAS,25.0,7,2,5,0.286,13.6,2.1,3.6,0.6,0.9,1.7,0.5,2.1,2.3,0.938,0.9,2.1,3.0,1.4,0.7,0.4,0.6,0.0,2.1,1.6,7.3,-1.0,15.3,0,0,14.6,482,491,464,465,379,327,386,49,248,327,10,109,147,34,205,296,274,254,331,336,106,499,148,202,262,330,268,253,39,277,1,2022-23,Jay Huff (2022-23),108.2,212,,
1630206,Jay Scrubb,Jay,1610612753,ORL,22.0,2,1,1,0.5,15.1,2.5,3.5,0.714,1.0,1.0,1.0,0.5,1.0,0.5,0.0,3.0,3.0,0.5,1.5,1.0,0.0,1.0,1.0,0.5,6.5,-8.0,12.4,0,0,13.0,525,507,516,264,337,281,398,11,214,400,1,389,312,482,517,182,274,463,135,80,491,28,433,439,301,534,336,253,39,309,1,2022-23,Jay Scrubb (2022-23),102.0,65,,
1627759,Jaylen Brown,Jaylen,1610612738,BOS,26.0,67,46,21,0.687,35.9,10.1,20.6,0.491,2.4,7.3,0.335,3.9,5.1,0.765,1.2,5.7,6.9,3.5,2.9,1.1,0.4,1.1,2.6,4.1,26.6,3.8,41.6,13,0,42.4,145,32,327,42,13,7,5,175,44,26,289,44,39,266,131,42,50,102,26,54,193,15,76,41,13,39,27,50,39,20,1,2022-23,Jaylen Brown (2022-23),100.51,5030,,
1629669,Jaylen Nowell,Jaylen,1610612750,MIN,23.0,65,34,31,0.523,19.3,4.3,9.6,0.448,1.0,3.6,0.289,1.2,1.5,0.778,0.6,2.1,2.6,2.0,1.0,0.6,0.1,0.6,1.6,1.2,10.8,-0.1,18.2,0,0,18.0,171,149,164,227,268,139,133,292,212,169,392,220,228,236,314,310,322,185,225,220,468,112,305,262,156,250,227,253,39,219,1,2022-23,Jaylen Nowell (2022-23),105.04,2736,,
1631119,Jaylin Williams,Jaylin,1610612760,OKC,21.0,49,23,26,0.469,18.7,2.1,4.8,0.436,0.9,2.3,0.407,0.8,1.1,0.704,0.9,4.0,4.9,1.6,0.8,0.6,0.2,0.3,2.3,1.9,5.9,-1.8,15.8,0,0,14.9,299,281,250,335,282,333,324,339,233,280,71,302,297,368,192,96,114,231,318,262,299,233,122,157,326,392,260,253,39,272,1,2022-23,Jaylin Williams (2022-23),102.18,1946,,
1628369,Jayson Tatum,Jayson,1610612738,BOS,25.0,74,52,22,0.703,36.9,9.8,21.1,0.466,3.2,9.3,0.35,7.2,8.4,0.854,1.1,7.7,8.8,4.6,2.9,1.1,0.7,0.8,2.2,5.4,30.1,6.4,49.9,31,1,50.2,79,8,315,32,4,13,3,238,9,6,247,8,9,112,151,10,27,62,31,69,74,59,144,16,6,9,8,18,17,6,1,2022-23,Jayson Tatum (2022-23),99.76,5674,,
1630288,Jeff Dowtin Jr.,Jeff,1610612761,TOR,26.0,25,17,8,0.68,10.3,1.0,2.3,0.439,0.2,0.6,0.313,0.2,0.4,0.667,0.2,0.7,0.9,1.2,0.2,0.4,0.1,0.1,0.5,0.3,2.4,-0.4,6.6,0,0,5.8,419,347,442,48,441,471,470,328,428,441,357,471,469,403,458,498,498,300,497,376,433,444,500,477,477,283,465,253,39,477,1,2022-23,Jeff Dowtin Jr. (2022-23),96.95,520,,
201145,Jeff Green,Jeff,1610612743,DEN,36.0,56,33,23,0.589,19.5,2.9,5.9,0.488,0.5,1.9,0.288,1.6,2.1,0.744,0.7,1.9,2.6,1.2,0.8,0.3,0.3,0.3,1.8,1.7,7.8,-3.4,13.8,0,0,13.4,253,162,303,128,258,251,263,179,338,319,393,166,166,312,269,335,326,302,295,404,249,273,243,181,249,474,300,253,39,297,1,2022-23,Jeff Green (2022-23),99.38,2253,,
203924,Jerami Grant,Jerami,1610612757,POR,29.0,63,28,35,0.444,35.6,6.9,14.5,0.475,2.3,5.7,0.401,4.4,5.4,0.813,0.8,3.7,4.5,2.4,1.8,0.8,0.8,0.9,2.4,4.4,20.5,-0.6,32.5,2,0,32.9,189,230,100,365,16,62,63,218,50,58,82,34,30,183,211,120,138,161,92,145,52,39,93,30,48,297,72,155,39,64,1,2022-23,Jerami Grant (2022-23),99.08,4643,,
1630526,Jeremiah Robinson-Earl,Jeremiah,1610612760,OKC,22.0,43,16,27,0.372,18.9,2.6,5.8,0.444,0.9,2.6,0.333,0.8,1.0,0.833,1.7,2.5,4.2,1.0,0.4,0.6,0.3,0.3,1.7,0.8,6.8,-0.2,15.3,1,0,14.5,327,357,229,423,276,277,271,309,247,241,292,296,325,144,75,237,160,342,437,268,287,275,268,344,284,266,269,192,39,279,1,2022-23,Jeremiah Robinson-Earl (2022-23),103.67,1760,,
1631110,Jeremy Sochan,Jeremy,1610612759,SAS,20.0,56,15,41,0.268,26.0,4.5,9.9,0.453,0.6,2.4,0.246,1.4,2.1,0.698,1.7,3.6,5.3,2.5,1.7,0.8,0.4,0.9,2.5,1.8,11.0,-4.2,22.9,2,0,21.7,253,369,48,477,162,136,126,278,322,266,444,180,167,376,70,129,97,151,103,161,174,39,86,173,154,499,167,155,39,166,1,2022-23,Jeremy Sochan (2022-23),102.37,3101,,
1630579,Jericho Sims,Jericho,1610612752,NYK,24.0,52,31,21,0.596,15.6,1.6,2.1,0.776,0.0,0.0,0.0,0.2,0.3,0.75,1.9,2.8,4.7,0.5,0.5,0.3,0.5,0.1,1.8,0.6,3.4,-2.2,11.7,2,0,10.2,283,191,327,120,327,402,484,5,492,519,492,473,482,290,53,205,126,474,404,421,119,453,221,409,442,427,351,155,39,383,1,2022-23,Jericho Sims (2022-23),97.31,1646,,
1628975,Jevon Carter,Jevon,1610612749,MIL,27.0,81,57,24,0.704,22.4,3.0,7.0,0.423,1.8,4.2,0.421,0.4,0.5,0.816,0.4,2.1,2.5,2.4,1.0,0.8,0.4,0.2,2.0,0.6,8.0,0.8,17.2,1,0,17.1,11,1,285,31,213,245,212,381,101,134,50,435,446,180,358,309,337,157,242,144,214,365,189,412,240,178,239,192,39,230,1,2022-23,Jevon Carter (2022-23),102.73,3872,,
202710,Jimmy Butler III,Jimmy,1610612748,MIA,33.0,64,35,29,0.547,33.4,7.5,13.9,0.539,0.6,1.6,0.35,7.4,8.7,0.85,2.2,3.7,5.9,5.3,1.6,1.8,0.3,0.8,1.3,5.7,22.9,0.7,42.8,11,0,39.0,181,137,199,193,54,47,68,93,329,336,251,7,7,122,31,119,76,46,120,5,231,46,378,13,33,182,22,56,39,32,1,2022-23,Jimmy Butler III (2022-23),97.02,4320,,
1629111,Jock Landale,Jock,1610612756,PHX,27.0,69,35,34,0.507,14.2,2.6,4.9,0.528,0.3,1.2,0.25,1.1,1.5,0.752,1.7,2.3,4.1,1.0,0.9,0.2,0.4,0.3,1.8,1.5,6.6,2.0,14.1,3,0,13.3,123,137,121,259,361,274,318,106,406,382,432,224,229,288,66,265,174,351,282,452,161,261,230,207,296,95,295,130,39,302,1,2022-23,Jock Landale (2022-23),102.03,2069,,
203925,Joe Harris,Joe,1610612751,BKN,31.0,74,40,34,0.541,20.6,2.7,5.9,0.457,1.9,4.5,0.426,0.2,0.4,0.643,0.3,1.9,2.2,1.4,0.6,0.5,0.2,0.3,1.9,0.3,7.6,-0.3,13.7,0,0,14.4,79,74,121,204,235,263,259,263,89,113,43,469,466,438,427,334,362,272,390,320,362,280,206,480,252,281,308,253,39,283,1,2022-23,Joe Harris (2022-23),100.26,3194,,
204060,Joe Ingles,Joe,1610612749,MIL,35.0,46,32,14,0.696,22.7,2.3,5.4,0.435,1.8,4.4,0.409,0.4,0.5,0.857,0.3,2.5,2.8,3.3,1.2,0.7,0.1,0.1,1.6,0.7,6.9,1.7,16.5,1,0,16.4,315,178,393,36,212,300,288,341,97,120,67,429,448,104,433,242,299,112,185,180,417,465,283,385,279,114,246,192,39,245,1,2022-23,Joe Ingles (2022-23),104.12,2274,,
1630580,Joe Wieskamp,Joe,1610612761,TOR,23.0,9,6,3,0.667,5.5,0.3,1.6,0.214,0.3,1.3,0.25,0.0,0.0,0.0,0.0,0.4,0.4,0.3,0.1,0.0,0.0,0.1,0.3,0.0,1.0,0.2,1.9,0,0,2.1,471,452,496,56,508,525,507,528,392,366,432,511,516,511,517,518,527,497,513,513,491,458,518,526,524,218,530,253,39,529,1,2022-23,Joe Wieskamp (2022-23),103.92,108,,
203954,Joel Embiid,Joel,1610612755,PHI,29.0,66,43,23,0.652,34.6,11.0,20.1,0.548,1.0,3.0,0.33,10.0,11.7,0.857,1.7,8.4,10.2,4.2,3.4,1.0,1.7,1.4,3.1,7.7,33.1,6.4,56.2,39,1,53.8,162,53,303,75,38,3,11,83,214,213,320,1,2,103,68,6,10,76,8,80,8,5,25,2,1,8,2,9,17,2,1,2022-23,Joel Embiid (2022-23),97.34,4639,,
1631219,John Butler Jr.,John,1610612757,POR,20.0,19,4,15,0.211,11.6,0.9,2.8,0.321,0.4,1.8,0.229,0.2,0.2,0.75,0.2,0.7,0.9,0.6,0.1,0.4,0.5,0.1,1.2,0.3,2.4,-3.7,6.8,0,0,5.9,437,468,388,503,420,482,446,515,369,320,454,487,494,290,494,493,501,444,518,371,142,466,409,486,480,480,461,253,39,473,1,2022-23,John Butler Jr. (2022-23),104.97,487,,
1628381,John Collins,John,1610612737,ATL,25.0,71,37,34,0.521,30.0,5.1,10.0,0.508,1.0,3.4,0.292,2.0,2.5,0.803,1.1,5.4,6.5,1.2,1.1,0.6,1.0,0.6,3.1,2.7,13.1,-0.3,26.5,11,0,25.0,109,110,121,231,109,112,122,133,222,180,390,121,125,199,146,47,58,309,201,248,31,95,27,89,119,277,126,56,39,125,1,2022-23,John Collins (2022-23),102.6,4547,,
1629723,John Konchar,John,1610612763,MEM,27.0,72,45,27,0.625,20.7,1.9,4.4,0.431,0.8,2.5,0.339,0.4,0.5,0.778,0.9,3.4,4.3,1.4,0.5,1.1,0.3,0.2,1.6,0.7,5.1,2.9,16.0,2,0,14.4,102,35,229,100,233,360,344,355,254,262,273,431,435,236,195,144,148,266,409,65,221,367,303,372,358,61,257,155,39,282,1,2022-23,John Konchar (2022-23),102.79,3192,,
202322,John Wall,John,1610612746,LAC,32.0,34,15,19,0.441,22.2,4.1,10.0,0.407,1.0,3.2,0.303,2.3,3.3,0.681,0.4,2.3,2.7,5.2,2.4,0.8,0.4,0.9,1.7,2.4,11.4,-3.1,23.5,1,0,22.6,385,369,346,369,218,153,121,428,225,195,376,102,81,394,366,271,310,49,51,151,218,36,248,112,147,466,155,192,39,151,1,2022-23,John Wall (2022-23),102.65,1614,,
1631098,Johnny Davis,Johnny,1610612764,WAS,21.0,28,10,18,0.357,15.1,2.4,6.1,0.386,0.6,2.5,0.243,0.5,1.0,0.519,0.4,2.0,2.3,1.0,0.6,0.4,0.3,0.3,1.7,0.7,5.8,-1.9,11.4,0,0,11.0,411,418,365,433,336,299,253,469,316,252,445,389,332,480,394,327,352,342,376,379,259,256,252,392,327,407,363,253,39,356,1,2022-23,Johnny Davis (2022-23),102.68,905,,
1630548,Johnny Juzang,Johnny,1610612762,UTA,22.0,18,6,12,0.333,12.9,1.9,5.8,0.337,0.8,3.5,0.238,0.1,0.2,0.5,0.4,1.7,2.2,0.4,0.2,0.2,0.2,0.1,0.7,0.2,4.8,-4.8,9.1,0,0,9.1,438,452,418,442,393,355,268,506,254,173,446,500,491,482,350,357,372,480,508,454,372,458,476,507,372,509,419,253,39,410,1,2022-23,Johnny Juzang (2022-23),105.09,510,,
202685,Jonas Valančiūnas,Jonas,1610612740,NOP,31.0,79,40,39,0.506,24.9,5.6,10.3,0.547,0.5,1.4,0.349,2.3,2.8,0.826,2.8,7.3,10.2,1.8,2.0,0.3,0.7,0.6,3.1,3.1,14.1,-0.1,29.7,43,0,28.4,27,74,60,261,178,96,115,85,349,362,254,99,103,164,17,13,9,207,75,439,85,111,26,71,107,252,96,5,39,96,1,2022-23,Jonas Valančiūnas (2022-23),99.83,4101,,
1628371,Jonathan Isaac,Jonathan,1610612753,ORL,25.0,11,8,3,0.727,11.3,2.0,4.8,0.415,0.5,1.4,0.4,0.5,0.8,0.556,1.4,2.6,4.0,0.5,0.4,1.3,0.4,0.2,0.5,1.0,5.0,-1.7,15.2,0,0,13.4,465,436,496,24,427,344,322,410,335,364,85,408,361,470,101,218,181,450,456,34,211,383,507,299,360,384,274,253,39,298,1,2022-23,Jonathan Isaac (2022-23),99.46,255,,
1630228,Jonathan Kuminga,Jonathan,1610612744,GSW,20.0,67,38,29,0.567,20.8,3.9,7.4,0.525,0.8,2.2,0.37,1.3,2.1,0.652,1.0,2.4,3.4,1.9,1.4,0.6,0.5,0.5,2.3,1.8,9.9,-0.8,18.7,1,0,18.2,145,95,199,159,231,167,197,113,266,287,182,193,169,430,152,258,236,198,147,238,148,150,107,164,178,316,222,192,39,213,1,2022-23,Jonathan Kuminga (2022-23),103.18,2992,,
203903,Jordan Clarkson,Jordan,1610612762,UTA,31.0,61,30,31,0.492,32.6,7.5,16.9,0.444,2.5,7.5,0.338,3.3,4.0,0.816,1.2,2.9,4.0,4.4,3.0,0.5,0.2,0.9,2.0,3.1,20.8,0.6,31.5,3,0,33.3,214,207,164,295,67,46,38,306,36,21,277,59,63,179,124,196,179,72,23,282,325,42,186,74,45,195,80,130,39,62,1,2022-23,Jordan Clarkson (2022-23),100.54,4165,,
1630692,Jordan Goodwin,Jordan,1610612764,WAS,24.0,62,22,40,0.355,17.8,2.5,5.7,0.448,0.6,1.9,0.322,0.9,1.1,0.768,0.9,2.4,3.3,2.7,0.9,0.9,0.4,0.4,1.5,1.2,6.6,-1.9,17.7,0,0,15.9,203,290,54,435,297,278,275,296,314,316,341,282,293,259,186,260,247,137,259,102,168,186,314,268,299,398,231,253,39,250,1,2022-23,Jordan Goodwin (2022-23),101.78,2339,,
1631160,Jordan Hall,Jordan,1610612759,SAS,21.0,9,1,8,0.111,9.2,1.0,3.1,0.321,0.3,1.7,0.2,0.8,1.0,0.778,0.3,1.0,1.3,1.2,0.8,0.1,0.0,0.1,0.7,0.6,3.1,-2.7,6.1,0,0,6.2,471,507,442,526,455,471,423,513,392,328,461,301,312,236,405,458,460,305,312,499,491,458,482,422,451,445,478,253,39,465,1,2022-23,Jordan Hall (2022-23),101.91,175,,
1629162,Jordan McLaughlin,Jordan,1610612750,MIN,27.0,43,22,21,0.512,15.8,1.4,3.4,0.421,0.6,1.8,0.308,0.3,0.4,0.833,0.3,1.1,1.4,3.4,0.8,0.7,0.1,0.2,0.7,0.5,3.7,2.0,12.4,0,0,10.9,327,290,327,252,322,424,407,391,332,322,366,442,456,144,401,449,451,105,316,173,450,379,487,446,427,100,335,253,39,361,1,2022-23,Jordan McLaughlin (2022-23),106.51,1504,,
1629670,Jordan Nwora,Jordan,1610612754,IND,24.0,62,36,26,0.581,19.2,3.1,7.2,0.436,1.4,3.4,0.408,1.1,1.4,0.791,0.8,2.9,3.7,1.4,1.1,0.4,0.2,0.5,1.2,1.1,8.7,-4.1,16.1,1,0,16.5,203,126,250,140,272,232,207,337,151,179,70,235,243,214,218,195,208,258,214,359,313,158,398,287,223,494,256,192,39,244,2,2022-23,Jordan Nwora (2022-23),103.63,2569,,
1629673,Jordan Poole,Jordan,1610612744,GSW,24.0,82,44,38,0.537,30.0,6.7,15.6,0.43,2.6,7.8,0.336,4.4,5.1,0.87,0.4,2.4,2.7,4.5,3.1,0.8,0.3,0.9,2.6,4.2,20.4,-0.1,30.5,1,0,32.3,2,40,69,210,110,66,50,360,33,17,284,35,40,87,379,263,306,66,22,160,286,35,66,34,50,254,89,192,39,70,1,2022-23,Jordan Poole (2022-23),104.15,5348,,
1630648,Jordan Schakel,Jordan,1610612764,WAS,25.0,2,0,2,0.0,3.1,0.5,1.0,0.5,0.5,0.5,1.0,0.0,0.0,0.0,0.0,0.0,0.0,0.5,0.0,0.5,0.0,0.0,0.5,0.5,1.5,3.0,3.8,0,0,3.5,525,528,512,528,527,508,524,140,342,456,1,511,516,511,517,531,533,463,519,303,491,499,501,439,506,53,512,253,39,513,1,2022-23,Jordan Schakel (2022-23),92.41,12,,
1630631,Jose Alvarado,Jose,1610612740,NOP,25.0,61,30,31,0.492,21.5,3.3,8.0,0.411,1.4,4.0,0.336,1.1,1.3,0.813,0.5,1.9,2.3,3.0,1.3,1.1,0.2,0.5,2.0,1.2,9.0,1.7,18.8,0,0,18.3,214,207,164,295,228,219,175,418,155,140,283,236,254,184,343,342,356,118,160,57,383,151,170,263,215,117,219,253,39,212,1,2022-23,Jose Alvarado (2022-23),101.79,2778,,
1630528,Josh Christopher,Josh,1610612745,HOU,21.0,64,16,48,0.25,12.3,2.4,5.1,0.465,0.3,1.4,0.236,0.7,0.9,0.75,0.3,0.8,1.1,1.1,0.9,0.5,0.2,0.3,0.9,0.6,5.8,-3.5,10.2,0,0,9.9,181,357,18,484,407,295,302,241,401,361,451,318,335,290,424,483,480,324,250,297,304,264,451,404,328,476,392,253,39,395,1,2022-23,Josh Christopher (2022-23),100.28,1644,,
1630581,Josh Giddey,Josh,1610612760,OKC,20.0,76,34,42,0.447,31.1,7.1,14.7,0.482,1.0,3.1,0.325,1.4,1.9,0.731,1.9,5.9,7.9,6.2,2.8,0.8,0.4,1.1,1.9,1.5,16.6,-1.4,36.0,28,4,33.9,55,149,42,364,88,60,61,199,214,208,334,188,185,333,51,35,37,27,36,168,177,17,211,208,81,363,50,21,7,58,1,2022-23,Josh Giddey (2022-23),103.17,5090,,
1630182,Josh Green,Josh,1610612742,DAL,22.0,60,27,33,0.45,25.7,3.4,6.4,0.537,1.1,2.8,0.402,1.1,1.6,0.723,0.9,2.1,3.0,1.7,1.2,0.7,0.1,0.4,2.6,2.0,9.1,1.3,16.5,1,0,16.6,222,238,138,360,173,212,240,97,196,230,80,227,223,342,188,301,270,210,183,185,457,210,69,142,210,141,247,192,39,241,1,2022-23,Josh Green (2022-23),98.96,3173,,
1628404,Josh Hart,Josh,1610612752,NYK,28.0,76,42,34,0.553,32.3,3.6,6.8,0.529,0.8,2.2,0.372,1.7,2.3,0.75,1.9,5.9,7.8,3.8,1.5,1.2,0.3,0.5,2.6,2.1,9.8,4.1,27.6,10,0,25.1,55,60,121,179,71,189,221,103,267,290,173,145,146,290,55,35,39,87,124,46,268,133,77,130,186,32,114,64,39,123,2,2022-23,Josh Hart (2022-23),99.12,5074,,
1631169,Josh Minott,Josh,1610612750,MIN,20.0,15,7,8,0.467,6.4,1.2,2.4,0.5,0.1,0.4,0.333,0.5,0.5,1.0,0.3,1.3,1.7,0.3,0.2,0.3,0.4,0.4,0.7,0.3,3.1,1.6,7.4,1,0,6.5,451,442,442,338,494,453,465,140,448,471,292,382,428,1,405,409,423,497,497,433,182,199,482,473,453,120,448,192,39,460,1,2022-23,Josh Minott (2022-23),109.99,221,,
1629006,Josh Okogie,Josh,1610612756,PHX,24.0,72,38,34,0.528,18.8,2.3,5.8,0.391,0.9,2.7,0.335,1.9,2.7,0.724,1.5,2.0,3.5,1.5,0.9,0.8,0.5,0.4,1.6,2.5,7.3,1.5,16.6,2,0,15.7,102,95,121,221,280,314,272,458,235,232,286,126,113,341,91,326,230,250,271,156,143,225,293,104,261,128,245,155,39,256,1,2022-23,Josh Okogie (2022-23),100.74,2820,,
1626196,Josh Richardson,Josh,1610612740,NOP,29.0,65,24,41,0.369,23.5,3.7,8.5,0.431,1.6,4.5,0.365,1.1,1.2,0.852,0.6,2.1,2.7,2.7,1.3,1.1,0.3,0.1,1.8,1.5,10.1,-2.5,20.1,1,0,19.8,171,271,48,425,195,185,156,353,113,112,203,238,266,119,282,310,312,141,162,68,245,429,233,205,175,438,198,192,39,191,2,2022-23,Josh Richardson (2022-23),102.79,3279,,
1630563,Joshua Primo,Joshua,1610612759,SAS,20.0,4,3,1,0.75,23.3,2.3,6.5,0.346,0.8,3.0,0.25,1.8,2.3,0.778,0.5,2.8,3.3,4.5,2.8,0.3,0.5,1.0,2.0,2.8,7.0,-0.5,17.2,0,0,17.0,509,481,516,17,201,314,231,500,278,216,432,142,153,236,330,205,250,66,37,440,132,28,177,86,271,294,240,253,39,234,1,2022-23,Joshua Primo (2022-23),106.68,205,,
201950,Jrue Holiday,Jrue,1610612749,MIL,33.0,67,50,17,0.746,32.6,7.3,15.3,0.479,2.4,6.1,0.384,2.3,2.6,0.859,1.2,3.9,5.1,7.4,2.9,1.2,0.4,0.7,1.7,2.4,19.3,7.2,38.2,16,0,37.2,145,13,376,19,68,52,52,209,47,48,137,100,115,101,125,104,101,12,26,41,204,83,249,107,62,5,41,41,39,40,1,2022-23,Jrue Holiday (2022-23),102.82,4698,,
1629308,Juan Toscano-Anderson,Juan,1610612762,UTA,30.0,52,19,33,0.365,13.5,1.2,2.8,0.448,0.2,0.8,0.186,0.4,0.5,0.792,0.5,1.8,2.4,1.3,0.7,0.3,0.2,0.2,1.5,0.7,3.0,-2.8,8.6,0,0,7.8,283,324,138,426,381,446,447,297,444,420,466,440,447,212,319,344,347,294,355,411,343,334,310,393,461,451,429,253,39,440,2,2022-23,Juan Toscano-Anderson (2022-23),103.71,1514,,
1627823,Juancho Hernangomez,Juancho,1610612761,TOR,27.0,42,20,22,0.476,14.6,1.1,2.7,0.421,0.4,1.6,0.254,0.2,0.4,0.563,0.6,2.3,2.9,0.6,0.4,0.4,0.1,0.1,1.0,0.4,2.9,0.3,8.5,1,0,7.9,335,310,315,320,352,461,449,385,372,339,430,475,465,469,278,273,284,437,459,364,400,446,429,455,464,208,431,192,39,438,1,2022-23,Juancho Hernangomez (2022-23),99.21,1271,,
1630577,Julian Champagnie,Julian,1610612759,SAS,22.0,17,7,10,0.412,18.8,3.5,7.6,0.454,1.9,4.8,0.402,0.8,1.0,0.824,0.6,2.9,3.5,0.6,0.6,0.4,0.3,0.3,1.5,0.8,9.7,-4.4,16.1,1,0,17.1,442,442,430,400,278,206,187,274,85,96,79,294,312,166,303,190,226,439,359,383,256,284,315,352,187,500,255,192,39,231,2,2022-23,Julian Champagnie (2022-23),104.51,697,,
203944,Julius Randle,Julius,1610612752,NYK,28.0,77,44,33,0.571,35.5,8.5,18.6,0.459,2.8,8.3,0.343,5.2,6.9,0.757,1.8,8.1,10.0,4.1,2.8,0.6,0.3,0.7,3.0,4.9,25.1,2.2,43.2,40,0,43.9,46,40,138,149,19,28,19,253,19,11,269,20,15,284,59,8,11,78,33,222,269,67,29,22,19,86,20,6,39,18,1,2022-23,Julius Randle (2022-23),97.83,5587,,
1630551,Justin Champagnie,Justin,1610612738,BOS,22.0,5,4,1,0.8,6.9,1.0,3.0,0.333,0.2,1.0,0.2,0.0,0.0,0.0,0.6,1.0,1.6,0.8,0.0,0.2,0.0,0.4,0.4,0.2,2.2,-0.8,5.9,0,0,5.2,499,468,516,11,488,471,428,507,428,400,461,511,516,511,296,458,435,398,519,464,491,199,515,500,485,317,480,253,39,487,2,2022-23,Justin Champagnie (2022-23),95.21,69,,
203200,Justin Holiday,Justin,1610612742,DAL,34.0,46,18,28,0.391,15.4,1.7,4.4,0.377,1.0,3.1,0.322,0.1,0.2,0.625,0.1,1.1,1.2,0.9,0.5,0.4,0.4,0.2,1.5,0.4,4.5,-2.8,9.2,0,0,9.2,315,339,214,414,330,392,345,476,214,206,342,502,500,445,508,450,473,374,421,346,172,366,329,467,388,449,412,253,39,407,2,2022-23,Justin Holiday (2022-23),104.48,1542,,
1628382,Justin Jackson,Justin,1610612738,BOS,28.0,23,15,8,0.652,4.7,0.3,1.2,0.259,0.2,0.9,0.25,0.0,0.1,0.5,0.1,0.7,0.7,0.4,0.1,0.2,0.2,0.0,0.3,0.1,0.9,-3.1,3.3,0,0,2.9,425,369,442,73,519,528,518,521,425,416,432,509,513,482,510,504,514,486,514,476,364,492,521,522,529,465,520,253,39,524,1,2022-23,Justin Jackson (2022-23),101.21,223,,
1631303,Justin Minaya,Justin,1610612757,POR,24.0,4,0,4,0.0,22.2,1.8,5.8,0.304,0.8,3.0,0.25,0.0,0.3,0.0,0.8,3.0,3.8,1.0,1.0,0.5,1.3,0.0,2.3,0.3,4.3,-5.0,14.5,0,0,13.3,509,528,480,528,217,380,272,516,278,216,432,511,487,511,244,182,206,342,225,303,21,499,126,490,398,511,289,253,39,304,1,2022-23,Justin Minaya (2022-23),105.08,196,,
1626159,Justise Winslow,Justise,1610612757,POR,27.0,29,15,14,0.517,26.8,2.8,6.8,0.409,0.5,1.6,0.311,0.7,1.0,0.714,1.7,3.3,5.0,3.4,1.5,1.0,0.4,0.4,3.1,0.9,6.8,-1.3,20.6,1,0,18.4,406,369,393,242,153,257,224,422,348,343,361,324,331,354,72,156,109,107,140,75,199,179,28,327,287,358,190,192,39,209,1,2022-23,Justise Winslow (2022-23),98.9,1600,,
203994,Jusuf Nurkić,Jusuf,1610612757,POR,28.0,52,24,28,0.462,26.8,5.0,9.7,0.519,0.8,2.3,0.361,2.4,3.7,0.661,2.2,6.9,9.1,2.9,2.3,0.8,0.8,0.7,3.6,3.5,13.3,0.2,31.2,18,0,29.4,283,271,214,347,152,114,131,119,257,282,215,93,70,424,33,16,21,128,55,139,50,91,5,59,117,220,82,35,39,91,1,2022-23,Jusuf Nurkić (2022-23),99.59,2887,,
1630231,KJ Martin,KJ,1610612745,HOU,22.0,82,22,60,0.268,28.0,5.0,8.8,0.569,0.8,2.6,0.315,1.8,2.7,0.68,1.5,4.0,5.5,1.5,1.1,0.5,0.4,0.6,1.8,1.9,12.7,-4.5,23.0,5,0,22.2,2,290,1,475,142,116,152,64,256,239,352,136,111,395,89,101,88,240,204,303,210,97,236,163,125,503,165,105,39,156,1,2022-23,KJ Martin (2022-23),101.53,4858,,
1629644,KZ Okpala,KZ,1610612758,SAC,24.0,35,19,16,0.543,7.1,0.5,1.1,0.421,0.2,0.6,0.333,0.2,0.2,0.875,0.2,0.8,1.0,0.4,0.2,0.2,0.2,0.1,1.1,0.4,1.3,-0.3,4.0,0,0,3.7,379,324,379,202,485,517,522,385,428,446,292,476,490,74,475,487,496,490,497,464,333,489,415,457,516,279,509,253,39,511,1,2022-23,KZ Okpala (2022-23),106.83,543,,
1630539,Kai Jones,Kai,1610612766,CHA,22.0,46,13,33,0.283,11.9,1.5,2.6,0.558,0.1,0.4,0.211,0.4,0.6,0.731,0.8,1.9,2.7,0.3,0.7,0.4,0.7,0.2,1.4,0.5,3.4,-0.7,9.5,1,0,8.5,315,391,138,471,414,419,454,75,463,470,460,421,421,334,227,338,316,501,344,370,87,389,342,435,443,306,407,192,39,419,1,2022-23,Kai Jones (2022-23),102.09,1171,,
1626157,Karl-Anthony Towns,Karl-Anthony,1610612750,MIN,27.0,29,15,14,0.517,33.0,7.3,14.8,0.495,2.1,5.7,0.366,4.1,4.7,0.874,1.7,6.5,8.1,4.8,3.0,0.7,0.6,0.7,3.8,4.6,20.8,1.3,38.6,9,0,38.3,406,369,393,242,58,53,60,162,66,59,198,40,46,79,74,25,35,60,25,197,99,90,3,27,46,136,38,70,39,34,1,2022-23,Karl-Anthony Towns (2022-23),102.72,2049,,
202695,Kawhi Leonard,Kawhi,1610612746,LAC,32.0,52,33,19,0.635,33.6,8.6,16.8,0.512,2.0,4.8,0.416,4.7,5.4,0.871,1.1,5.4,6.5,3.9,1.7,1.4,0.5,0.5,1.6,4.1,23.8,4.2,41.6,4,0,40.1,283,162,346,92,50,27,40,128,72,97,55,29,33,84,144,49,59,80,108,24,119,162,281,35,28,31,28,118,39,29,1,2022-23,Kawhi Leonard (2022-23),98.65,3592,,
1631099,Keegan Murray,Keegan,1610612758,SAC,22.0,80,47,33,0.588,29.8,4.4,9.8,0.453,2.6,6.3,0.411,0.8,1.0,0.765,1.1,3.5,4.6,1.2,0.8,0.8,0.5,0.5,2.0,1.0,12.2,1.2,22.7,4,0,23.2,15,22,138,130,113,137,129,279,34,45,62,303,311,265,140,135,129,304,319,162,124,141,174,306,134,142,168,118,39,146,1,2022-23,Keegan Murray (2022-23),101.2,5028,,
1628966,Keita Bates-Diop,Keita,1610612759,SAS,27.0,67,18,49,0.269,21.7,3.5,6.9,0.508,0.8,2.1,0.394,1.8,2.2,0.793,1.0,2.7,3.7,1.5,0.8,0.7,0.3,0.6,0.9,1.4,9.7,-4.0,18.5,0,0,17.7,145,339,15,474,225,200,217,134,253,294,101,140,155,210,171,211,209,234,288,199,254,125,447,219,190,493,225,253,39,224,1,2022-23,Keita Bates-Diop (2022-23),103.18,3122,,
1629640,Keldon Johnson,Keldon,1610612759,SAS,23.0,63,17,46,0.27,32.8,8.0,17.7,0.452,2.1,6.5,0.329,3.9,5.2,0.749,0.9,4.2,5.0,2.9,2.1,0.7,0.2,1.0,2.0,3.6,22.0,-7.8,33.0,5,0,33.9,189,347,24,473,62,36,31,281,58,42,323,45,37,304,195,89,104,124,65,176,363,25,180,53,35,533,69,105,39,59,1,2022-23,Keldon Johnson (2022-23),101.73,4374,,
203482,Kelly Olynyk,Kelly,1610612762,UTA,32.0,68,28,40,0.412,28.6,4.1,8.2,0.499,1.4,3.5,0.394,2.9,3.4,0.853,1.2,5.0,6.2,3.7,2.5,0.9,0.5,0.4,3.4,3.8,12.5,0.2,27.2,9,0,26.6,133,230,54,400,128,150,168,156,154,174,103,68,79,114,121,61,68,92,47,119,116,183,11,48,131,219,120,70,39,111,1,2022-23,Kelly Olynyk (2022-23),100.9,4080,,
1626162,Kelly Oubre Jr.,Kelly,1610612766,CHA,27.0,48,16,32,0.333,32.2,7.4,17.1,0.431,2.3,7.1,0.319,3.3,4.3,0.76,1.4,3.8,5.2,1.1,1.3,1.4,0.4,1.1,2.9,3.9,20.3,-5.8,32.2,3,0,32.4,302,357,156,442,72,50,37,357,52,31,347,58,54,276,102,109,99,327,156,21,202,16,36,43,53,521,74,130,39,69,1,2022-23,Kelly Oubre Jr. (2022-23),101.92,3275,,
202689,Kemba Walker,Kemba,1610612742,DAL,33.0,9,5,4,0.556,16.0,2.7,6.3,0.421,0.8,3.1,0.25,1.9,2.3,0.81,0.3,1.4,1.8,2.1,0.4,0.2,0.2,0.6,1.2,1.8,8.0,-0.1,14.2,0,0,13.6,471,459,480,172,319,267,241,385,272,205,432,130,142,190,405,392,411,181,431,454,317,123,387,174,242,244,294,253,39,293,1,2022-23,Kemba Walker (2022-23),97.4,294,,
1631112,Kendall Brown,Kendall,1610612754,IND,20.0,6,1,5,0.167,6.7,0.7,1.2,0.571,0.0,0.2,0.0,0.2,0.3,0.5,0.3,0.7,1.0,0.5,0.3,0.7,0.0,0.2,1.5,0.3,1.5,0.7,5.1,0,0,4.3,493,507,464,517,489,495,519,62,492,489,492,485,473,482,405,499,485,463,469,206,491,398,322,473,506,186,492,253,39,499,1,2022-23,Kendall Brown (2022-23),117.93,97,,
1629134,Kendrick Nunn,Kendrick,1610612764,WAS,27.0,70,30,40,0.429,13.8,2.7,6.4,0.424,1.1,3.2,0.354,0.5,0.6,0.854,0.2,1.3,1.6,1.3,0.9,0.4,0.1,0.4,0.9,0.5,7.1,-0.8,11.4,0,0,12.1,116,207,54,378,374,262,237,377,198,200,235,389,417,113,468,408,441,285,246,351,446,188,446,437,268,313,362,253,39,331,2,2022-23,Kendrick Nunn (2022-23),104.1,2087,,
1631113,Kennedy Chandler,Kennedy,1610612763,MEM,20.0,36,22,14,0.611,7.8,1.0,2.3,0.422,0.1,0.4,0.133,0.2,0.4,0.462,0.3,0.8,1.1,1.6,0.5,0.3,0.1,0.3,0.4,0.5,2.2,-1.1,6.8,0,0,5.8,373,290,393,109,477,480,468,384,473,467,478,485,468,498,446,482,484,224,410,394,404,268,513,450,486,345,462,253,39,475,1,2022-23,Kennedy Chandler (2022-23),103.33,602,,
1631254,Kenneth Lofton Jr.,Kenneth,1610612763,MEM,20.0,24,15,9,0.625,7.3,2.0,3.9,0.527,0.3,0.7,0.353,0.7,1.1,0.593,0.8,1.3,2.1,0.8,0.5,0.2,0.1,0.2,1.2,0.9,5.0,-2.0,9.2,1,0,8.8,424,369,436,100,482,341,368,109,415,433,240,329,291,460,230,409,377,391,410,462,457,398,406,324,360,409,415,192,39,413,1,2022-23,Kenneth Lofton Jr. (2022-23),99.98,367,,
1629026,Kenrich Williams,Kenrich,1610612760,OKC,28.0,53,26,27,0.491,22.8,3.4,6.5,0.517,0.9,2.5,0.373,0.3,0.7,0.436,1.8,3.1,4.9,2.0,0.6,0.8,0.3,0.2,2.1,1.3,8.0,1.4,19.6,2,0,18.1,277,253,229,299,211,215,230,122,231,249,170,452,380,502,60,173,113,190,377,129,280,327,157,243,241,131,204,155,39,216,1,2022-23,Kenrich Williams (2022-23),101.85,2546,,
203484,Kentavious Caldwell-Pope,Kentavious,1610612743,DEN,30.0,76,51,25,0.671,31.3,3.8,8.3,0.462,1.8,4.2,0.423,1.4,1.6,0.824,0.5,2.3,2.7,2.4,1.1,1.5,0.5,0.1,1.9,1.9,10.8,6.5,22.4,0,0,21.6,55,10,268,55,86,172,163,248,100,131,47,191,216,165,341,276,308,158,197,17,149,448,202,155,157,7,171,253,39,169,1,2022-23,Kentavious Caldwell-Pope (2022-23),100.61,4992,,
1631165,Keon Ellis,Keon,1610612758,SAC,23.0,16,7,9,0.438,4.4,0.4,1.0,0.438,0.4,0.8,0.5,0.3,0.4,0.571,0.3,0.3,0.5,0.4,0.1,0.3,0.1,0.0,0.6,0.3,1.5,-1.3,3.7,0,0,3.5,445,442,436,372,521,519,524,332,381,426,10,465,453,465,446,527,525,489,517,408,481,499,489,490,506,359,513,253,39,513,1,2022-23,Keon Ellis (2022-23),99.57,147,,
1630553,Keon Johnson,Keon,1610612757,POR,21.0,40,13,27,0.325,10.4,1.7,4.5,0.376,0.7,2.0,0.346,0.7,1.0,0.659,0.3,0.8,1.1,1.5,1.1,0.5,0.2,0.2,1.1,0.8,4.7,-3.8,9.1,0,0,9.3,350,391,229,451,439,391,342,479,295,302,260,327,306,426,436,480,481,247,212,315,393,342,425,351,380,488,420,253,39,405,1,2022-23,Keon Johnson (2022-23),102.72,887,,
1630556,Kessler Edwards,Kessler,1610612758,SAC,22.0,36,17,19,0.472,10.7,1.0,2.6,0.387,0.5,1.5,0.309,0.3,0.4,0.733,0.6,1.1,1.7,0.6,0.4,0.4,0.2,0.1,1.1,0.4,2.8,0.1,7.1,0,0,6.7,373,347,346,326,433,471,458,465,350,346,365,455,457,329,279,454,417,427,458,357,372,428,416,452,469,224,456,253,39,458,2,2022-23,Kessler Edwards (2022-23),102.22,816,,
201142,Kevin Durant,Kevin,1610612756,PHX,34.0,47,34,13,0.723,35.6,10.3,18.3,0.56,2.0,4.9,0.404,6.5,7.1,0.919,0.4,6.3,6.7,5.0,3.3,0.7,1.4,0.5,2.1,5.8,29.1,5.5,47.7,5,1,47.0,311,149,407,26,18,6,22,74,77,95,76,9,13,40,392,28,53,56,12,179,13,132,158,11,8,15,10,105,17,11,2,2022-23,Kevin Durant (2022-23),99.0,3458,,
1628989,Kevin Huerter,Kevin,1610612758,SAC,24.0,75,44,31,0.587,29.4,5.6,11.5,0.485,2.7,6.8,0.402,1.3,1.7,0.725,0.6,2.8,3.3,2.9,1.3,1.1,0.3,0.3,2.4,1.3,15.2,3.0,26.5,0,0,27.0,70,40,164,134,118,97,95,189,24,38,81,207,207,338,313,203,244,122,165,66,238,259,92,249,94,59,124,253,39,105,1,2022-23,Kevin Huerter (2022-23),100.39,4614,,
1628995,Kevin Knox II,Kevin,1610612757,POR,23.0,63,12,51,0.19,15.1,2.4,5.3,0.458,1.0,3.0,0.349,0.7,1.0,0.767,0.5,2.3,2.8,0.5,0.8,0.4,0.2,0.2,1.5,0.7,6.6,-3.6,11.7,2,0,12.1,189,404,10,515,335,292,295,259,211,220,252,310,333,262,318,278,293,458,307,364,345,369,320,390,298,479,353,155,39,330,2,2022-23,Kevin Knox II (2022-23),103.97,2066,,
201567,Kevin Love,Kevin,1610612748,MIA,34.0,62,35,27,0.565,20.0,2.7,6.8,0.389,1.6,4.8,0.334,1.3,1.5,0.879,1.0,5.5,6.4,1.9,1.1,0.3,0.2,0.1,1.6,1.8,8.2,1.8,19.0,6,0,19.0,203,137,229,162,251,269,222,462,121,99,290,202,235,70,177,44,60,197,198,437,340,437,300,167,234,113,216,92,39,203,2,2022-23,Kevin Love (2022-23),99.14,2564,,
1629645,Kevin Porter Jr.,Kevin,1610612745,HOU,23.0,59,18,41,0.305,34.3,6.6,15.0,0.442,2.4,6.5,0.366,3.5,4.5,0.784,1.3,4.0,5.3,5.7,3.2,1.4,0.3,1.1,2.6,3.3,19.2,-5.8,36.0,9,1,35.9,230,339,48,458,42,69,56,313,46,41,197,53,52,225,111,95,96,37,20,22,258,21,61,64,63,522,51,70,17,50,1,2022-23,Kevin Porter Jr. (2022-23),99.8,4211,,
1630284,Kevon Harris,Kevon,1610612753,ORL,26.0,34,12,22,0.353,13.4,1.4,3.1,0.439,0.5,1.3,0.372,0.9,1.2,0.756,0.8,1.2,2.1,0.5,0.6,0.5,0.1,0.3,1.6,1.1,4.1,0.0,8.6,0,0,8.4,385,404,315,437,382,427,420,324,351,376,171,269,274,285,216,432,385,476,370,303,396,284,301,294,405,234,426,253,39,425,1,2022-23,Kevon Harris (2022-23),100.87,959,,
1626172,Kevon Looney,Kevon,1610612744,GSW,27.0,82,44,38,0.537,23.9,3.0,4.7,0.63,0.0,0.0,0.0,1.1,1.9,0.606,3.3,5.9,9.3,2.5,0.5,0.6,0.6,0.4,2.7,1.5,7.0,1.9,25.1,14,0,21.3,2,40,69,210,191,244,329,35,492,523,492,223,187,456,6,37,17,152,393,226,94,192,56,208,269,103,136,46,39,171,1,2022-23,Kevon Looney (2022-23),102.64,4174,,
203920,Khem Birch,Khem,1610612759,SAS,30.0,20,9,11,0.45,8.1,1.0,1.6,0.594,0.1,0.1,0.5,0.2,0.3,0.8,0.4,0.9,1.3,0.4,0.4,0.3,0.3,0.1,1.2,0.3,2.2,0.3,5.3,0,0,4.8,435,426,425,360,470,481,504,55,475,501,10,476,487,200,373,478,469,494,444,440,291,490,395,479,487,209,491,253,39,491,1,2022-23,Khem Birch (2022-23),98.02,329,,
203114,Khris Middleton,Khris,1610612749,MIL,31.0,33,25,8,0.758,24.3,5.4,12.3,0.436,1.5,4.9,0.315,2.8,3.1,0.902,0.8,3.4,4.2,4.9,2.2,0.7,0.2,0.6,2.1,2.6,15.1,4.0,28.0,4,0,27.5,390,262,442,16,186,105,82,336,126,94,352,73,91,55,208,148,156,57,63,188,391,115,168,96,95,34,108,118,39,102,1,2022-23,Khris Middleton (2022-23),105.32,1768,,
1630165,Killian Hayes,Killian,1610612765,DET,21.0,76,16,60,0.211,28.3,4.0,10.7,0.377,1.1,3.8,0.28,1.2,1.5,0.821,0.4,2.5,2.9,6.2,2.3,1.4,0.4,0.4,2.9,1.7,10.3,-6.6,26.0,6,0,24.0,55,357,1,503,136,156,111,477,206,157,407,214,234,170,389,234,288,26,57,27,207,213,38,180,165,527,129,92,39,141,1,2022-23,Killian Hayes (2022-23),100.24,4494,,
1630184,Kira Lewis Jr.,Kira,1610612740,NOP,22.0,25,11,14,0.44,9.4,1.6,3.5,0.455,0.6,1.4,0.441,0.8,0.9,0.864,0.2,1.1,1.3,0.9,0.4,0.4,0.1,0.4,1.0,0.6,4.6,2.5,8.6,0,0,8.4,419,413,393,371,452,401,395,269,317,365,33,306,345,96,475,444,461,362,444,351,465,199,442,413,387,77,428,253,39,427,1,2022-23,Kira Lewis Jr. (2022-23),101.62,500,,
202691,Klay Thompson,Klay,1610612744,GSW,33.0,69,38,31,0.551,33.0,7.9,18.1,0.436,4.4,10.6,0.412,1.7,1.9,0.879,0.6,3.6,4.1,2.4,1.8,0.7,0.4,0.5,1.9,1.3,21.9,2.4,32.0,2,0,35.0,123,95,164,185,57,37,24,335,2,4,61,148,183,71,310,128,164,163,96,182,167,163,209,245,36,81,76,155,39,53,1,2022-23,Klay Thompson (2022-23),103.95,4945,,
1628424,Kobi Simmons,Kobi,1610612766,CHA,25.0,5,1,4,0.2,5.6,0.2,1.2,0.167,0.2,1.0,0.2,0.4,0.4,1.0,0.2,0.6,0.8,1.0,0.2,0.0,0.4,0.0,0.0,0.4,1.0,-3.8,4.5,0,0,3.8,499,507,480,505,506,531,517,530,428,400,461,425,458,1,475,508,505,342,497,513,182,499,528,457,524,487,502,253,39,510,1,2022-23,Kobi Simmons (2022-23),103.7,61,,
1627739,Kris Dunn,Kris,1610612762,UTA,29.0,22,8,14,0.364,25.8,5.3,9.8,0.537,0.8,1.6,0.472,1.9,2.4,0.774,0.4,4.1,4.5,5.6,1.6,1.1,0.5,0.7,2.6,2.0,13.2,-2.8,30.3,3,0,27.3,430,436,393,427,171,109,128,96,276,333,25,134,135,245,368,93,133,41,119,49,150,69,63,148,118,450,90,130,39,103,1,2022-23,Kris Dunn (2022-23),105.21,1240,,
204001,Kristaps Porziņģis,Kristaps,1610612764,WAS,27.0,65,27,38,0.415,32.6,7.8,15.7,0.498,2.1,5.5,0.385,5.4,6.4,0.851,1.8,6.6,8.4,2.7,2.1,0.9,1.5,0.9,3.0,6.1,23.2,1.2,42.4,20,0,41.2,171,238,69,395,65,40,48,158,61,68,134,16,18,121,63,21,31,141,67,117,9,38,30,9,32,143,25,30,39,27,1,2022-23,Kristaps Porziņģis (2022-23),99.2,4388,,
203937,Kyle Anderson,Kyle,1610612750,MIN,29.0,69,36,33,0.522,28.4,3.7,7.2,0.509,0.6,1.5,0.41,1.4,2.0,0.735,1.0,4.4,5.3,4.9,1.5,1.1,0.9,0.3,2.1,1.9,9.4,1.3,27.7,10,3,24.3,123,126,138,230,135,186,208,132,312,347,65,179,176,328,173,77,95,58,139,51,43,303,155,158,198,139,111,64,9,134,1,2022-23,Kyle Anderson (2022-23),101.66,4143,,
1628398,Kyle Kuzma,Kyle,1610612764,WAS,27.0,64,29,35,0.453,35.0,8.0,17.8,0.448,2.5,7.5,0.333,2.7,3.7,0.73,0.9,6.4,7.2,3.7,3.0,0.6,0.5,0.9,2.3,2.8,21.2,0.2,35.6,14,1,36.7,181,220,100,356,28,34,29,291,38,22,315,76,69,335,204,27,43,90,24,266,151,33,121,86,40,222,55,46,17,43,1,2022-23,Kyle Kuzma (2022-23),100.4,4681,,
200768,Kyle Lowry,Kyle,1610612748,MIA,37.0,55,30,25,0.545,31.2,3.6,8.8,0.404,1.9,5.6,0.345,2.1,2.5,0.859,0.8,3.3,4.1,5.1,1.9,1.0,0.4,0.4,2.6,2.5,11.2,1.0,26.1,2,1,25.2,267,207,268,195,87,193,151,432,84,60,263,112,129,100,238,157,170,53,89,74,196,185,69,99,152,155,128,155,17,121,1,2022-23,Kyle Lowry (2022-23),97.13,3483,,
202681,Kyrie Irving,Kyrie,1610612742,DAL,31.0,60,32,28,0.533,37.3,9.9,20.1,0.494,3.1,8.3,0.379,4.1,4.6,0.905,1.0,4.1,5.1,5.5,2.1,1.1,0.8,0.9,2.8,3.6,27.1,3.7,44.8,5,0,44.5,222,178,214,217,3,11,12,166,10,10,149,38,51,52,168,94,102,43,64,56,65,34,52,54,12,42,15,105,39,13,2,2022-23,Kyrie Irving (2022-23),98.47,4599,,
1630163,LaMelo Ball,LaMelo,1610612766,CHA,21.0,36,13,23,0.361,35.2,8.2,20.0,0.411,4.0,10.6,0.376,2.8,3.4,0.843,1.2,5.3,6.4,8.4,3.6,1.3,0.3,0.8,3.3,3.1,23.3,-4.2,44.8,17,3,45.3,373,391,303,429,25,30,13,420,4,3,157,69,80,131,128,56,61,6,4,33,247,64,15,75,30,497,16,39,9,12,1,2022-23,LaMelo Ball (2022-23),104.37,2748,,
1630205,Lamar Stevens,Lamar,1610612739,CLE,25.0,62,39,23,0.629,18.1,2.1,4.6,0.448,0.5,1.5,0.316,0.6,0.9,0.702,0.8,2.6,3.3,0.5,0.4,0.4,0.3,0.5,1.3,0.7,5.3,0.1,11.9,1,0,11.1,203,89,303,96,294,335,333,293,346,345,350,339,337,371,239,231,246,454,438,332,246,158,372,382,348,226,347,192,39,353,1,2022-23,Lamar Stevens (2022-23),96.64,2247,,
1629013,Landry Shamet,Landry,1610612756,PHX,26.0,40,19,21,0.475,20.2,2.8,7.5,0.377,1.9,5.0,0.377,1.1,1.3,0.882,0.3,1.4,1.7,2.3,0.9,0.7,0.1,0.4,1.5,1.2,8.7,1.0,15.6,0,0,16.1,350,324,327,322,248,254,193,478,93,90,155,228,262,68,436,402,421,166,265,217,423,218,317,271,226,161,264,253,39,249,1,2022-23,Landry Shamet (2022-23),100.77,1694,,
1626204,Larry Nance Jr.,Larry,1610612740,NOP,30.0,65,34,31,0.523,21.2,2.9,4.7,0.61,0.2,0.6,0.333,0.8,1.2,0.696,1.6,3.8,5.4,1.8,0.6,0.9,0.6,0.2,2.0,1.4,6.8,2.8,19.7,3,0,17.1,171,149,164,227,229,250,328,45,426,440,292,284,273,380,79,112,91,201,360,122,108,350,171,238,285,62,202,130,39,227,1,2022-23,Larry Nance Jr. (2022-23),100.69,2893,,
1628374,Lauri Markkanen,Lauri,1610612762,UTA,26.0,66,32,34,0.485,34.4,8.7,17.3,0.499,3.0,7.7,0.391,5.3,6.0,0.875,2.0,6.7,8.6,1.9,1.9,0.6,0.6,1.0,2.1,4.5,25.6,2.5,40.5,28,0,41.6,162,178,121,310,40,25,35,157,12,19,109,19,21,78,49,20,29,199,85,222,104,30,164,29,18,78,32,21,39,25,1,2022-23,Lauri Markkanen (2022-23),101.06,4777,,
2544,LeBron James,LeBron,1610612747,LAL,38.0,55,30,25,0.545,35.5,11.1,22.2,0.5,2.2,6.9,0.321,4.6,5.9,0.768,1.2,7.1,8.3,6.8,3.2,0.9,0.6,0.9,1.6,5.0,28.9,3.9,50.3,18,2,49.2,267,207,268,195,21,2,1,155,56,36,344,32,25,261,123,14,34,19,17,111,101,41,284,20,9,38,7,35,11,8,1,2022-23,LeBron James (2022-23),103.11,4207,,
1630195,Leandro Bolmaro,Leandro,1610612762,UTA,22.0,14,8,6,0.571,4.9,0.2,1.4,0.15,0.0,0.3,0.0,0.0,0.0,0.0,0.3,0.2,0.5,0.5,0.5,0.2,0.1,0.1,0.7,0.6,0.4,0.1,2.1,0,0,2.0,457,436,457,149,518,530,511,532,492,476,492,511,516,511,431,529,525,463,410,461,475,483,478,419,534,223,528,253,39,530,1,2022-23,Leandro Bolmaro (2022-23),104.1,149,,
1631311,Lester Quinones,Lester,1610612744,GSW,22.0,4,4,0,1.0,4.5,0.5,1.3,0.4,0.5,1.0,0.5,1.0,1.5,0.667,0.3,0.5,0.8,0.5,1.3,0.3,0.0,0.0,0.0,0.8,2.5,1.5,3.7,0,0,4.8,509,468,532,1,520,508,515,436,342,400,10,248,230,403,446,513,509,463,171,440,491,499,528,366,475,125,514,253,39,492,1,2022-23,Lester Quinones (2022-23),108.63,41,,
1629623,Lindell Wigginton,Lindell,1610612749,MIL,25.0,7,4,3,0.571,12.4,2.6,5.3,0.486,0.9,2.6,0.333,1.1,1.3,0.889,0.0,1.0,1.0,2.0,1.7,0.0,0.3,0.3,1.0,1.9,7.1,-5.6,10.5,1,0,11.6,482,468,496,149,406,275,294,183,248,243,292,225,259,62,517,458,485,186,104,513,259,291,433,161,265,518,381,192,39,342,1,2022-23,Lindell Wigginton (2022-23),103.87,187,,
1630322,Lindy Waters III,Lindy,1610612760,OKC,25.0,41,20,21,0.488,12.9,1.7,4.3,0.393,1.4,4.0,0.358,0.4,0.5,0.8,0.4,1.4,1.8,0.7,0.2,0.3,0.3,0.1,1.0,0.3,5.2,3.3,10.0,0,0,10.4,346,310,327,301,390,385,349,453,144,145,224,430,442,200,379,394,405,416,492,390,276,482,428,482,352,47,396,253,39,376,1,2022-23,Lindy Waters III (2022-23),103.31,1150,,
1629022,Lonnie Walker IV,Lonnie,1610612747,LAL,24.0,56,27,29,0.482,23.2,4.2,9.4,0.448,1.6,4.4,0.365,1.6,1.9,0.858,0.3,1.7,1.9,1.1,0.8,0.5,0.3,0.4,1.3,1.2,11.7,-3.7,17.4,0,0,18.1,253,238,199,313,204,144,139,294,116,116,200,154,186,102,446,361,395,322,295,286,249,218,373,264,141,481,233,253,39,218,1,2022-23,Lonnie Walker IV (2022-23),104.03,2810,,
1629663,Louis King,Louis,1610612755,PHI,24.0,1,1,0,1.0,28.8,8.0,13.0,0.615,4.0,8.0,0.5,0.0,1.0,0.0,2.0,2.0,4.0,2.0,2.0,1.0,0.0,0.0,4.0,2.0,20.0,2.0,28.8,0,0,32.0,531,507,532,1,126,34,80,41,4,16,10,511,312,511,44,318,181,186,76,80,491,499,2,142,56,96,101,253,39,71,1,2022-23,Louis King (2022-23),104.17,62,,
1629652,Luguentz Dort,Luguentz,1610612760,OKC,24.0,74,36,38,0.486,30.7,4.6,11.8,0.388,1.8,5.5,0.33,2.7,3.5,0.772,1.7,2.9,4.6,2.1,1.2,1.0,0.3,0.7,3.3,3.7,13.7,0.5,25.1,5,0,24.9,79,126,69,305,94,128,91,464,95,64,319,77,76,251,64,192,127,183,173,79,243,71,14,51,114,200,138,105,39,127,1,2022-23,Luguentz Dort (2022-23),102.98,4870,,
1629029,Luka Dončić,Luka,1610612742,DAL,24.0,66,33,33,0.5,36.2,10.9,22.0,0.496,2.8,8.2,0.342,7.8,10.5,0.742,0.8,7.8,8.6,8.0,3.6,1.4,0.5,0.7,2.5,7.3,32.4,1.9,56.8,36,10,55.6,162,162,138,264,10,4,2,160,22,12,270,5,4,313,222,9,30,9,6,28,132,84,81,3,2,101,1,11,3,1,1,2022-23,Luka Dončić (2022-23),97.63,4874,,
1630568,Luka Garza,Luka,1610612750,MIN,24.0,28,15,13,0.536,8.7,2.3,4.1,0.543,0.5,1.4,0.359,1.5,1.9,0.788,1.2,1.1,2.3,0.6,0.5,0.1,0.1,0.3,1.5,1.3,6.5,0.6,10.2,0,0,10.2,411,369,407,212,464,314,356,90,342,360,221,176,195,219,126,451,361,426,410,502,475,291,312,260,303,189,393,253,39,380,1,2022-23,Luka Garza (2022-23),106.48,543,,
1629677,Luka Samanic,Luka,1610612762,UTA,23.0,7,2,5,0.286,23.0,3.7,8.1,0.456,1.1,4.4,0.258,1.3,1.9,0.692,0.0,4.3,4.3,2.1,1.4,0.9,0.3,0.4,2.4,1.4,9.9,-0.9,20.2,0,0,19.7,482,491,464,465,209,183,170,264,194,118,425,203,195,383,517,82,151,178,145,124,259,188,91,221,182,324,196,253,39,192,1,2022-23,Luka Samanic (2022-23),105.66,354,,
1628379,Luke Kennard,Luke,1610612763,MEM,27.0,59,37,22,0.627,22.3,3.2,6.5,0.492,2.3,4.6,0.494,0.6,0.7,0.949,0.3,2.4,2.7,1.5,0.8,0.5,0.1,0.2,1.4,0.6,9.3,3.6,15.9,0,0,17.0,230,110,315,99,215,224,234,170,51,110,24,346,401,32,444,256,315,233,310,280,456,356,351,407,202,45,259,253,39,235,2,2022-23,Luke Kennard (2022-23),100.32,2753,,
1628436,Luke Kornet,Luke,1610612738,BOS,27.0,69,45,24,0.652,11.7,1.6,2.5,0.665,0.0,0.2,0.231,0.5,0.6,0.821,1.2,1.6,2.9,0.8,0.4,0.2,0.7,0.1,1.2,0.6,3.8,0.9,10.5,0,0,9.1,123,35,285,73,418,399,463,19,480,487,452,405,421,172,116,373,292,408,457,485,81,452,405,426,424,167,383,253,39,409,1,2022-23,Luke Kornet (2022-23),101.15,1692,,
1630644,Mac McClung,Mac,1610612755,PHI,24.0,2,2,0,1.0,20.5,4.5,10.0,0.45,2.0,5.5,0.364,1.5,2.5,0.6,1.5,3.5,5.0,4.5,1.5,0.0,0.0,0.5,1.5,2.0,12.5,9.0,23.8,0,0,24.0,525,491,532,1,240,134,120,284,72,66,209,174,126,458,92,137,109,66,135,513,491,141,322,142,129,2,152,253,39,140,1,2022-23,Mac McClung (2022-23),107.53,92,,
1630201,Malachi Flynn,Malachi,1610612761,TOR,25.0,53,29,24,0.547,13.0,1.6,4.6,0.36,0.9,2.5,0.353,0.5,0.6,0.758,0.3,1.2,1.4,1.3,0.5,0.4,0.1,0.2,1.2,0.6,4.6,-0.8,9.3,0,0,9.2,277,220,285,192,387,397,339,494,243,251,238,402,407,281,432,439,452,282,424,356,470,395,386,402,383,310,411,253,39,406,1,2022-23,Malachi Flynn (2022-23),99.05,1430,,
1631103,Malaki Branham,Malaki,1610612759,SAS,20.0,66,15,51,0.227,23.5,4.1,9.3,0.44,1.2,3.9,0.302,0.9,1.1,0.829,0.4,2.3,2.7,1.9,1.2,0.5,0.1,0.6,1.7,0.9,10.2,-5.5,17.0,0,0,17.2,162,369,10,497,199,151,142,321,190,150,380,279,301,160,362,268,307,193,192,303,445,106,246,325,170,517,242,253,39,226,1,2022-23,Malaki Branham (2022-23),104.36,3374,,
1627763,Malcolm Brogdon,Malcolm,1610612738,BOS,30.0,67,46,21,0.687,26.0,5.3,10.9,0.484,2.0,4.4,0.444,2.4,2.7,0.87,0.6,3.6,4.2,3.7,1.5,0.7,0.3,0.8,1.6,2.5,14.9,2.7,26.9,0,0,26.7,145,32,327,42,163,108,108,196,80,117,30,97,107,88,285,131,161,93,143,204,275,63,275,100,98,67,121,253,39,108,1,2022-23,Malcolm Brogdon (2022-23),99.91,3628,,
1630792,Malcolm Hill,Malcolm,1610612741,CHI,27.0,5,4,1,0.8,1.8,0.4,0.8,0.5,0.2,0.6,0.333,0.0,0.0,0.0,0.0,0.6,0.6,0.0,0.0,0.0,0.0,0.0,0.2,0.0,1.0,1.8,1.7,0,0,1.8,499,468,516,11,538,521,535,140,428,446,292,511,516,511,517,508,522,525,519,513,491,499,523,526,524,110,533,253,39,533,1,2022-23,Malcolm Hill (2022-23),120.66,23,,
1627736,Malik Beasley,Malik,1610612747,LAL,26.0,81,45,36,0.556,25.8,4.6,11.6,0.395,2.9,8.1,0.357,0.6,0.8,0.769,0.4,3.1,3.5,1.5,1.1,0.8,0.1,0.3,1.3,0.6,12.7,-1.1,20.8,1,0,22.4,11,35,91,172,170,129,93,451,16,13,226,350,365,254,358,176,229,236,203,146,437,258,364,416,126,339,186,192,39,154,2,2022-23,Malik Beasley (2022-23),102.18,4461,,
1628370,Malik Monk,Malik,1610612758,SAC,25.0,77,47,30,0.61,22.3,4.6,10.3,0.448,1.9,5.2,0.359,2.4,2.7,0.889,0.4,2.2,2.6,3.9,1.9,0.6,0.3,0.7,1.6,1.9,13.5,0.9,23.3,0,0,23.7,46,22,184,110,214,124,114,289,94,79,220,96,112,62,364,281,320,86,87,222,284,79,279,154,115,168,160,253,39,143,1,2022-23,Malik Monk (2022-23),103.61,3724,,
1629603,Mamadi Diakite,Mamadi,1610612739,CLE,26.0,22,15,7,0.682,8.0,1.1,2.3,0.48,0.3,1.0,0.333,0.1,0.1,1.0,0.4,1.0,1.4,0.4,0.5,0.2,0.4,0.1,1.2,0.1,2.6,-0.4,6.0,0,0,5.8,430,369,454,46,475,464,471,203,404,412,292,503,511,1,391,458,457,492,394,472,175,431,402,515,472,285,479,253,39,476,1,2022-23,Mamadi Diakite (2022-23),95.93,346,,
1630699,MarJon Beauchamp,MarJon,1610612749,MIL,22.0,52,34,18,0.654,13.5,1.8,4.7,0.395,0.9,2.7,0.331,0.5,0.7,0.73,0.7,1.5,2.2,0.7,0.9,0.4,0.1,0.3,1.4,0.5,5.1,-1.9,9.5,0,0,10.0,283,149,365,71,380,371,330,450,237,234,317,386,384,337,253,385,364,419,274,350,410,251,357,429,356,401,406,253,39,392,1,2022-23,MarJon Beauchamp (2022-23),103.07,1510,,
202694,Marcus Morris Sr.,Marcus,1610612746,LAC,33.0,65,35,30,0.538,28.1,4.2,9.9,0.426,1.7,4.7,0.365,1.0,1.3,0.782,0.4,3.5,4.0,1.8,0.9,0.6,0.3,0.2,2.1,1.1,11.2,-0.2,20.6,2,0,20.6,171,137,184,207,141,143,123,375,106,103,205,240,248,229,348,136,185,208,277,220,235,334,159,290,151,270,189,155,39,182,1,2022-23,Marcus Morris Sr. (2022-23),98.01,3724,,
203935,Marcus Smart,Marcus,1610612738,BOS,29.0,61,43,18,0.705,32.1,4.1,9.9,0.415,1.9,5.6,0.336,1.4,1.9,0.746,0.8,2.4,3.1,6.3,2.3,1.5,0.4,0.3,2.8,2.9,11.5,3.9,28.0,6,0,26.6,214,53,365,29,77,147,125,408,92,62,282,182,181,310,243,261,261,24,52,14,201,283,45,78,145,36,107,92,39,109,1,2022-23,Marcus Smart (2022-23),100.71,4097,,
1631109,Mark Williams,Mark,1610612766,CHA,21.0,43,18,25,0.419,19.3,3.7,5.8,0.637,0.0,0.0,0.0,1.6,2.3,0.691,2.2,4.9,7.1,0.4,0.9,0.7,1.0,0.5,2.2,1.8,9.0,-1.8,22.3,11,0,19.9,327,339,268,390,269,182,264,31,492,524,492,165,150,386,36,65,47,483,254,216,30,173,139,175,216,393,172,56,39,189,1,2022-23,Mark Williams (2022-23),102.35,1767,,
1628365,Markelle Fultz,Markelle,1610612753,ORL,25.0,60,29,31,0.483,29.6,5.8,11.3,0.514,0.5,1.5,0.31,1.9,2.4,0.783,1.2,2.8,3.9,5.7,2.3,1.5,0.4,0.7,2.2,1.9,14.0,-2.2,30.5,3,0,27.8,222,220,164,312,115,89,102,125,355,353,362,133,139,227,134,205,189,40,53,20,163,84,140,159,111,426,88,130,39,98,1,2022-23,Markelle Fultz (2022-23),101.23,3753,,
202693,Markieff Morris,Markieff,1610612742,DAL,33.0,35,17,18,0.486,10.1,1.3,3.3,0.409,0.8,2.0,0.394,0.3,0.3,1.0,0.4,1.7,2.0,0.9,0.5,0.3,0.1,0.0,1.4,0.3,3.8,0.3,8.2,1,0,8.3,379,347,365,307,444,430,415,424,268,300,101,460,484,1,387,368,388,377,407,438,400,499,356,487,425,211,435,192,39,430,2,2022-23,Markieff Morris (2022-23),106.59,787,,
1630250,Marko Simonovic,Marko,1610612741,CHI,23.0,7,3,4,0.429,2.8,0.3,1.0,0.286,0.1,0.6,0.25,0.1,0.3,0.5,0.1,0.1,0.3,0.0,0.0,0.0,0.0,0.0,0.7,0.1,0.9,2.1,1.2,0,0,1.3,482,481,480,378,530,529,524,519,446,452,432,489,484,482,498,530,530,525,519,513,491,499,478,512,530,90,534,253,39,535,1,2022-23,Marko Simonovic (2022-23),117.57,49,,
1628963,Marvin Bagley III,Marvin,1610612765,DET,24.0,42,7,35,0.167,23.6,4.8,9.1,0.529,0.5,1.6,0.288,1.9,2.6,0.75,2.2,4.2,6.4,0.9,1.1,0.5,0.7,0.4,1.9,2.3,12.0,-5.5,23.4,8,0,22.0,335,442,100,517,194,120,146,104,354,341,395,127,119,290,30,87,63,383,209,324,71,197,195,116,137,516,159,80,39,160,1,2022-23,Marvin Bagley III (2022-23),100.15,2062,,
203486,Mason Plumlee,Mason,1610612746,LAC,33.0,79,28,51,0.354,26.0,4.2,6.1,0.68,0.0,0.0,0.0,2.5,4.0,0.636,2.9,6.0,8.9,3.1,1.5,0.6,0.6,0.5,2.7,3.2,10.8,-3.4,28.2,23,0,25.2,27,230,10,436,164,146,250,14,492,524,492,90,65,440,16,34,26,116,141,257,96,161,55,67,155,473,106,28,39,120,2,2022-23,Mason Plumlee (2022-23),102.23,4368,,
1629680,Matisse Thybulle,Matisse,1610612757,POR,26.0,71,38,33,0.535,16.9,1.5,3.6,0.435,0.8,2.1,0.365,0.3,0.4,0.679,0.6,1.4,2.0,0.7,0.3,1.2,0.5,0.1,1.6,0.5,4.1,-0.2,12.1,0,0,10.8,109,95,138,214,305,407,389,344,277,297,204,463,462,398,311,399,394,410,468,45,154,472,289,451,407,262,343,253,39,362,2,2022-23,Matisse Thybulle (2022-23),101.68,2542,,
1630346,Matt Ryan,Matt,1610612750,MIN,26.0,34,15,19,0.441,9.1,1.2,3.2,0.37,0.9,2.5,0.381,0.3,0.4,0.833,0.1,0.6,0.8,0.5,0.2,0.1,0.0,0.1,0.8,0.3,3.6,0.6,5.5,0,0,6.1,385,369,346,369,456,459,417,482,232,258,145,457,471,144,506,505,508,476,496,490,488,449,467,481,432,192,487,253,39,468,2,2022-23,Matt Ryan (2022-23),106.39,690,,
203521,Matthew Dellavedova,Matthew,1610612758,SAC,32.0,32,19,13,0.594,6.6,0.5,1.6,0.34,0.3,0.8,0.333,0.1,0.2,0.571,0.0,0.4,0.4,1.3,0.3,0.2,0.0,0.0,0.6,0.4,1.5,-1.6,4.2,0,0,3.9,392,324,407,123,490,506,506,504,410,418,292,494,492,465,516,523,528,289,479,459,491,497,489,453,511,374,506,253,39,508,1,2022-23,Matthew Dellavedova (2022-23),106.81,469,,
1631108,Max Christie,Max,1610612747,LAL,20.0,41,19,22,0.463,12.5,1.1,2.6,0.415,0.6,1.5,0.419,0.3,0.4,0.875,0.2,1.7,1.8,0.5,0.3,0.2,0.2,0.1,0.8,0.2,3.1,-1.9,6.9,0,0,6.9,346,324,315,345,404,467,457,410,309,348,51,443,463,74,488,367,405,462,478,458,369,424,464,498,450,396,457,253,39,450,1,2022-23,Max Christie (2022-23),103.55,1106,,
1629622,Max Strus,Max,1610612748,MIA,27.0,80,42,38,0.525,28.4,4.1,9.9,0.41,2.5,7.0,0.35,1.0,1.1,0.876,0.6,2.6,3.2,2.1,0.9,0.5,0.2,0.3,2.1,1.1,11.5,-1.8,19.8,2,0,20.7,15,60,69,225,133,154,124,421,39,32,246,258,294,72,293,223,253,179,276,289,393,290,165,285,143,389,201,155,39,179,1,2022-23,Max Strus (2022-23),97.54,4631,,
1628467,Maxi Kleber,Maxi,1610612742,DAL,31.0,37,18,19,0.486,25.1,2.1,4.6,0.456,1.1,3.0,0.348,0.7,1.0,0.711,0.8,2.8,3.6,1.4,0.7,0.3,0.8,0.1,2.3,1.1,5.9,-1.2,15.1,0,0,14.3,365,339,346,305,176,334,338,267,205,215,256,311,305,362,224,197,212,261,327,403,55,432,112,289,325,348,275,253,39,284,1,2022-23,Maxi Kleber (2022-23),98.84,1920,,
1630593,McKinley Wright IV,McKinley,1610612742,DAL,24.0,27,14,13,0.519,12.4,1.7,3.6,0.469,0.3,1.0,0.321,0.5,0.7,0.684,0.3,1.4,1.7,2.1,0.7,0.3,0.2,0.3,0.9,0.8,4.2,-4.1,10.3,0,0,9.4,414,386,407,239,405,386,382,230,392,397,343,398,388,391,405,400,412,177,333,417,352,311,453,360,401,495,388,253,39,399,1,2022-23,McKinley Wright IV (2022-23),100.36,698,,
203086,Meyers Leonard,Meyers,1610612749,MIL,31.0,9,6,3,0.667,12.6,1.6,3.2,0.483,0.8,2.0,0.389,0.9,1.0,0.889,1.3,2.4,3.8,0.1,0.7,0.2,0.0,0.2,1.8,1.3,4.8,-3.0,9.5,1,0,9.9,471,452,496,56,398,406,416,198,272,305,120,275,312,62,103,250,205,522,345,454,491,346,240,245,375,457,408,192,39,396,1,2022-23,Meyers Leonard (2022-23),103.18,246,,
1629662,Mfiondu Kabengele,Mfiondu,1610612738,BOS,25.0,4,3,1,0.75,9.1,0.5,1.8,0.286,0.0,0.8,0.0,0.5,0.5,1.0,1.3,1.3,2.5,0.0,0.3,0.5,0.0,0.0,0.8,1.3,1.5,-1.3,5.8,0,0,5.0,509,481,516,17,457,508,497,519,492,426,492,389,435,1,115,424,332,525,489,303,491,499,470,260,506,354,484,253,39,488,1,2022-23,Mfiondu Kabengele (2022-23),94.86,72,,
1630695,Micah Potter,Micah,1610612762,UTA,25.0,7,4,3,0.571,7.5,1.4,2.1,0.667,0.6,1.0,0.571,0.0,0.0,0.0,0.4,1.9,2.3,0.6,0.3,0.1,0.0,0.0,0.7,0.3,3.4,-0.4,7.2,1,0,7.1,482,468,496,149,479,421,476,16,325,400,8,511,516,511,360,340,358,448,483,491,491,499,478,483,440,287,453,192,39,445,1,2022-23,Micah Potter (2022-23),108.01,119,,
203487,Michael Carter-Williams,Michael,1610612753,ORL,31.0,4,1,3,0.25,11.1,1.5,3.5,0.429,0.3,0.8,0.333,1.0,1.8,0.571,0.3,1.0,1.3,1.8,1.0,0.3,0.3,0.5,1.3,1.5,4.3,-6.5,8.9,0,0,8.5,509,507,496,484,429,413,398,364,415,426,292,248,205,465,446,458,469,209,225,440,291,141,378,208,398,526,421,253,39,420,1,2022-23,Michael Carter-Williams (2022-23),97.65,92,,
1630701,Michael Foster Jr.,Michael,1610612755,PHI,20.0,1,1,0,1.0,1.0,0.0,0.0,0.0,0.0,0.0,0.0,0.0,0.0,0.0,0.0,0.0,0.0,0.0,0.0,0.0,0.0,0.0,0.0,0.0,0.0,-2.0,0.0,0,0,0.0,531,507,532,1,539,534,538,534,492,524,492,511,516,511,517,531,533,525,519,513,491,499,528,526,535,409,537,253,39,538,1,2022-23,Michael Foster Jr. (2022-23),92.9,2,,
1629008,Michael Porter Jr.,Michael,1610612743,DEN,25.0,62,41,21,0.661,29.0,6.4,13.2,0.487,3.0,7.3,0.414,1.5,1.9,0.8,1.0,4.5,5.5,1.0,1.1,0.6,0.5,0.5,1.9,1.4,17.4,6.7,27.7,3,0,29.1,203,65,327,66,122,72,78,182,11,23,58,168,180,200,154,76,89,335,207,246,144,172,198,234,72,6,113,130,39,92,1,2022-23,Michael Porter Jr. (2022-23),100.42,3773,,
1628969,Mikal Bridges,Mikal,1610612751,BKN,26.0,83,42,41,0.506,35.7,7.1,15.3,0.468,2.0,5.3,0.382,3.8,4.3,0.895,1.0,3.4,4.4,3.3,1.5,1.1,0.7,0.7,1.9,3.4,20.1,0.4,34.3,2,0,33.5,1,60,48,263,15,59,53,234,69,72,141,48,56,58,176,142,145,111,128,58,69,93,199,63,54,201,62,155,39,60,2,2022-23,Mikal Bridges (2022-23),98.56,6079,,
201144,Mike Conley,Mike,1610612750,MIN,35.0,67,34,33,0.507,30.3,3.9,9.1,0.428,2.0,5.2,0.385,2.1,2.5,0.834,0.5,2.2,2.7,6.7,1.5,1.1,0.2,0.2,2.1,2.6,11.9,0.9,27.6,6,0,26.0,145,149,138,257,105,167,145,369,71,75,135,114,123,143,336,280,309,20,127,60,330,353,166,98,139,164,115,92,39,115,2,2022-23,Mike Conley (2022-23),100.09,4232,,
203488,Mike Muscala,Mike,1610612738,BOS,31.0,63,32,31,0.508,15.0,2.1,4.6,0.449,1.3,3.3,0.391,0.6,0.8,0.769,0.6,2.6,3.2,0.8,0.4,0.2,0.4,0.2,1.6,0.8,6.1,3.2,12.6,0,0,12.6,189,178,164,255,341,336,335,288,166,189,110,343,359,254,306,219,254,403,455,449,198,415,303,356,321,48,332,253,39,318,2,2022-23,Mike Muscala (2022-23),104.22,2062,,
1630540,Miles McBride,Miles,1610612752,NYK,22.0,64,36,28,0.563,11.9,1.2,3.4,0.358,0.6,2.1,0.299,0.4,0.7,0.667,0.2,0.6,0.8,1.1,0.4,0.6,0.1,0.2,0.9,0.6,3.5,0.8,7.8,0,0,7.4,181,126,214,164,415,452,408,495,310,296,385,413,402,403,474,511,506,327,446,259,423,393,448,410,436,174,439,253,39,441,1,2022-23,Miles McBride (2022-23),99.5,1574,,
1629011,Mitchell Robinson,Mitchell,1610612752,NYK,25.0,59,35,24,0.593,26.9,3.2,4.7,0.671,0.0,0.0,0.0,1.0,2.1,0.484,4.5,4.9,9.4,0.9,0.7,0.9,1.8,0.5,2.7,1.9,7.4,3.1,27.7,13,0,23.3,230,137,285,125,151,224,327,15,492,524,492,248,168,496,2,66,16,370,336,96,7,177,58,151,260,51,110,50,39,145,1,2022-23,Mitchell Robinson (2022-23),97.13,3194,,
1628964,Mo Bamba,Mo,1610612747,LAL,25.0,49,25,24,0.51,15.7,2.4,4.9,0.485,1.0,2.5,0.387,0.8,1.3,0.661,1.2,3.4,4.6,0.9,0.6,0.3,0.9,0.3,2.1,1.0,6.6,0.2,16.3,2,0,15.4,299,262,285,254,324,296,315,187,223,247,128,287,264,425,122,145,132,358,375,434,46,291,148,299,297,221,251,155,39,263,2,2022-23,Mo Bamba (2022-23),99.32,1583,,
1628420,Monte Morris,Monte,1610612764,WAS,28.0,62,28,34,0.452,27.4,4.0,8.3,0.48,1.3,3.3,0.382,1.0,1.2,0.831,0.4,3.0,3.4,5.3,1.0,0.7,0.2,0.3,1.2,1.2,10.3,0.1,24.0,2,0,22.0,203,230,121,359,148,158,164,206,172,188,141,243,267,154,363,185,242,48,239,191,329,266,392,281,168,226,149,155,39,161,1,2022-23,Monte Morris (2022-23),99.63,3521,,
1626149,Montrezl Harrell,Montrezl,1610612755,PHI,29.0,57,35,22,0.614,11.9,2.2,3.7,0.598,0.0,0.1,0.0,1.2,1.8,0.693,1.2,1.6,2.8,0.6,0.6,0.3,0.4,0.3,1.3,1.7,5.6,0.3,11.4,1,0,10.5,246,137,315,108,413,322,379,51,492,499,492,211,202,382,127,371,298,444,374,416,158,243,365,186,338,206,364,192,39,370,1,2022-23,Montrezl Harrell (2022-23),101.28,1431,,
1629021,Moritz Wagner,Moritz,1610612753,ORL,26.0,57,27,30,0.474,19.5,3.5,6.9,0.5,0.9,2.9,0.313,2.7,3.2,0.841,1.2,3.3,4.5,1.5,1.2,0.6,0.2,0.5,2.4,2.6,10.5,-0.5,19.6,3,0,19.2,246,238,184,325,261,205,215,140,240,227,356,78,86,135,120,153,134,248,186,218,311,128,99,94,163,293,205,130,39,199,1,2022-23,Moritz Wagner (2022-23),102.32,2365,,
1629650,Moses Brown,Moses,1610612746,LAC,23.0,36,17,19,0.472,8.2,1.7,2.7,0.635,0.0,0.0,0.0,0.9,2.0,0.458,1.6,2.3,3.9,0.1,0.4,0.1,0.4,0.3,1.1,1.4,4.3,0.8,10.2,3,0,9.3,373,347,346,326,469,390,452,32,492,524,492,266,173,499,86,275,193,522,442,499,192,268,420,225,397,179,389,130,39,404,2,2022-23,Moses Brown (2022-23),101.75,626,,
1630541,Moses Moody,Moses,1610612744,GSW,21.0,63,37,26,0.587,13.0,1.7,3.6,0.476,0.8,2.1,0.363,0.6,0.8,0.698,0.4,1.2,1.7,0.8,0.5,0.3,0.1,0.2,0.9,0.9,4.8,-0.1,8.7,0,0,8.8,189,110,250,132,389,384,384,215,272,291,212,361,354,377,350,433,423,394,397,423,437,415,457,334,373,244,425,253,39,411,1,2022-23,Moses Moody (2022-23),103.94,1771,,
1631217,Moussa Diabaté,Moussa,1610612746,LAC,21.0,22,10,12,0.455,8.9,1.1,2.1,0.511,0.0,0.1,0.5,0.5,0.7,0.625,1.4,0.9,2.3,0.2,0.4,0.3,0.4,0.3,0.7,0.7,2.7,-1.0,7.3,0,0,6.5,430,418,418,355,461,464,478,129,479,503,10,408,381,445,99,476,360,519,443,407,211,306,481,377,470,330,449,253,39,459,1,2022-23,Moussa Diabaté (2022-23),102.39,413,,
1626167,Myles Turner,Myles,1610612754,IND,27.0,62,29,33,0.468,29.4,6.5,11.8,0.548,1.5,4.0,0.373,3.5,4.5,0.783,1.4,6.1,7.5,1.4,1.7,0.6,2.3,0.5,3.5,4.1,18.0,-0.8,36.0,18,0,34.1,203,220,138,337,117,71,90,82,133,142,168,54,53,228,97,30,40,253,114,258,5,141,7,39,69,312,52,35,39,56,1,2022-23,Myles Turner (2022-23),101.22,3849,,
1630230,Naji Marshall,Naji,1610612740,NOP,25.0,77,40,37,0.519,23.3,3.2,7.4,0.433,0.9,2.8,0.303,1.8,2.3,0.789,0.6,3.0,3.6,2.5,1.3,0.7,0.2,0.5,1.5,1.7,9.1,0.1,18.5,0,0,17.8,46,74,82,236,202,222,198,350,248,229,376,137,149,218,288,182,216,155,170,184,354,140,331,185,211,229,226,253,39,221,1,2022-23,Naji Marshall (2022-23),101.09,3779,,
1629642,Nassir Little,Nassir,1610612757,POR,23.0,54,22,32,0.407,18.1,2.5,5.6,0.442,1.1,2.9,0.367,0.6,0.9,0.717,0.5,2.1,2.6,0.9,0.7,0.4,0.4,0.4,1.2,0.7,6.6,-3.5,12.7,0,0,12.7,270,290,156,405,293,285,280,314,204,221,191,353,351,351,330,303,323,360,345,369,206,232,387,389,294,477,328,253,39,317,1,2022-23,Nassir Little (2022-23),99.56,2019,,
1631466,Nate Williams,Nate,1610612757,POR,24.0,5,1,4,0.2,25.3,4.8,7.8,0.615,0.6,1.6,0.375,0.4,0.6,0.667,2.0,1.0,3.0,2.0,0.8,0.6,0.4,0.4,2.6,0.4,10.6,-7.6,19.4,0,0,18.2,499,507,480,505,175,121,179,41,317,337,159,425,411,403,44,458,274,186,303,242,182,199,69,457,161,531,210,253,39,214,1,2022-23,Nate Williams (2022-23),106.95,279,,
1630233,Nathan Knight,Nathan,1610612750,MIN,25.0,38,19,19,0.5,7.7,1.2,2.1,0.568,0.2,0.6,0.364,1.0,1.5,0.684,0.6,0.9,1.5,0.3,0.6,0.3,0.2,0.2,1.1,0.9,3.7,-0.2,6.7,0,0,6.5,359,324,346,264,478,449,479,65,427,450,209,244,230,391,307,475,447,495,391,435,388,381,422,333,431,267,464,253,39,461,1,2022-23,Nathan Knight (2022-23),106.24,646,,
1629675,Naz Reid,Naz,1610612750,MIN,23.0,68,32,36,0.471,18.4,4.6,8.5,0.537,1.1,3.2,0.346,1.3,1.9,0.677,1.1,3.8,4.9,1.1,1.4,0.6,0.8,0.5,2.6,1.6,11.5,-1.9,21.9,4,0,21.4,133,178,91,330,285,131,157,95,203,199,261,208,193,399,148,110,116,326,153,234,62,156,73,196,146,397,175,118,39,170,1,2022-23,Naz Reid (2022-23),104.39,2714,,
1629674,Neemias Queta,Neemias,1610612758,SAC,23.0,5,1,4,0.2,5.7,1.2,1.8,0.667,0.0,0.0,0.0,0.0,0.4,0.0,1.0,1.2,2.2,0.2,0.2,0.0,0.4,0.0,1.4,0.4,2.4,-6.0,6.3,0,0,5.6,499,507,480,505,500,453,493,16,492,524,492,511,458,511,157,435,367,517,497,513,182,499,344,457,478,524,472,253,39,479,1,2022-23,Neemias Queta (2022-23),115.44,69,,
203457,Nerlens Noel,Nerlens,1610612751,BKN,29.0,17,4,13,0.235,11.5,0.8,2.1,0.361,0.1,0.1,0.5,0.5,0.7,0.667,0.6,2.1,2.7,0.6,0.8,0.9,0.6,0.1,1.9,0.9,2.1,-4.4,10.0,0,0,8.5,442,468,407,495,424,490,481,493,472,496,10,403,387,403,303,300,310,439,317,98,98,449,210,314,490,502,397,253,39,422,2,2022-23,Nerlens Noel (2022-23),105.4,426,,
1629651,Nic Claxton,Nic,1610612751,BKN,24.0,76,41,35,0.539,29.9,5.4,7.7,0.705,0.0,0.0,0.0,1.8,3.2,0.541,2.4,6.8,9.2,1.9,1.3,0.9,2.5,0.4,2.8,2.9,12.6,1.6,35.3,28,0,30.5,55,65,100,206,111,101,183,12,492,515,492,142,84,478,22,18,18,194,169,126,2,213,48,79,127,121,57,21,39,84,1,2022-23,Nic Claxton (2022-23),98.59,4640,,
1630208,Nick Richards,Nick,1610612766,CHA,25.0,65,21,44,0.323,18.7,3.0,4.8,0.629,0.0,0.0,1.0,2.1,2.8,0.749,2.3,4.1,6.4,0.6,0.9,0.2,1.1,0.6,2.4,2.4,8.2,-1.7,19.6,14,0,17.7,171,303,30,452,281,238,323,37,487,520,1,113,105,305,29,92,64,443,262,479,27,112,102,106,235,386,206,46,39,222,1,2022-23,Nick Richards (2022-23),101.86,2586,,
1629638,Nickeil Alexander-Walker,Nickeil,1610612750,MIN,24.0,59,29,30,0.492,15.0,2.2,5.0,0.444,1.0,2.7,0.384,0.7,1.0,0.667,0.3,1.5,1.7,1.8,0.9,0.5,0.4,0.2,1.5,1.2,6.2,-0.9,12.7,0,0,12.5,230,220,184,297,343,319,311,307,209,237,138,326,309,403,444,389,415,202,253,280,217,348,327,278,315,325,330,253,39,322,2,2022-23,Nickeil Alexander-Walker (2022-23),102.8,1887,,
201587,Nicolas Batum,Nicolas,1610612746,LAC,34.0,78,44,34,0.564,21.9,2.1,4.9,0.42,1.6,4.1,0.391,0.4,0.6,0.708,0.8,3.0,3.8,1.6,0.6,0.7,0.6,0.1,1.9,0.5,6.1,2.1,16.2,0,0,15.6,38,40,121,163,221,340,317,392,122,138,113,414,409,364,229,179,195,230,363,192,109,487,201,433,317,93,252,253,39,258,1,2022-23,Nicolas Batum (2022-23),101.32,3609,,
203999,Nikola Jokić,Nikola,1610612743,DEN,28.0,69,48,21,0.696,33.7,9.4,14.8,0.632,0.8,2.2,0.383,4.9,6.0,0.822,2.4,9.4,11.8,9.8,3.6,1.3,0.7,0.7,2.5,5.7,24.5,9.3,55.7,58,29,50.9,123,16,327,36,48,16,59,34,259,288,140,22,24,169,23,2,3,4,5,36,78,73,80,14,25,1,3,2,1,4,1,2022-23,Nikola Jokić (2022-23),100.42,4873,,
1631107,Nikola Jović,Nikola,1610612748,MIA,20.0,15,7,8,0.467,13.6,1.9,4.6,0.406,0.5,2.3,0.229,1.2,1.3,0.947,0.6,1.5,2.1,0.7,0.7,0.5,0.1,0.0,1.3,1.3,5.5,-1.1,10.1,0,0,9.9,451,442,442,338,378,367,336,429,339,272,454,216,263,33,296,387,384,420,345,319,411,499,374,257,345,338,395,253,39,393,1,2022-23,Nikola Jović (2022-23),99.19,422,,
202696,Nikola Vučević,Nikola,1610612741,CHI,32.0,82,40,42,0.488,33.5,7.3,14.0,0.52,1.5,4.2,0.349,1.6,1.9,0.835,1.9,9.1,11.0,3.2,1.7,0.7,0.7,0.5,2.2,2.1,17.6,-0.2,38.3,51,1,36.2,2,74,42,301,52,56,66,115,137,129,253,157,182,142,52,4,8,113,107,175,73,131,141,131,71,269,40,3,17,47,1,2022-23,Nikola Vučević (2022-23),99.31,5686,,
203943,Noah Vonleh,Noah,1610612738,BOS,27.0,23,17,6,0.739,7.5,0.5,1.0,0.458,0.0,0.2,0.25,0.1,0.1,1.0,0.8,1.3,2.1,0.3,0.5,0.1,0.3,0.2,1.5,0.2,1.1,-0.6,4.9,0,0,4.4,425,347,457,21,480,515,523,257,480,488,432,505,513,1,237,416,383,504,421,505,220,389,318,506,523,298,496,253,39,498,1,2022-23,Noah Vonleh (2022-23),100.82,357,,
1626181,Norman Powell,Norman,1610612746,LAC,30.0,60,31,29,0.517,26.1,5.7,11.8,0.479,1.9,4.8,0.397,3.8,4.6,0.812,0.4,2.5,2.9,1.8,1.7,0.8,0.3,0.7,2.1,3.7,17.0,-2.1,24.9,0,0,25.9,222,191,199,246,161,92,89,210,91,98,94,49,49,185,373,239,286,204,111,133,252,94,161,49,76,421,140,253,39,116,1,2022-23,Norman Powell (2022-23),101.66,3320,,
1628384,OG Anunoby,OG,1610612761,TOR,25.0,67,33,34,0.493,35.6,6.3,13.2,0.476,2.1,5.5,0.387,2.1,2.5,0.838,1.4,3.5,5.0,2.0,2.0,1.9,0.7,1.0,3.0,2.3,16.8,2.0,31.7,2,0,31.1,145,162,121,292,17,76,76,217,59,67,129,115,127,139,98,134,112,191,81,3,67,31,34,115,78,99,79,155,39,81,1,2022-23,OG Anunoby (2022-23),98.34,4881,,
1630167,Obi Toppin,Obi,1610612752,NYK,25.0,67,37,30,0.552,15.7,2.8,6.3,0.446,1.3,3.7,0.344,0.6,0.7,0.809,0.4,2.4,2.8,1.0,0.6,0.3,0.2,0.2,1.0,0.5,7.4,0.9,13.2,0,0,13.5,145,110,184,181,325,258,246,300,170,159,265,371,390,192,356,262,297,352,388,388,360,343,432,438,256,171,316,253,39,295,1,2022-23,Obi Toppin (2022-23),101.35,2220,,
1630534,Ochai Agbaji,Ochai,1610612762,UTA,23.0,59,29,30,0.492,20.5,2.8,6.5,0.427,1.4,3.9,0.355,0.9,1.2,0.812,0.7,1.3,2.1,1.1,0.7,0.3,0.3,0.3,1.7,0.8,7.9,-0.3,13.0,0,0,13.5,230,220,184,297,241,256,229,370,152,149,231,261,282,187,254,414,386,325,336,430,288,241,263,347,246,280,322,253,39,294,1,2022-23,Ochai Agbaji (2022-23),103.39,2598,,
1630846,Olivier Sarr,Olivier,1610612760,OKC,24.0,9,5,4,0.556,12.6,1.7,3.3,0.5,0.1,0.9,0.125,0.6,0.8,0.714,1.3,2.1,3.4,0.4,0.4,0.1,0.6,0.0,1.9,1.3,4.0,1.6,10.4,1,0,9.3,471,459,480,172,399,393,409,140,454,414,480,375,367,354,103,303,237,480,431,499,110,499,207,245,410,123,385,192,39,402,1,2022-23,Olivier Sarr (2022-23),100.95,238,,
1630209,Omer Yurtseven,Omer,1610612748,MIA,25.0,9,5,4,0.556,9.2,1.8,3.0,0.593,0.3,0.8,0.429,0.6,0.7,0.833,0.9,1.7,2.6,0.2,0.4,0.2,0.2,0.1,1.8,1.0,4.4,1.1,8.7,0,0,8.4,471,459,480,172,454,378,428,57,392,424,40,375,397,144,195,364,328,515,431,454,317,458,240,299,389,150,424,253,39,424,1,2022-23,Omer Yurtseven (2022-23),102.08,180,,
1630168,Onyeka Okongwu,Onyeka,1610612737,ATL,22.0,80,41,39,0.513,23.1,4.0,6.2,0.638,0.1,0.2,0.308,1.9,2.5,0.781,2.7,4.5,7.2,1.0,1.0,0.7,1.3,0.5,3.1,2.1,9.9,0.8,25.1,12,0,22.2,15,65,60,251,206,160,248,30,475,490,366,128,130,230,18,75,45,341,224,185,16,130,22,137,179,175,135,53,39,157,1,2022-23,Onyeka Okongwu (2022-23),101.77,3916,,
1631115,Orlando Robinson,Orlando,1610612748,MIA,22.0,31,18,13,0.581,13.7,1.5,2.9,0.528,0.0,0.2,0.0,0.7,1.0,0.71,1.5,2.5,4.1,0.8,0.5,0.4,0.4,0.3,1.7,1.1,3.7,0.9,11.6,0,0,10.2,396,339,407,140,376,410,442,107,492,485,492,317,312,363,87,240,173,397,406,359,194,314,255,296,428,170,354,253,39,385,1,2022-23,Orlando Robinson (2022-23),97.6,862,,
1629052,Oshae Brissett,Oshae,1610612754,IND,25.0,65,27,38,0.415,16.7,1.9,4.9,0.386,0.7,2.4,0.31,1.6,2.2,0.717,1.0,2.4,3.4,0.7,0.5,0.5,0.2,0.3,1.2,1.4,6.1,0.3,12.8,1,0,12.3,171,238,69,395,308,363,316,470,286,267,364,159,156,352,174,259,243,418,403,302,333,242,390,226,318,205,327,192,39,326,1,2022-23,Oshae Brissett (2022-23),102.21,2310,,
203490,Otto Porter Jr.,Otto,1610612761,TOR,30.0,8,4,4,0.5,18.3,1.9,3.8,0.5,0.8,2.1,0.353,1.0,1.0,1.0,0.8,1.6,2.4,1.0,0.5,1.4,0.0,0.0,0.9,1.6,5.5,-2.6,13.5,0,0,12.4,479,468,480,264,288,365,375,140,278,293,240,248,312,1,244,369,349,342,410,25,491,499,456,192,342,442,312,253,39,324,1,2022-23,Otto Porter Jr. (2022-23),100.53,304,,
1631172,Ousmane Dieng,Ousmane,1610612760,OKC,20.0,39,20,19,0.513,14.6,1.9,4.6,0.42,0.7,2.5,0.265,0.4,0.6,0.652,0.5,2.2,2.7,1.2,0.7,0.4,0.2,0.2,1.1,0.5,4.9,1.0,10.9,0,0,10.6,356,310,346,250,353,353,334,393,302,250,419,434,416,430,337,284,312,312,345,378,358,355,423,447,369,155,374,253,39,366,1,2022-23,Ousmane Dieng (2022-23),102.67,1218,,
200782,P.J. Tucker,P.J.,1610612755,PHI,38.0,75,48,27,0.64,25.6,1.3,3.0,0.427,0.7,1.9,0.393,0.3,0.3,0.826,1.3,2.7,3.9,0.8,0.6,0.5,0.2,0.1,2.4,0.8,3.5,1.8,11.0,0,0,10.5,70,16,229,87,174,440,428,374,290,317,107,464,483,162,113,215,187,398,379,292,333,444,94,361,434,110,371,253,39,372,1,2022-23,P.J. Tucker (2022-23),96.47,3851,,
1629023,P.J. Washington,P.J.,1610612766,CHA,24.0,73,24,49,0.329,32.6,5.9,13.4,0.444,2.0,5.9,0.348,1.7,2.4,0.73,1.0,3.9,4.9,2.4,1.5,0.9,1.1,0.8,2.6,2.1,15.7,-5.1,29.6,3,0,29.0,92,271,15,449,66,82,71,308,67,56,257,144,138,336,157,105,115,159,134,113,28,43,62,138,88,514,99,130,39,94,1,2022-23,P.J. Washington (2022-23),103.2,5114,,
1628408,PJ Dozier,PJ,1610612758,SAC,26.0,16,11,5,0.688,5.0,0.6,2.1,0.303,0.1,1.0,0.125,0.0,0.0,0.0,0.1,0.8,0.9,0.6,0.3,0.4,0.1,0.1,0.4,0.4,1.4,-1.4,4.4,0,0,3.9,445,413,464,39,516,500,483,517,449,400,480,511,516,511,514,481,503,429,479,367,481,488,511,466,514,365,503,253,39,508,1,2022-23,PJ Dozier (2022-23),103.14,170,,
1631094,Paolo Banchero,Paolo,1610612753,ORL,20.0,72,31,41,0.431,33.7,6.7,15.6,0.427,1.2,4.0,0.298,5.5,7.4,0.738,1.2,5.7,6.9,3.7,2.8,0.8,0.5,1.3,2.2,5.0,20.0,-3.0,35.2,14,0,34.5,102,191,48,377,47,67,51,373,186,144,386,15,12,324,128,41,49,89,35,133,117,11,131,19,58,456,58,46,39,55,1,2022-23,Paolo Banchero (2022-23),100.66,5095,,
1627783,Pascal Siakam,Pascal,1610612761,TOR,29.0,71,35,36,0.493,37.4,8.9,18.5,0.48,1.3,4.0,0.324,5.2,6.7,0.774,1.8,6.0,7.8,5.8,2.4,0.9,0.5,0.5,3.2,5.6,24.2,1.7,44.3,24,2,42.1,109,137,91,290,2,23,21,205,163,141,337,21,17,244,56,33,38,35,49,109,130,149,18,15,26,115,19,25,11,22,1,2022-23,Pascal Siakam (2022-23),98.17,5422,,
1626192,Pat Connaughton,Pat,1610612749,MIL,30.0,61,43,18,0.705,23.7,2.7,6.9,0.392,1.8,5.3,0.339,0.4,0.7,0.659,0.8,3.8,4.6,1.3,0.5,0.6,0.2,0.2,1.1,0.8,7.6,2.2,16.9,2,0,16.9,214,53,365,29,193,264,219,457,99,73,274,411,395,426,221,111,128,292,396,241,357,336,412,345,251,87,243,155,39,236,1,2022-23,Pat Connaughton (2022-23),103.42,3121,,
1631116,Patrick Baldwin Jr.,Patrick,1610612744,GSW,20.0,31,15,16,0.484,7.3,1.4,3.5,0.394,1.0,2.7,0.381,0.1,0.2,0.667,0.0,1.3,1.3,0.4,0.4,0.2,0.1,0.1,0.5,0.1,3.9,-1.6,6.6,0,0,7.3,396,369,379,311,483,426,397,452,210,236,145,493,497,403,515,422,464,493,460,469,421,473,509,516,412,378,466,253,39,443,1,2022-23,Patrick Baldwin Jr. (2022-23),102.65,487,,
201976,Patrick Beverley,Patrick,1610612741,CHI,34.0,67,34,33,0.507,27.1,2.1,5.4,0.4,1.2,3.6,0.335,0.7,1.0,0.723,0.7,3.0,3.7,2.9,0.9,0.9,0.6,0.2,2.8,1.4,6.2,-1.2,18.7,2,0,17.1,145,149,138,257,149,326,290,436,184,170,288,321,329,344,273,181,209,125,266,99,93,385,47,233,313,350,220,155,39,229,2,2022-23,Patrick Beverley (2022-23),100.08,3777,,
1630172,Patrick Williams,Patrick,1610612741,CHI,21.0,82,40,42,0.488,28.3,3.8,8.3,0.464,1.4,3.4,0.415,1.1,1.3,0.857,1.0,3.0,4.0,1.2,1.2,0.9,0.9,0.5,1.8,1.2,10.2,-1.7,20.7,1,0,20.2,2,74,42,301,137,174,166,243,149,181,56,234,261,104,178,180,184,306,177,120,49,174,236,265,172,385,187,192,39,183,1,2022-23,Patrick Williams (2022-23),100.05,4831,,
201988,Patty Mills,Patty,1610612751,BKN,34.0,40,18,22,0.45,14.2,2.2,5.2,0.411,1.2,3.4,0.366,0.6,0.8,0.833,0.2,0.9,1.1,1.4,0.8,0.4,0.1,0.2,0.8,0.7,6.2,-1.7,10.2,0,0,10.8,350,339,315,360,362,325,296,417,177,184,199,348,374,144,475,474,481,263,319,367,471,387,465,399,316,380,391,253,39,363,1,2022-23,Patty Mills (2022-23),103.51,1224,,
202331,Paul George,Paul,1610612746,LAC,33.0,56,32,24,0.571,34.6,8.2,17.9,0.457,2.8,7.6,0.371,4.6,5.3,0.871,0.8,5.3,6.1,5.1,3.1,1.5,0.4,0.7,2.8,4.1,23.8,2.8,41.2,8,1,41.5,253,178,285,149,37,31,26,261,20,20,178,31,36,85,228,53,70,52,21,16,215,88,41,36,29,65,29,80,17,26,1,2022-23,Paul George (2022-23),98.46,3976,,
1630194,Paul Reed,Paul,1610612755,PHI,24.0,69,44,25,0.638,10.9,1.8,3.0,0.593,0.0,0.1,0.167,0.6,0.7,0.745,1.6,2.2,3.8,0.4,0.7,0.7,0.7,0.2,1.8,0.7,4.2,-0.2,12.8,5,0,11.1,123,40,268,89,431,376,427,56,489,504,469,378,378,311,81,290,201,486,356,215,68,324,239,395,404,271,325,105,39,352,1,2022-23,Paul Reed (2022-23),100.08,1570,,
1630202,Payton Pritchard,Payton,1610612738,BOS,25.0,48,32,16,0.667,13.4,2.1,5.1,0.412,1.2,3.2,0.364,0.3,0.3,0.75,0.5,1.3,1.8,1.3,0.8,0.3,0.0,0.2,0.8,0.3,5.6,0.3,9.9,1,1,10.6,302,178,379,56,384,331,304,415,190,194,209,465,473,290,323,415,404,277,289,419,490,375,468,485,335,213,401,192,17,365,1,2022-23,Payton Pritchard (2022-23),99.69,1332,,
1631212,Peyton Watson,Peyton,1610612743,DEN,20.0,23,13,10,0.565,8.1,1.3,2.6,0.492,0.3,0.6,0.429,0.5,0.9,0.55,0.3,1.3,1.6,0.5,0.3,0.1,0.5,0.2,0.6,0.6,3.3,-2.0,7.3,0,0,6.7,425,391,430,161,471,441,459,172,413,445,40,399,348,474,402,421,433,475,464,505,139,389,492,421,447,417,450,253,39,455,1,2022-23,Peyton Watson (2022-23),98.91,383,,
1630173,Precious Achiuwa,Precious,1610612761,TOR,23.0,55,30,25,0.545,20.7,3.6,7.3,0.485,0.5,2.0,0.269,1.6,2.3,0.702,1.8,4.1,6.0,0.9,1.1,0.6,0.5,0.6,1.9,1.7,9.2,-0.7,20.0,10,0,18.9,267,207,268,195,234,193,203,188,340,311,416,163,151,372,61,91,74,366,213,265,113,120,218,189,203,303,199,64,39,205,1,2022-23,Precious Achiuwa (2022-23),98.04,2330,,
1629656,Quentin Grimes,Quentin,1610612752,NYK,23.0,71,41,30,0.577,29.9,4.0,8.5,0.468,2.2,5.7,0.386,1.1,1.4,0.796,0.7,2.5,3.2,2.1,1.0,0.7,0.4,0.3,2.5,1.1,11.3,2.6,20.4,0,0,20.9,109,65,184,145,112,159,158,233,53,57,131,233,244,207,265,235,252,180,237,211,209,298,83,284,149,71,193,253,39,175,1,2022-23,Quentin Grimes (2022-23),97.97,4328,,
1631245,Quenton Jackson,Quenton,1610612764,WAS,24.0,9,3,6,0.333,15.0,2.1,4.7,0.452,0.1,1.3,0.083,1.9,2.4,0.773,0.2,0.7,0.9,1.7,0.4,0.4,0.1,0.3,1.1,2.3,6.2,-1.9,11.0,0,0,10.0,471,481,457,442,344,330,331,280,454,366,487,130,131,246,463,499,502,214,431,328,437,243,416,113,312,399,372,253,39,389,1,2022-23,Quenton Jackson (2022-23),107.53,303,,
1630181,R.J. Hampton,R.J.,1610612765,DET,22.0,47,9,38,0.191,15.9,2.2,5.0,0.43,0.9,2.5,0.353,1.2,1.6,0.75,0.4,1.5,1.9,1.1,0.9,0.6,0.2,0.3,1.1,1.3,6.4,-3.0,11.8,0,0,11.8,311,426,69,514,320,323,309,359,246,260,237,213,218,290,382,386,402,320,267,261,344,279,419,250,305,455,349,253,39,338,2,2022-23,R.J. Hampton (2022-23),99.76,1556,,
1629628,RJ Barrett,RJ,1610612752,NYK,23.0,73,40,33,0.548,33.9,7.0,16.1,0.434,1.7,5.3,0.31,4.0,5.4,0.74,0.8,4.2,5.0,2.8,2.2,0.4,0.2,1.3,2.5,3.7,19.6,-0.8,29.4,3,0,30.3,92,74,138,190,46,61,46,348,112,71,363,43,32,316,219,84,105,135,58,340,331,10,87,52,60,323,100,130,39,86,1,2022-23,RJ Barrett (2022-23),98.88,5100,,
1630564,RaiQuan Gray,RaiQuan,1610612751,BKN,23.0,1,0,1,0.0,35.1,6.0,12.0,0.5,2.0,5.0,0.4,2.0,2.0,1.0,3.0,6.0,9.0,7.0,4.0,0.0,1.0,0.0,5.0,1.0,16.0,-14.0,36.3,0,0,36.0,531,528,516,528,26,81,85,140,72,89,85,122,173,1,14,32,23,16,2,513,32,499,1,299,85,538,47,253,39,48,1,2022-23,RaiQuan Gray (2022-23),100.56,73,,
203526,Raul Neto,Raul,1610612739,CLE,31.0,48,31,17,0.646,10.5,1.2,2.3,0.518,0.3,0.9,0.286,0.6,0.7,0.912,0.2,0.8,1.0,1.6,0.5,0.4,0.1,0.1,1.0,1.0,3.3,0.2,7.7,0,0,7.0,302,191,376,82,437,458,469,121,415,415,396,338,385,46,471,489,497,221,410,381,457,467,431,307,446,217,443,253,39,447,1,2022-23,Raul Neto (2022-23),96.76,1017,,
203493,Reggie Bullock Jr.,Reggie,1610612742,DAL,32.0,78,37,41,0.474,30.3,2.5,6.0,0.409,1.9,5.1,0.38,0.3,0.5,0.703,0.4,3.2,3.6,1.4,0.5,0.7,0.2,0.1,2.1,0.4,7.2,-1.1,15.7,1,0,15.9,38,110,48,324,103,289,254,425,87,84,148,445,445,369,367,163,215,268,427,192,372,453,153,463,264,343,261,192,39,252,1,2022-23,Reggie Bullock Jr. (2022-23),97.23,4790,,
202704,Reggie Jackson,Reggie,1610612743,DEN,33.0,68,36,32,0.529,24.4,3.9,9.4,0.411,1.4,4.2,0.333,1.0,1.1,0.91,0.4,1.8,2.1,3.4,1.7,0.7,0.1,0.2,1.7,1.1,10.2,-1.2,18.5,1,0,18.7,133,126,156,219,185,170,138,419,145,128,292,241,285,47,390,351,381,106,109,195,454,331,265,283,171,347,224,192,39,207,2,2022-23,Reggie Jackson (2022-23),98.47,3397,,
1626158,Richaun Holmes,Richaun,1610612758,SAC,29.0,42,22,20,0.524,8.3,1.3,2.1,0.618,0.1,0.2,0.625,0.4,0.5,0.789,0.7,1.2,1.9,0.2,0.3,0.1,0.3,0.2,1.2,0.5,3.1,-1.6,6.4,1,0,6.0,335,290,341,226,468,435,480,40,453,486,5,441,449,217,264,434,399,516,469,510,283,369,400,449,452,377,471,192,39,469,1,2022-23,Richaun Holmes (2022-23),102.47,742,,
201937,Ricky Rubio,Ricky,1610612739,CLE,32.0,33,23,10,0.697,17.2,1.8,5.4,0.343,0.6,2.5,0.256,0.8,1.1,0.8,0.3,1.8,2.1,3.5,0.9,0.8,0.2,0.4,1.5,1.4,5.2,1.4,14.9,0,0,13.4,390,281,430,34,302,370,287,502,307,257,428,283,301,200,438,343,380,100,248,155,354,224,307,224,354,135,279,253,39,298,1,2022-23,Ricky Rubio (2022-23),98.21,1163,,
203496,Robert Covington,Robert,1610612746,LAC,32.0,48,20,28,0.417,16.2,2.1,4.8,0.445,1.1,2.8,0.397,0.6,0.8,0.75,0.6,2.8,3.5,1.2,0.7,0.8,0.7,0.2,1.8,0.7,6.0,-0.1,15.7,0,0,14.7,302,310,214,391,314,329,325,303,199,228,95,348,356,290,276,199,234,310,345,154,75,375,238,376,323,257,262,253,39,274,1,2022-23,Robert Covington (2022-23),100.85,1640,,
1629057,Robert Williams III,Robert,1610612738,BOS,25.0,35,24,11,0.686,23.5,3.6,4.9,0.747,0.0,0.0,0.0,0.7,1.2,0.61,3.0,5.4,8.3,1.4,1.0,0.6,1.4,0.3,1.9,1.2,8.0,4.9,25.2,6,0,21.7,379,271,425,44,196,187,320,7,492,514,492,313,280,454,15,51,33,254,238,231,14,236,192,266,244,22,134,92,39,163,1,2022-23,Robert Williams III (2022-23),100.19,1709,,
201577,Robin Lopez,Robin,1610612739,CLE,35.0,37,25,12,0.676,8.1,1.3,2.0,0.64,0.1,0.1,0.5,0.4,0.5,0.778,0.6,0.8,1.4,0.5,0.7,0.1,0.2,0.2,1.2,0.7,3.0,-1.6,5.6,0,0,5.5,365,262,418,50,473,436,485,27,474,497,10,436,443,236,289,488,455,461,342,512,323,372,408,374,454,372,485,253,39,481,1,2022-23,Robin Lopez (2022-23),99.38,616,,
203585,Rodney McGruder,Rodney,1610612765,DET,31.0,32,4,28,0.125,16.4,1.9,4.8,0.408,1.3,3.0,0.423,0.6,0.7,0.818,0.6,1.7,2.3,0.9,0.3,0.5,0.0,0.3,1.2,0.8,5.7,-1.4,11.1,0,0,11.3,392,468,214,525,312,357,326,427,168,212,49,373,391,177,287,362,355,380,467,303,487,299,389,342,330,362,370,253,39,349,1,2022-23,Rodney McGruder (2022-23),101.01,1100,,
1629641,Romeo Langford,Romeo,1610612759,SAS,23.0,43,14,29,0.326,19.6,2.8,6.0,0.467,0.4,1.4,0.262,0.9,1.3,0.696,1.3,1.3,2.7,1.2,0.7,0.6,0.3,0.3,1.6,1.5,6.9,-4.2,13.7,0,0,12.8,327,386,199,450,255,255,256,235,384,357,422,270,255,379,106,412,318,316,335,268,251,275,302,206,277,498,303,253,39,315,1,2022-23,Romeo Langford (2022-23),103.64,1812,,
1631199,Ron Harper Jr.,Ron,1610612761,TOR,23.0,9,6,3,0.667,5.3,0.9,1.8,0.5,0.3,1.0,0.333,0.1,0.1,1.0,0.3,0.4,0.8,0.4,0.0,0.0,0.1,0.1,0.3,0.1,2.2,2.1,4.2,0,0,4.0,471,452,496,56,510,483,496,140,392,400,292,500,509,1,405,518,507,480,519,513,437,458,518,519,484,94,508,253,39,503,1,2022-23,Ron Harper Jr. (2022-23),98.02,96,,
1626220,Royce O'Neale,Royce,1610612751,BKN,30.0,76,42,34,0.553,31.7,3.0,7.8,0.386,2.1,5.5,0.389,0.7,0.9,0.725,0.7,4.3,5.1,3.7,1.5,0.9,0.6,0.4,3.1,1.2,8.8,1.0,23.5,4,1,22.8,55,60,121,179,82,239,178,468,57,65,119,335,339,339,256,78,103,91,135,126,88,220,21,276,218,152,157,118,17,150,1,2022-23,Royce O'Neale (2022-23),98.52,4934,,
200752,Rudy Gay,Rudy,1610612762,UTA,36.0,56,29,27,0.518,14.6,1.9,5.1,0.38,0.6,2.3,0.254,0.8,0.9,0.857,0.6,2.3,2.9,1.0,0.7,0.3,0.3,0.0,1.2,0.6,5.2,1.0,11.6,0,0,11.1,253,220,229,241,354,354,303,474,322,279,429,308,346,104,301,267,287,338,352,393,237,496,391,401,350,154,357,253,39,355,1,2022-23,Rudy Gay (2022-23),103.11,1755,,
203497,Rudy Gobert,Rudy,1610612750,MIN,31.0,70,34,36,0.486,30.7,5.1,7.8,0.659,0.0,0.0,0.0,3.1,4.9,0.644,3.3,8.3,11.6,1.2,1.7,0.8,1.4,0.6,3.0,4.6,13.4,-0.1,34.0,35,0,30.6,116,149,91,307,95,111,179,20,492,510,492,62,43,437,7,7,5,299,100,147,15,117,31,28,116,240,64,14,39,83,1,2022-23,Rudy Gobert (2022-23),100.29,4477,,
1629060,Rui Hachimura,Rui,1610612747,LAL,25.0,63,38,25,0.603,23.3,4.5,9.3,0.486,0.8,2.5,0.319,1.4,1.9,0.739,0.8,3.7,4.5,0.9,0.8,0.3,0.4,0.6,1.1,1.3,11.2,-0.4,19.3,2,0,18.9,189,95,268,117,203,132,140,184,265,246,346,187,188,318,211,120,138,361,285,415,173,99,411,239,150,290,212,155,39,204,2,2022-23,Rui Hachimura (2022-23),102.74,3142,,
201566,Russell Westbrook,Russell,1610612746,LAC,34.0,73,36,37,0.493,29.1,5.9,13.6,0.436,1.2,3.9,0.311,2.8,4.3,0.656,1.2,4.6,5.8,7.5,3.5,1.0,0.5,1.1,2.2,2.9,15.9,-0.3,35.1,24,4,33.4,92,126,82,288,121,85,69,338,180,147,360,71,55,429,119,71,79,11,7,71,152,18,132,77,87,276,59,25,7,61,2,2022-23,Russell Westbrook (2022-23),104.59,4626,,
1627853,Ryan Arcidiacono,Ryan,1610612752,NYK,29.0,20,9,11,0.45,8.6,0.5,1.9,0.243,0.4,1.2,0.348,0.0,0.0,0.0,0.0,0.8,0.8,1.2,0.4,0.3,0.0,0.1,0.9,0.6,1.3,-2.0,4.3,0,0,4.1,435,426,425,360,465,518,492,524,374,388,258,511,516,511,517,489,509,318,463,440,491,471,458,413,518,409,504,253,39,501,2,2022-23,Ryan Arcidiacono (2022-23),104.72,380,,
1631157,Ryan Rollins,Ryan,1610612744,GSW,20.0,12,5,7,0.417,5.2,0.6,1.7,0.35,0.3,0.8,0.333,0.5,0.5,1.0,0.3,0.8,1.0,0.5,1.3,0.1,0.1,0.2,0.8,0.3,1.9,-3.9,3.0,0,0,4.0,460,459,454,391,514,503,500,499,415,426,292,389,435,1,446,489,485,463,156,507,457,398,461,473,496,491,524,253,39,503,1,2022-23,Ryan Rollins (2022-23),104.78,138,,
1630240,Saben Lee,Saben,1610612756,PHX,24.0,25,15,10,0.6,14.9,2.0,4.8,0.405,0.4,1.2,0.367,1.7,2.3,0.737,0.5,1.3,1.8,2.7,1.0,0.8,0.0,0.5,1.3,2.0,6.0,-1.2,13.7,1,0,12.6,419,369,430,119,345,350,321,431,359,383,193,149,148,325,324,419,408,140,243,164,485,136,371,147,322,351,307,192,39,320,2,2022-23,Saben Lee (2022-23),103.51,808,,
1630180,Saddiq Bey,Saddiq,1610612737,ATL,24.0,77,24,53,0.312,27.6,4.6,10.9,0.422,2.0,5.4,0.361,2.7,3.1,0.861,1.3,3.4,4.7,1.5,0.9,0.9,0.2,0.7,1.6,2.0,13.8,-1.9,24.0,4,0,24.1,46,271,9,457,146,127,109,382,81,69,216,79,91,98,112,143,124,235,258,111,371,72,286,146,113,403,146,118,39,137,2,2022-23,Saddiq Bey (2022-23),102.41,4539,,
1630573,Sam Hauser,Sam,1610612738,BOS,25.0,80,55,25,0.688,16.1,2.3,5.0,0.455,1.8,4.2,0.418,0.2,0.2,0.706,0.4,2.1,2.6,0.9,0.4,0.4,0.3,0.1,1.2,0.3,6.4,2.7,12.3,0,0,12.8,15,4,268,39,316,314,314,269,102,132,53,488,493,366,352,302,329,376,451,374,281,481,380,490,307,66,337,253,39,314,1,2022-23,Sam Hauser (2022-23),101.51,2732,,
1630241,Sam Merrill,Sam,1610612739,CLE,27.0,5,4,1,0.8,11.7,1.8,4.4,0.409,1.0,3.6,0.278,0.4,0.4,1.0,0.0,1.8,1.8,1.0,0.0,0.8,0.0,0.0,0.6,0.2,5.0,-1.0,11.1,0,0,10.4,499,468,516,11,417,374,347,422,214,164,409,425,458,1,517,347,408,342,519,147,491,499,493,500,360,330,369,253,39,374,1,2022-23,Sam Merrill (2022-23),98.84,120,,
1630572,Sandro Mamukelashvili,Sandro,1610612759,SAS,24.0,43,23,20,0.535,15.3,2.3,5.3,0.422,0.7,2.3,0.303,0.9,1.3,0.684,1.6,2.7,4.3,1.4,0.8,0.3,0.3,0.3,1.2,1.1,6.1,-2.7,14.4,2,0,13.8,327,281,341,216,331,313,291,383,296,281,375,270,251,391,80,214,149,252,300,402,266,252,393,293,319,444,290,155,39,290,2,2022-23,Sandro Mamukelashvili (2022-23),102.34,1419,,
1630583,Santi Aldama,Santi,1610612763,MEM,22.0,77,47,30,0.61,21.8,3.2,6.8,0.47,1.2,3.5,0.353,1.4,1.9,0.75,1.1,3.7,4.8,1.3,0.8,0.6,0.6,0.3,1.9,1.6,9.0,1.2,19.6,4,0,18.8,46,22,184,110,223,222,225,226,179,175,238,186,192,290,142,114,119,293,311,255,91,310,216,193,213,149,208,118,39,206,1,2022-23,Santi Aldama (2022-23),102.96,3607,,
1630567,Scottie Barnes,Scottie,1610612761,TOR,21.0,77,38,39,0.494,34.8,6.0,13.2,0.456,0.8,2.9,0.281,2.5,3.2,0.772,2.3,4.3,6.6,4.8,2.0,1.1,0.8,0.6,2.2,2.7,15.3,2.3,34.1,15,1,31.3,46,95,60,286,32,80,77,266,262,222,404,92,85,249,27,79,54,61,76,64,57,105,134,88,92,82,63,44,17,77,1,2022-23,Scottie Barnes (2022-23),98.71,5506,,
1630590,Scotty Pippen Jr.,Scotty,1610612747,LAL,22.0,6,1,5,0.167,5.3,0.7,2.0,0.333,0.2,0.5,0.333,0.8,1.5,0.556,0.3,0.3,0.7,0.3,0.3,0.3,0.2,0.3,0.5,1.0,2.3,-0.2,4.8,0,0,4.5,493,507,464,517,513,495,486,507,436,456,292,289,230,470,405,524,517,497,469,394,372,243,501,299,481,258,498,253,39,496,1,2022-23,Scotty Pippen Jr. (2022-23),100.52,66,,
201586,Serge Ibaka,Serge,1610612749,MIL,33.0,16,11,5,0.688,11.6,1.6,3.4,0.481,0.4,1.1,0.333,0.5,0.8,0.615,0.9,1.8,2.8,0.3,0.7,0.1,0.4,0.2,1.4,0.7,4.1,-1.6,8.8,0,0,8.6,445,413,464,39,421,400,405,200,381,390,292,389,362,451,181,346,302,510,339,497,159,375,336,388,408,371,422,253,39,417,1,2022-23,Serge Ibaka (2022-23),99.18,383,,
203552,Seth Curry,Seth,1610612751,BKN,32.0,61,37,24,0.607,19.8,3.4,7.4,0.463,1.5,3.8,0.405,0.8,0.9,0.927,0.2,1.4,1.6,1.6,0.8,0.6,0.1,0.2,1.6,0.9,9.2,-1.1,14.9,0,0,15.4,214,110,285,114,253,213,202,245,127,154,75,288,341,36,469,396,432,223,286,249,435,336,295,319,204,344,282,253,39,262,1,2022-23,Seth Curry (2022-23),100.21,2536,,
1631101,Shaedon Sharpe,Shaedon,1610612757,POR,20.0,80,32,48,0.4,22.2,3.8,8.1,0.472,1.3,3.5,0.36,0.9,1.3,0.714,0.8,2.2,3.0,1.2,1.0,0.5,0.3,0.4,1.7,1.1,9.9,-3.7,16.5,0,0,16.8,15,178,18,407,216,175,171,223,169,171,218,263,252,354,232,294,281,314,219,315,252,208,258,285,181,483,248,253,39,238,1,2022-23,Shaedon Sharpe (2022-23),100.99,3737,,
1628983,Shai Gilgeous-Alexander,Shai,1610612760,OKC,24.0,68,33,35,0.485,35.5,10.4,20.3,0.51,0.9,2.5,0.345,9.8,10.9,0.905,0.9,4.0,4.8,5.5,2.8,1.6,1.0,1.4,2.8,7.2,31.4,2.2,50.4,3,0,47.8,133,162,100,309,20,5,7,131,251,258,262,2,3,50,202,102,118,44,32,7,38,3,44,4,4,88,6,130,39,9,1,2022-23,Shai Gilgeous-Alexander (2022-23),103.47,5211,,
1629003,Shake Milton,Shake,1610612755,PHI,26.0,76,52,24,0.684,20.6,3.2,6.6,0.479,0.7,1.9,0.378,1.3,1.5,0.853,0.5,2.0,2.5,3.2,1.2,0.3,0.2,0.5,1.6,1.4,8.4,1.9,16.4,3,0,15.8,55,8,285,45,237,228,228,208,288,312,150,201,227,114,328,318,331,115,175,400,368,153,280,237,230,106,249,130,39,255,1,2022-23,Shake Milton (2022-23),101.46,3319,,
1627885,Shaquille Harrison,Shaquille,1610612747,LAL,29.0,5,1,4,0.2,24.0,3.0,7.2,0.417,0.6,2.0,0.3,2.2,3.0,0.733,0.2,4.2,4.4,6.0,1.2,2.2,0.4,0.4,2.4,2.4,8.8,-0.2,29.7,1,0,25.0,499,507,480,505,189,240,206,401,317,305,382,104,98,329,475,85,144,33,183,2,182,199,94,108,220,264,98,192,39,126,1,2022-23,Shaquille Harrison (2022-23),104.87,262,,
1631323,Simone Fontecchio,Simone,1610612762,UTA,27.0,52,25,27,0.481,14.7,2.2,6.0,0.369,1.2,3.7,0.33,0.7,0.8,0.795,0.6,1.1,1.7,0.8,0.8,0.3,0.2,0.3,1.2,0.7,6.3,-3.9,10.1,0,0,10.9,283,262,229,315,350,320,257,485,181,161,321,328,352,208,299,453,430,396,319,421,390,265,399,387,310,492,394,253,39,360,1,2022-23,Simone Fontecchio (2022-23),104.96,1681,,
1630219,Skylar Mays,Skylar,1610612757,POR,25.0,6,1,5,0.167,31.5,5.7,11.3,0.5,2.0,4.3,0.462,2.0,2.2,0.923,0.3,2.8,3.2,8.3,1.7,1.0,0.2,1.3,1.8,1.8,15.3,-12.3,33.5,1,0,31.2,493,507,464,517,85,92,100,140,72,124,26,122,161,39,405,198,257,7,113,80,372,8,226,165,91,536,65,192,39,79,1,2022-23,Skylar Mays (2022-23),106.16,415,,
203915,Spencer Dinwiddie,Spencer,1610612751,BKN,30.0,79,41,38,0.519,34.5,5.8,13.3,0.438,2.3,6.2,0.369,3.4,4.2,0.812,0.4,3.1,3.4,6.5,1.8,0.8,0.3,0.8,2.4,3.2,17.3,-0.1,32.8,9,0,31.9,27,65,69,237,39,88,73,330,49,46,185,56,58,186,397,175,239,22,93,130,248,58,103,69,74,241,70,70,39,72,2,2022-23,Spencer Dinwiddie (2022-23),96.28,5465,,
1626169,Stanley Johnson,Stanley,1610612762,UTA,27.0,30,5,25,0.167,15.6,2.2,4.1,0.533,0.6,1.3,0.45,0.9,1.3,0.667,0.7,2.4,3.2,2.2,1.1,0.5,0.2,0.3,1.6,1.1,5.8,-3.1,14.1,0,0,13.3,405,459,268,517,326,324,360,101,317,366,27,281,256,403,251,254,257,176,206,287,333,277,284,291,329,462,297,253,39,303,1,2022-23,Stanley Johnson (2022-23),103.87,1007,,
1630649,Stanley Umude,Stanley,1610612765,DET,24.0,1,0,1,0.0,2.1,0.0,1.0,0.0,0.0,1.0,0.0,2.0,2.0,1.0,0.0,0.0,0.0,0.0,0.0,1.0,1.0,0.0,0.0,1.0,2.0,3.0,8.0,0,0,6.0,531,528,516,528,537,534,524,534,492,400,492,122,173,1,517,531,533,525,519,80,32,499,528,299,491,53,437,253,39,469,1,2022-23,Stanley Umude (2022-23),102.05,4,,
201939,Stephen Curry,Stephen,1610612744,GSW,35.0,56,30,26,0.536,34.7,10.0,20.2,0.493,4.9,11.4,0.427,4.6,5.0,0.915,0.7,5.4,6.1,6.3,3.2,0.9,0.4,0.7,2.1,3.9,29.4,4.8,46.8,12,1,49.3,253,207,250,212,33,9,9,168,1,1,42,30,42,43,263,50,72,23,19,106,215,68,160,44,7,24,11,53,17,7,1,2022-23,Stephen Curry (2022-23),104.68,4244,,
1628425,Sterling Brown,Sterling,1610612747,LAL,28.0,4,2,2,0.5,6.1,0.0,1.0,0.0,0.0,0.5,0.0,0.0,0.0,0.0,0.8,1.3,2.0,0.5,0.0,0.8,0.0,0.3,1.0,0.0,0.0,-1.0,5.4,0,0,4.0,509,491,512,264,497,534,524,534,492,456,492,511,516,511,244,424,390,463,519,168,491,318,433,526,535,330,488,253,39,503,1,2022-23,Sterling Brown (2022-23),120.18,59,,
203500,Steven Adams,Steven,1610612763,MEM,29.0,42,28,14,0.667,27.0,3.7,6.3,0.597,0.0,0.0,0.0,1.1,3.1,0.364,5.1,6.5,11.5,2.3,1.9,0.9,1.1,0.3,2.3,3.1,8.6,5.8,29.9,15,0,26.4,335,230,393,56,150,179,244,52,492,518,492,230,94,506,1,26,6,170,88,124,26,243,109,72,227,14,93,44,39,113,1,2022-23,Steven Adams (2022-23),101.29,2396,,
1629004,Svi Mykhailiuk,Svi,1610612766,CHA,26.0,32,16,16,0.5,14.6,2.4,5.4,0.445,1.3,3.1,0.424,0.8,1.2,0.667,0.5,1.2,1.7,1.7,0.8,0.5,0.1,0.3,0.7,0.9,6.9,0.6,12.4,0,0,12.8,392,357,379,264,351,293,286,304,161,207,46,297,272,403,339,436,429,218,319,318,423,235,477,316,275,190,334,253,39,316,2,2022-23,Svi Mykhailiuk (2022-23),101.51,994,,
204456,T.J. McConnell,T.J.,1610612754,IND,31.0,75,31,44,0.413,20.4,3.8,6.9,0.543,0.3,0.8,0.441,0.8,0.9,0.853,0.6,2.5,3.1,5.3,1.9,1.1,0.1,0.2,1.4,1.3,8.7,-0.8,22.1,6,1,19.9,70,191,30,397,243,178,216,89,390,422,34,304,340,117,296,238,262,47,86,63,411,338,344,240,225,319,174,92,17,190,1,2022-23,T.J. McConnell (2022-23),103.95,3313,,
203933,T.J. Warren,T.J.,1610612756,PHX,29.0,42,26,16,0.619,16.4,3.1,6.4,0.489,0.5,1.6,0.328,0.7,0.8,0.8,0.6,2.3,2.9,1.0,0.5,0.5,0.3,0.2,1.5,0.7,7.5,1.3,14.3,0,0,13.5,335,253,379,107,313,231,237,178,341,339,325,329,356,200,291,279,290,355,423,290,259,398,306,371,254,140,291,253,39,296,2,2022-23,T.J. Warren (2022-23),102.51,1462,,
201959,Taj Gibson,Taj,1610612764,WAS,38.0,49,21,28,0.429,9.8,1.3,2.6,0.52,0.2,0.5,0.333,0.6,0.9,0.714,0.7,1.2,1.9,0.7,0.5,0.3,0.2,0.2,1.7,0.7,3.4,-0.1,7.9,0,0,7.3,299,303,214,378,449,433,460,116,441,462,292,352,350,354,275,431,400,414,402,413,299,410,252,373,440,239,438,253,39,442,1,2022-23,Taj Gibson (2022-23),99.51,999,,
1629659,Talen Horton-Tucker,Talen,1610612762,UTA,22.0,65,30,35,0.462,20.2,4.0,9.4,0.419,0.9,3.1,0.286,1.9,2.6,0.75,0.6,2.6,3.2,3.8,1.9,0.6,0.4,0.7,1.7,1.9,10.7,-0.1,21.6,2,0,20.8,171,207,100,347,246,161,137,394,242,204,396,125,118,290,282,225,251,88,83,230,157,78,267,156,159,250,176,155,39,177,1,2022-23,Talen Horton-Tucker (2022-23),103.46,2826,,
1631106,Tari Eason,Tari,1610612745,HOU,22.0,82,22,60,0.268,21.6,3.6,8.0,0.448,0.7,2.1,0.343,1.3,1.8,0.752,2.4,3.7,6.0,1.1,1.2,1.2,0.6,0.8,2.3,1.3,9.3,-1.9,22.1,7,0,20.6,2,290,1,475,226,190,173,290,291,295,267,196,203,289,25,116,73,333,177,44,105,51,111,242,201,404,173,86,39,181,1,2022-23,Tari Eason (2022-23),101.96,3765,,
1627752,Taurean Prince,Taurean,1610612750,MIN,29.0,54,31,23,0.574,22.1,3.3,7.0,0.467,1.4,3.6,0.381,1.2,1.4,0.844,0.3,2.2,2.4,1.6,1.3,0.5,0.3,0.3,2.3,1.6,9.1,0.0,15.5,0,0,16.1,270,191,303,147,219,220,210,236,153,167,143,215,238,128,434,292,340,229,166,294,267,311,117,201,208,234,266,253,39,248,1,2022-23,Taurean Prince (2022-23),105.09,2600,,
1629611,Terance Mann,Terance,1610612746,LAC,26.0,81,44,37,0.543,23.1,3.4,6.5,0.519,1.0,2.4,0.389,1.1,1.5,0.78,1.0,2.5,3.4,2.3,1.0,0.5,0.3,0.4,1.8,1.4,8.8,0.0,17.7,1,0,17.0,11,40,82,201,205,216,235,118,229,264,120,226,237,232,179,248,241,172,235,294,272,196,224,236,219,232,232,192,39,233,1,2022-23,Terance Mann (2022-23),99.03,3859,,
1629056,Terence Davis,Terence,1610612758,SAC,26.0,64,38,26,0.594,13.1,2.4,5.7,0.423,1.4,3.8,0.366,0.5,0.7,0.791,0.3,1.9,2.2,1.0,0.8,0.7,0.2,0.2,1.6,0.5,6.7,0.7,12.7,0,0,13.1,181,95,250,123,386,293,276,379,150,155,195,383,396,214,424,339,371,336,294,203,348,357,276,427,288,182,331,253,39,307,1,2022-23,Terence Davis (2022-23),104.19,1814,,
203082,Terrence Ross,Terrence,1610612756,PHX,32.0,63,27,36,0.429,21.1,3.2,7.4,0.43,1.5,4.1,0.368,0.4,0.5,0.794,0.3,2.1,2.4,1.5,0.7,0.6,0.2,0.3,1.5,0.5,8.3,-1.2,14.9,0,0,15.2,189,238,91,378,230,227,201,361,131,136,189,416,426,209,400,306,340,239,340,271,387,315,309,434,232,352,278,253,39,266,2,2022-23,Terrence Ross (2022-23),100.53,2785,,
1626179,Terry Rozier,Terry,1610612766,CHA,29.0,63,19,44,0.302,35.3,7.8,18.9,0.415,2.6,8.0,0.327,2.8,3.5,0.809,0.8,3.3,4.1,5.1,2.1,1.2,0.3,1.0,1.9,3.0,21.1,-4.6,35.8,1,0,35.7,189,324,30,459,24,39,17,413,32,14,329,70,77,191,225,158,167,55,65,42,289,25,207,76,41,506,54,192,39,51,1,2022-23,Terry Rozier (2022-23),101.87,4716,,
1630678,Terry Taylor,Terry,1610612741,CHI,23.0,31,13,18,0.419,8.5,1.3,2.4,0.52,0.2,0.6,0.263,0.2,0.4,0.545,0.9,0.6,1.5,0.3,0.3,0.1,0.2,0.2,0.8,0.4,2.9,0.6,5.8,0,0,5.5,396,391,365,387,466,442,464,116,442,444,420,483,470,476,199,507,442,502,482,503,340,368,460,469,466,194,483,253,39,482,2,2022-23,Terry Taylor (2022-23),105.41,575,,
201152,Thaddeus Young,Thaddeus,1610612761,TOR,35.0,54,23,31,0.426,14.7,2.0,3.7,0.545,0.1,0.6,0.176,0.3,0.5,0.692,1.3,1.8,3.1,1.4,0.8,1.0,0.1,0.2,1.6,0.7,4.4,-1.7,12.7,0,0,11.2,270,281,164,383,349,344,379,87,454,442,468,445,444,383,109,350,265,266,312,80,452,398,274,378,389,383,329,253,39,351,1,2022-23,Thaddeus Young (2022-23),99.14,1643,,
203648,Thanasis Antetokounmpo,Thanasis,1610612749,MIL,30.0,37,25,12,0.676,5.6,0.5,1.2,0.435,0.0,0.2,0.0,0.3,0.6,0.5,0.4,0.8,1.2,0.4,0.3,0.1,0.1,0.1,0.6,0.4,1.4,-3.1,3.6,0,0,3.3,365,262,418,50,505,505,516,344,492,483,492,456,414,482,370,484,474,484,477,509,462,432,496,465,513,464,516,253,39,517,1,2022-23,Thanasis Antetokounmpo (2022-23),104.63,452,,
1630177,Theo Maledon,Theo,1610612766,CHA,22.0,44,14,30,0.318,19.4,2.3,5.8,0.402,0.6,2.2,0.295,1.4,1.7,0.851,0.3,2.5,2.8,3.5,1.3,0.8,0.3,0.3,1.4,1.3,6.7,-3.3,17.2,1,0,15.8,325,386,184,454,262,303,270,434,307,289,388,184,213,120,419,247,296,103,155,131,269,239,352,254,289,470,238,192,39,253,1,2022-23,Theo Maledon (2022-23),102.36,1827,,
1629033,Theo Pinson,Theo,1610612742,DAL,27.0,40,19,21,0.475,8.1,0.8,2.2,0.356,0.6,1.6,0.355,0.3,0.3,0.846,0.3,1.3,1.6,1.2,0.3,0.2,0.0,0.1,0.9,0.4,2.4,-1.3,6.2,1,1,6.0,350,324,327,322,472,489,475,497,333,344,232,461,480,126,446,413,438,318,481,489,489,440,458,470,479,354,475,192,17,469,1,2022-23,Theo Pinson (2022-23),103.82,700,,
1628418,Thomas Bryant,Thomas,1610612743,DEN,25.0,59,33,26,0.559,18.3,3.9,6.3,0.623,0.4,1.0,0.441,1.6,2.1,0.738,1.5,4.3,5.7,0.5,0.6,0.3,0.5,0.6,1.7,1.7,9.8,-1.6,19.2,9,0,18.1,230,162,250,168,287,166,245,39,358,400,34,164,164,322,95,81,82,457,362,430,129,121,250,188,184,373,214,70,39,217,2,2022-23,Thomas Bryant (2022-23),102.1,2307,,
203501,Tim Hardaway Jr.,Tim,1610612742,DAL,31.0,71,37,34,0.521,30.3,4.8,11.9,0.401,3.0,7.7,0.385,1.8,2.3,0.77,0.3,3.2,3.5,1.8,0.8,0.7,0.2,0.4,1.7,2.2,14.4,2.3,23.1,0,0,24.4,109,110,121,231,104,122,87,435,15,18,132,138,144,253,429,160,225,203,284,196,370,231,259,122,103,84,164,253,39,132,1,2022-23,Tim Hardaway Jr. (2022-23),97.41,4373,,
202699,Tobias Harris,Tobias,1610612755,PHI,30.0,74,47,27,0.635,32.9,5.7,11.4,0.501,1.7,4.4,0.389,1.5,1.7,0.876,0.9,4.8,5.7,2.5,1.2,0.9,0.5,0.7,2.0,1.5,14.7,4.0,28.5,7,0,27.5,79,22,229,91,60,90,99,139,109,122,120,171,208,73,189,68,83,153,182,107,118,74,176,215,100,34,104,86,39,101,1,2022-23,Tobias Harris (2022-23),96.53,4910,,
1628396,Tony Bradley,Tony,1610612741,CHI,25.0,12,5,7,0.417,2.8,0.5,1.0,0.5,0.3,0.4,0.6,0.3,0.3,1.0,0.1,0.8,0.9,0.1,0.1,0.1,0.1,0.0,0.2,0.2,1.6,0.9,3.2,0,0,3.2,460,459,454,391,531,508,524,140,415,467,6,445,473,1,511,479,499,524,515,507,457,499,526,507,504,162,521,253,39,520,1,2022-23,Tony Bradley (2022-23),115.81,82,,
1628470,Torrey Craig,Torrey,1610612756,PHX,32.0,79,44,35,0.557,24.7,2.9,6.3,0.456,1.3,3.2,0.395,0.4,0.6,0.711,1.8,3.6,5.4,1.5,0.9,0.6,0.8,0.3,2.3,0.7,7.4,-2.2,19.5,4,0,18.4,27,40,100,171,182,248,242,265,171,197,99,424,420,361,58,130,92,246,257,228,60,287,120,384,255,430,209,118,39,210,1,2022-23,Torrey Craig (2022-23),99.62,4030,,
1629027,Trae Young,Trae,1610612737,ATL,24.0,73,38,35,0.521,34.8,8.2,19.0,0.429,2.1,6.3,0.335,7.8,8.8,0.886,0.8,2.2,3.0,10.2,4.1,1.1,0.1,1.2,1.4,6.4,26.2,1.4,44.6,40,0,43.9,92,95,100,233,31,32,16,363,60,43,287,6,6,65,241,283,280,3,1,59,427,14,339,7,14,134,17,6,39,17,1,2022-23,Trae Young (2022-23),104.39,5537,,
1630200,Tre Jones,Tre,1610612759,SAS,23.0,68,20,48,0.294,29.2,5.0,10.9,0.459,0.7,2.3,0.285,2.2,2.5,0.86,0.8,2.8,3.6,6.6,1.6,1.3,0.1,0.6,1.4,2.7,12.9,-4.8,29.8,6,2,26.6,133,310,18,463,120,115,107,254,304,278,401,108,122,99,216,204,218,21,117,31,415,109,333,90,122,507,95,92,11,110,1,2022-23,Tre Jones (2022-23),102.8,4252,,
1630544,Tre Mann,Tre,1610612760,OKC,22.0,67,31,36,0.463,17.7,2.9,7.5,0.393,1.2,3.8,0.315,0.6,0.8,0.764,0.4,1.9,2.3,1.8,0.9,0.6,0.2,0.2,1.5,0.8,7.7,0.9,14.5,1,1,14.6,145,191,91,346,301,246,195,454,182,152,351,347,360,268,371,332,354,206,255,245,382,329,330,358,250,171,288,192,17,278,1,2022-23,Tre Mann (2022-23),102.78,2548,,
1630570,Trendon Watford,Trendon,1610612757,POR,22.0,62,26,36,0.419,19.1,2.9,5.2,0.56,0.4,1.0,0.391,1.2,1.6,0.72,0.7,3.2,3.8,2.1,1.1,0.5,0.2,0.2,1.9,1.5,7.4,-2.9,16.1,3,0,15.2,203,253,91,387,275,247,298,73,373,398,114,222,219,348,270,168,194,182,194,296,340,340,203,217,257,454,254,130,39,268,1,2022-23,Trendon Watford (2022-23),100.5,2472,,
1630235,Trent Forrest,Trent,1610612737,ATL,25.0,23,9,14,0.391,12.0,1.1,2.6,0.417,0.0,0.1,0.0,0.1,0.1,0.667,0.2,1.4,1.6,1.7,0.7,0.3,0.1,0.3,0.7,0.3,2.3,-2.5,7.2,0,0,6.3,425,426,393,414,411,466,454,401,492,504,492,505,506,403,466,403,433,219,356,414,455,272,474,472,482,440,452,253,39,462,1,2022-23,Trent Forrest (2022-23),101.47,586,,
1630243,Trevelin Queen,Trevelin,1610612755,PHI,26.0,7,2,5,0.286,10.0,1.0,4.1,0.241,0.3,2.1,0.133,0.7,0.7,1.0,1.1,1.3,2.4,0.9,1.0,0.3,0.7,0.1,0.6,0.7,3.0,2.0,9.2,0,0,8.6,482,491,464,465,445,471,356,525,407,291,478,313,382,1,136,418,343,383,225,423,71,425,498,380,455,96,414,253,39,418,1,2022-23,Trevelin Queen (2022-23),104.23,152,,
1631309,Trevor Hudgins,Trevor,1610612745,HOU,24.0,5,0,5,0.0,5.7,0.4,1.8,0.222,0.4,1.6,0.25,0.6,0.6,1.0,0.0,0.0,0.0,0.6,0.2,0.0,0.0,0.0,0.2,0.4,1.8,0.6,2.5,0,0,2.8,499,528,464,528,502,521,493,527,374,337,432,356,411,1,517,531,533,433,497,513,491,499,523,457,497,193,526,253,39,525,1,2022-23,Trevor Hudgins (2022-23),97.41,57,,
1631211,Trevor Keels,Trevor,1610612752,NYK,19.0,3,3,0,1.0,2.7,0.3,1.3,0.25,0.3,1.3,0.25,0.0,0.0,0.0,0.0,0.7,0.7,0.0,0.0,0.0,0.0,0.0,0.0,0.0,1.0,-6.0,1.8,0,0,2.0,520,481,532,1,533,525,512,522,392,366,432,511,516,511,517,499,517,525,519,513,491,499,528,526,524,524,531,253,39,530,1,2022-23,Trevor Keels (2022-23),113.43,19,,
1626168,Trey Lyles,Trey,1610612758,SAC,27.0,74,43,31,0.581,16.9,2.5,5.5,0.458,1.2,3.2,0.363,1.4,1.7,0.815,0.9,3.1,4.1,0.9,0.9,0.4,0.4,0.3,1.3,1.4,7.6,1.4,15.3,1,0,15.3,79,53,164,139,306,279,285,257,189,191,214,190,214,181,187,170,176,373,275,373,170,297,367,232,252,130,270,192,39,264,1,2022-23,Trey Lyles (2022-23),102.64,2666,,
1630530,Trey Murphy III,Trey,1610612740,NOP,23.0,79,39,40,0.494,31.0,4.9,10.1,0.484,2.6,6.3,0.406,2.2,2.4,0.905,0.7,2.8,3.6,1.4,0.8,1.1,0.5,0.3,2.0,1.6,14.5,0.5,25.2,1,0,25.4,27,89,54,285,93,119,118,195,35,44,73,107,136,51,248,200,222,259,315,52,115,287,187,190,102,198,133,192,39,118,1,2022-23,Trey Murphy III (2022-23),100.62,5138,,
1628972,Troy Brown Jr.,Troy,1610612747,LAL,23.0,76,40,36,0.526,24.5,2.6,6.1,0.43,1.4,3.7,0.381,0.4,0.5,0.872,0.8,3.2,4.1,1.3,0.6,0.8,0.2,0.4,1.6,0.6,7.1,-0.2,16.2,2,0,15.8,55,74,91,222,183,271,251,361,146,158,147,410,433,81,223,162,177,294,361,157,328,207,294,418,267,263,253,155,39,254,1,2022-23,Troy Brown Jr. (2022-23),102.11,3958,,
1629660,Ty Jerome,Ty,1610612744,GSW,25.0,45,22,23,0.489,18.1,2.6,5.4,0.488,0.8,2.0,0.389,0.8,0.9,0.927,0.2,1.6,1.7,3.0,0.7,0.5,0.1,0.2,1.4,0.9,6.9,-2.0,14.6,0,0,13.6,321,290,303,300,289,272,289,180,272,305,120,285,338,37,495,376,413,119,345,301,437,358,340,328,282,418,285,253,39,292,1,2022-23,Ty Jerome (2022-23),102.32,1741,,
1631102,TyTy Washington Jr.,TyTy,1610612745,HOU,21.0,31,6,25,0.194,14.0,1.9,5.2,0.363,0.6,2.6,0.238,0.3,0.6,0.556,0.1,1.4,1.5,1.5,0.5,0.5,0.1,0.1,0.9,0.6,4.7,-1.5,9.9,0,0,9.4,396,452,268,511,370,366,300,490,314,242,449,450,418,470,512,404,448,237,429,313,479,437,450,417,382,368,402,253,39,400,1,2022-23,TyTy Washington Jr. (2022-23),100.83,913,,
1628416,Tyler Dorsey,Tyler,1610612742,DAL,27.0,3,2,1,0.667,2.8,1.3,1.7,0.8,0.3,0.7,0.5,0.0,0.0,0.0,0.3,0.3,0.7,0.0,0.0,0.0,0.0,0.0,0.0,0.0,3.0,0.7,3.8,0,0,4.0,520,491,516,56,532,432,500,4,392,435,10,511,516,511,405,524,517,525,519,513,491,499,528,526,455,186,511,253,39,503,1,2022-23,Tyler Dorsey (2022-23),96.0,17,,
1629639,Tyler Herro,Tyler,1610612748,MIA,23.0,67,37,30,0.552,34.9,7.3,16.6,0.439,3.0,8.0,0.378,2.5,2.7,0.934,0.4,5.0,5.4,4.2,2.4,0.8,0.2,0.8,1.5,1.9,20.1,2.5,33.5,6,1,34.7,145,110,184,181,30,58,41,325,13,15,152,86,109,35,371,62,93,75,50,163,302,61,321,153,55,75,66,92,17,54,1,2022-23,Tyler Herro (2022-23),97.15,4746,,
1630169,Tyrese Haliburton,Tyrese,1610612754,IND,23.0,56,28,28,0.5,33.6,7.4,15.0,0.49,2.9,7.2,0.4,3.1,3.6,0.871,0.6,3.1,3.7,10.4,2.5,1.6,0.4,0.8,1.2,2.8,20.7,-0.6,44.5,32,0,41.8,253,230,214,264,49,49,55,177,17,29,84,63,72,86,301,174,211,2,44,9,156,50,382,84,47,300,18,16,39,23,1,2022-23,Tyrese Haliburton (2022-23),101.45,3982,,
1631213,Tyrese Martin,Tyrese,1610612737,ATL,24.0,16,10,6,0.625,4.1,0.6,1.4,0.391,0.1,0.4,0.143,0.1,0.1,1.0,0.3,0.4,0.8,0.1,0.1,0.1,0.0,0.1,0.1,0.1,1.3,0.1,2.5,0,0,2.4,445,418,457,100,522,504,510,458,470,465,473,494,507,1,424,521,509,521,511,511,491,440,527,524,517,230,527,253,39,528,1,2022-23,Tyrese Martin (2022-23),99.6,135,,
1630178,Tyrese Maxey,Tyrese,1610612755,PHI,22.0,60,39,21,0.65,33.6,7.3,15.2,0.481,2.7,6.2,0.434,3.0,3.6,0.845,0.4,2.6,2.9,3.5,1.3,0.8,0.1,0.6,2.2,2.7,20.3,4.0,30.6,0,0,31.3,222,89,327,77,51,51,54,201,29,47,37,65,74,127,381,233,283,97,156,143,411,100,136,93,52,33,86,253,39,78,1,2022-23,Tyrese Maxey (2022-23),97.53,4105,,
1626145,Tyus Jones,Tyus,1610612763,MEM,27.0,80,51,29,0.638,24.2,3.9,8.9,0.438,1.5,4.1,0.371,1.0,1.2,0.806,0.4,2.2,2.5,5.2,0.9,1.0,0.1,0.2,0.4,1.0,10.3,1.2,23.5,9,1,21.7,15,10,199,90,187,169,149,331,129,137,177,256,270,195,399,295,332,51,256,72,471,387,515,311,166,147,156,70,17,165,1,2022-23,Tyus Jones (2022-23),102.41,4144,,
1628962,Udoka Azubuike,Udoka,1610612762,UTA,23.0,36,17,19,0.472,10.0,1.6,2.0,0.819,0.0,0.0,0.0,0.2,0.6,0.35,0.9,2.4,3.3,0.3,0.5,0.2,0.4,0.1,0.9,0.5,3.5,-2.3,9.1,0,0,8.3,373,347,346,326,446,398,486,3,492,524,492,482,424,508,203,250,248,503,410,480,171,477,445,432,435,436,417,253,39,431,1,2022-23,Udoka Azubuike (2022-23),104.96,788,,
2617,Udonis Haslem,Udonis,1610612748,MIA,43.0,7,4,3,0.571,10.3,1.4,4.1,0.345,0.4,1.3,0.333,0.6,0.7,0.8,0.6,1.0,1.6,0.0,0.1,0.1,0.3,0.0,1.6,1.4,3.9,-3.6,6.9,0,0,6.7,482,468,496,149,442,421,356,501,361,373,292,367,382,200,308,458,439,525,510,491,259,499,296,221,417,478,460,253,39,456,1,2022-23,Udonis Haslem (2022-23),103.83,153,,
1630586,Usman Garuba,Usman,1610612745,HOU,21.0,75,21,54,0.28,12.9,1.1,2.4,0.486,0.3,0.8,0.407,0.4,0.6,0.617,1.6,2.5,4.1,0.9,0.6,0.6,0.4,0.3,1.8,0.6,3.0,-3.4,11.5,0,0,10.2,70,303,8,472,391,460,466,185,403,422,72,433,405,450,84,245,169,387,368,253,195,317,233,405,455,471,360,253,39,381,1,2022-23,Usman Garuba (2022-23),102.41,2070,,
1630176,Vernon Carey Jr.,Vernon,1610612762,UTA,22.0,11,8,3,0.727,2.6,0.2,0.7,0.25,0.0,0.0,0.0,0.2,0.2,1.0,0.3,0.7,1.0,0.3,0.2,0.2,0.2,0.1,0.5,0.1,0.5,-0.9,3.1,0,0,2.5,465,436,496,24,534,532,536,522,492,524,492,484,498,1,438,495,485,507,506,472,354,475,507,521,532,327,523,253,39,526,1,2022-23,Vernon Carey Jr. (2022-23),105.32,63,,
203506,Victor Oladipo,Victor,1610612748,MIA,31.0,42,23,19,0.548,26.3,3.8,9.6,0.397,1.7,5.0,0.33,1.4,1.9,0.747,0.4,2.7,3.0,3.5,2.1,1.4,0.3,0.4,2.4,1.6,10.7,-0.8,22.4,0,0,22.2,335,281,346,191,157,176,134,445,110,87,318,185,189,309,383,215,267,101,70,29,259,215,104,195,160,320,170,253,39,159,1,2022-23,Victor Oladipo (2022-23),98.07,2258,,
1631246,Vince Williams Jr.,Vince,1610612763,MEM,22.0,15,7,8,0.467,7.0,0.8,2.7,0.3,0.3,1.9,0.143,0.1,0.1,1.0,0.3,0.7,1.0,0.3,0.3,0.4,0.1,0.1,0.8,0.2,2.0,-2.3,4.9,0,0,4.6,451,442,442,338,487,488,452,518,412,317,473,491,505,1,442,494,485,508,469,351,411,485,465,500,491,431,497,253,39,494,1,2022-23,Vince Williams Jr. (2022-23),102.57,223,,
1628427,Vlatko Čančar,Vlatko,1610612743,DEN,26.0,60,38,22,0.633,14.8,1.8,3.8,0.476,0.7,1.9,0.374,0.6,0.7,0.927,0.4,1.7,2.1,1.3,0.6,0.4,0.2,0.2,1.4,0.8,5.0,-1.1,10.7,1,0,10.3,222,95,315,93,347,374,372,215,292,315,166,344,392,37,373,356,375,277,372,372,306,420,344,363,368,342,377,192,39,377,1,2022-23,Vlatko Čančar (2022-23),99.56,1847,,
1630249,Vít Krejčí,Vít,1610612737,ATL,23.0,29,15,14,0.517,5.7,0.5,1.3,0.405,0.2,0.7,0.238,0.0,0.1,0.5,0.2,0.7,0.9,0.6,0.2,0.2,0.0,0.1,0.6,0.0,1.2,-0.1,3.6,0,0,3.3,406,369,393,242,501,507,514,430,435,431,446,510,515,482,472,497,500,442,507,477,486,468,497,525,521,242,515,253,39,516,1,2022-23,Vít Krejčí (2022-23),100.83,349,,
1631117,Walker Kessler,Walker,1610612762,UTA,21.0,74,34,40,0.459,23.0,4.0,5.6,0.72,0.0,0.0,0.333,1.1,2.1,0.516,3.1,5.3,8.4,0.9,0.8,0.4,2.3,0.5,2.3,1.7,9.2,1.0,27.9,20,0,23.9,79,149,54,349,208,157,282,10,490,511,292,231,163,481,12,55,32,359,308,384,4,176,116,179,205,158,109,30,39,142,1,2022-23,Walker Kessler (2022-23),101.47,3585,,
1628976,Wendell Carter Jr.,Wendell,1610612753,ORL,24.0,57,26,31,0.456,29.6,5.6,10.8,0.525,1.4,3.9,0.356,2.5,3.4,0.738,2.1,6.6,8.7,2.3,1.9,0.5,0.6,0.3,2.8,2.9,15.2,-0.7,30.6,21,0,29.9,246,253,164,352,114,95,110,112,147,146,230,88,78,320,38,23,28,167,90,288,102,262,48,81,93,308,87,29,39,88,1,2022-23,Wendell Carter Jr. (2022-23),100.17,3521,,
1631111,Wendell Moore Jr.,Wendell,1610612750,MIN,21.0,29,16,13,0.552,5.3,0.6,1.5,0.419,0.1,0.6,0.118,0.1,0.2,0.8,0.1,0.5,0.6,0.6,0.3,0.3,0.2,0.1,0.4,0.2,1.4,-1.8,4.2,0,0,3.7,406,357,407,183,512,501,509,397,466,448,482,490,501,200,503,516,521,430,486,429,367,468,510,499,512,390,507,253,39,512,1,2022-23,Wendell Moore Jr. (2022-23),108.48,342,,
1629117,Wenyen Gabriel,Wenyen,1610612747,LAL,26.0,68,37,31,0.544,15.1,2.3,3.8,0.596,0.1,0.5,0.278,0.8,1.2,0.619,1.7,2.5,4.2,0.5,0.7,0.4,0.5,0.3,2.1,1.3,5.5,-0.5,13.3,0,0,12.1,133,110,164,199,338,307,370,53,445,453,409,305,268,449,69,242,158,456,341,362,126,309,154,244,344,292,315,253,39,328,1,2022-23,Wenyen Gabriel (2022-23),103.95,2205,,
202083,Wesley Matthews,Wesley,1610612749,MIL,36.0,52,37,15,0.712,15.8,1.1,3.1,0.363,0.8,2.4,0.315,0.5,0.5,0.857,0.7,1.5,2.2,0.7,0.3,0.4,0.3,0.0,1.4,0.6,3.4,1.0,8.6,0,0,8.3,283,110,388,28,323,463,424,490,278,267,354,406,427,104,274,380,370,425,465,361,291,493,357,415,438,153,427,253,39,429,1,2022-23,Wesley Matthews (2022-23),104.52,1788,,
203115,Will Barton,Will,1610612761,TOR,32.0,56,27,29,0.482,17.7,2.5,6.5,0.379,1.2,3.2,0.367,0.7,0.8,0.787,0.3,2.2,2.4,2.0,0.9,0.5,0.2,0.4,1.0,0.6,6.8,-3.0,14.0,0,0,13.9,253,238,199,313,299,288,231,475,187,192,193,334,355,221,441,289,339,186,279,303,307,180,433,419,286,457,298,253,39,288,2,2022-23,Will Barton (2022-23),100.14,2074,,
1626195,Willy Hernangomez,Willy,1610612740,NOP,29.0,38,23,15,0.605,12.0,2.3,4.4,0.527,0.1,0.3,0.273,2.1,2.7,0.779,1.5,3.2,4.7,0.9,1.0,0.4,0.3,0.5,1.7,2.2,6.9,0.5,15.2,2,0,14.2,359,281,388,115,410,301,343,111,465,475,414,111,108,235,90,165,123,382,222,327,222,166,261,121,278,197,271,155,39,286,1,2022-23,Willy Hernangomez (2022-23),104.25,995,,
1641645,Xavier Cooks,Xavier,1610612764,WAS,27.0,10,2,8,0.2,12.6,1.7,2.8,0.607,0.0,0.1,0.0,0.4,1.0,0.4,1.6,2.2,3.8,0.6,0.8,0.6,0.4,0.3,1.3,0.9,3.8,1.9,11.5,1,0,10.2,468,491,442,505,401,387,444,47,492,501,492,425,312,505,84,285,199,433,303,242,182,277,369,326,420,105,361,192,39,384,1,2022-23,Xavier Cooks (2022-23),108.76,284,,
1629875,Xavier Moon,Xavier,1610612746,LAC,28.0,4,2,2,0.5,4.9,0.8,2.3,0.333,0.3,0.8,0.333,0.0,0.0,0.0,0.0,0.8,0.8,1.3,0.3,0.0,0.0,0.0,0.5,0.0,1.8,0.8,4.3,0,0,4.0,509,491,512,264,517,491,472,507,415,426,292,511,516,511,517,489,509,294,489,513,491,499,501,526,498,179,505,253,39,503,1,2022-23,Xavier Moon (2022-23),96.9,39,,
1630270,Xavier Sneed,Xavier,1610612766,CHA,25.0,4,0,4,0.0,12.1,1.3,2.5,0.5,0.8,1.5,0.5,1.0,1.0,1.0,0.0,1.3,1.3,1.3,0.8,0.0,0.3,0.3,1.8,0.8,4.3,-7.0,7.6,0,0,8.0,509,528,480,528,409,443,461,140,278,349,10,248,312,1,517,424,469,294,319,513,291,318,244,366,398,528,445,253,39,434,1,2022-23,Xavier Sneed (2022-23),104.51,104,,
1630214,Xavier Tillman,Xavier,1610612763,MEM,24.0,61,40,21,0.656,19.3,3.1,5.0,0.614,0.1,0.2,0.267,0.8,1.5,0.551,2.0,3.0,5.0,1.6,0.7,1.0,0.5,0.6,1.6,1.2,7.0,0.0,19.0,4,0,16.6,214,74,327,68,265,234,310,44,468,478,417,300,236,473,48,178,106,226,330,95,141,122,290,280,270,237,215,118,39,240,1,2022-23,Xavier Tillman (2022-23),103.19,2528,,
1629139,Yuta Watanabe,Yuta,1610612751,BKN,28.0,58,30,28,0.517,16.0,2.0,4.0,0.491,1.0,2.3,0.444,0.6,0.8,0.723,0.5,1.9,2.4,0.8,0.4,0.4,0.3,0.2,1.4,0.7,5.6,-0.1,11.5,0,0,11.3,240,207,214,242,318,349,363,173,208,277,30,362,363,342,325,331,342,393,450,335,257,417,354,398,340,248,359,253,39,347,1,2022-23,Yuta Watanabe (2022-23),101.71,1968,,
1628380,Zach Collins,Zach,1610612759,SAS,25.0,63,20,43,0.317,22.9,4.5,8.7,0.518,0.9,2.3,0.374,1.7,2.3,0.761,1.8,4.5,6.4,2.9,2.0,0.6,0.8,0.6,3.2,2.3,11.6,-3.8,25.6,9,0,24.4,189,310,37,455,210,132,153,120,245,272,164,146,152,274,57,74,65,129,73,251,63,123,19,113,142,486,130,70,39,131,1,2022-23,Zach Collins (2022-23),104.06,3121,,
203897,Zach LaVine,Zach,1610612741,CHI,28.0,77,38,39,0.494,35.9,8.7,18.0,0.485,2.6,7.1,0.375,4.7,5.6,0.848,0.5,3.9,4.5,4.2,2.5,0.9,0.2,1.0,2.1,3.8,24.8,0.2,37.5,2,0,38.5,46,95,60,286,12,24,25,190,30,30,159,26,28,123,316,103,140,74,43,116,305,27,167,47,21,216,44,155,39,33,1,2022-23,Zach LaVine (2022-23),99.7,5750,,
1630192,Zeke Nnaji,Zeke,1610612743,DEN,22.0,53,34,19,0.642,13.7,2.1,3.7,0.561,0.3,1.2,0.262,0.8,1.2,0.645,1.2,1.4,2.6,0.3,0.6,0.3,0.4,0.2,2.0,1.2,5.2,-1.8,10.5,1,0,10.0,277,149,346,85,375,337,377,71,402,381,423,307,281,435,118,406,324,496,381,405,162,339,181,282,351,391,380,192,39,389,1,2022-23,Zeke Nnaji (2022-23),98.4,1488,,
1630533,Ziaire Williams,Ziaire,1610612763,MEM,21.0,37,21,16,0.568,15.2,2.3,5.3,0.429,0.7,2.6,0.258,0.5,0.6,0.773,0.4,1.7,2.1,0.9,1.0,0.4,0.2,0.1,1.6,0.9,5.7,-2.1,10.3,0,0,10.5,365,303,379,158,334,308,293,364,301,240,426,407,414,246,357,359,374,357,225,366,385,432,298,312,332,420,387,253,39,367,1,2022-23,Ziaire Williams (2022-23),102.8,1195,,
1629627,Zion Williamson,Zion,1610612740,NOP,22.0,29,17,12,0.586,33.0,9.8,16.2,0.608,0.2,0.7,0.368,6.1,8.6,0.714,2.0,5.0,7.0,4.6,3.4,1.1,0.6,1.5,2.2,6.4,26.0,5.1,42.8,5,0,41.1,406,347,418,135,59,12,44,46,423,439,188,12,8,359,44,63,48,63,9,55,111,2,129,6,16,17,23,105,39,28,1,2022-23,Zion Williamson (2022-23),102.17,2031,,
1630639,A.J. Lawson,A.J.,1610612742,DAL,23.0,42,27,15,0.643,7.4,1.3,2.9,0.446,0.3,1.2,0.26,0.4,0.5,0.652,0.3,0.9,1.2,0.5,0.3,0.2,0.1,0.2,0.5,0.3,3.2,0.4,6.0,0,0,5.8,341,231,390,105,486,429,441,303,401,391,428,424,415,445,430,481,481,483,452,455,490,404,496,478,442,214,483,257,38,482,1,2023-24,A.J. Lawson (2023-24),107.53,701,,
1631260,AJ Green,AJ,1610612749,MIL,24.0,56,35,21,0.625,11.0,1.5,3.5,0.423,1.2,3.0,0.408,0.3,0.3,0.895,0.2,1.0,1.1,0.5,0.2,0.2,0.1,0.1,0.9,0.4,4.5,0.9,7.2,0,0,7.9,252,155,312,128,422,403,388,393,178,213,72,451,471,54,511,465,486,470,508,495,490,513,444,464,363,178,455,257,38,425,1,2023-24,AJ Green (2023-24),98.96,1269,,
1631100,AJ Griffin,AJ,1610612737,ATL,20.0,20,8,12,0.4,8.5,0.9,3.1,0.29,0.5,2.0,0.256,0.1,0.1,1.0,0.1,0.8,0.9,0.3,0.4,0.1,0.1,0.2,0.3,0.1,2.4,-2.6,3.9,0,0,4.4,439,423,422,385,469,478,424,541,339,299,429,510,523,1,529,489,510,532,437,536,459,442,533,544,478,439,516,257,38,509,1,2023-24,AJ Griffin (2023-24),106.84,381,,
203932,Aaron Gordon,Aaron,1610612743,DEN,28.0,73,49,24,0.671,31.5,5.5,9.8,0.556,0.5,1.9,0.29,2.4,3.7,0.658,2.4,4.1,6.5,3.5,1.4,0.8,0.6,0.8,1.9,3.1,13.9,5.8,29.7,12,0,27.2,99,29,263,75,83,97,130,77,328,310,399,86,59,440,32,93,63,102,128,184,120,77,167,60,110,17,93,54,38,105,1,2023-24,Aaron Gordon (2023-24),98.01,4697,,
1628988,Aaron Holiday,Aaron,1610612745,HOU,27.0,78,39,39,0.5,16.3,2.4,5.3,0.446,1.1,2.8,0.387,0.7,0.8,0.921,0.3,1.3,1.6,1.8,0.7,0.5,0.1,0.3,1.6,0.8,6.6,1.1,12.3,0,0,12.3,43,117,73,300,312,290,279,305,210,229,129,299,352,37,449,413,432,215,307,293,483,337,250,325,278,164,338,257,38,327,1,2023-24,Aaron Holiday (2023-24),102.24,2706,,
1630174,Aaron Nesmith,Aaron,1610612754,IND,24.0,72,41,31,0.569,27.7,4.4,8.8,0.496,1.9,4.6,0.419,1.5,1.9,0.781,0.9,2.9,3.8,1.5,0.9,0.9,0.7,0.7,3.3,2.0,12.2,2.2,22.9,1,0,22.6,108,97,149,227,134,148,149,158,82,114,44,157,166,256,210,185,196,253,244,122,95,97,5,123,137,107,165,190,38,158,1,2023-24,Aaron Nesmith (2023-24),102.47,4249,,
1630598,Aaron Wiggins,Aaron,1610612760,OKC,25.0,78,55,23,0.705,15.7,2.7,4.8,0.562,0.8,1.6,0.492,0.7,0.9,0.789,0.8,1.6,2.4,1.1,0.7,0.7,0.2,0.4,1.2,0.8,6.9,1.2,13.6,0,0,13.2,43,14,292,50,323,246,305,71,265,338,15,312,324,241,238,358,333,334,295,202,325,210,369,349,259,157,312,257,38,306,1,2023-24,Aaron Wiggins (2023-24),100.83,2556,,
1641745,Adam Flagler,Adam,1610612760,OKC,24.0,2,2,0,1.0,7.0,0.5,3.5,0.143,0.5,3.0,0.167,0.0,0.0,0.0,0.0,0.0,0.0,2.0,0.0,0.0,0.0,0.0,0.0,0.0,1.5,0.0,4.5,0,0,4.0,555,511,560,1,493,528,388,558,339,214,473,531,538,531,545,557,561,197,550,539,520,525,556,547,523,254,509,257,38,511,1,2023-24,Adam Flagler (2023-24),106.16,31,,
1641766,Adama Sanogo,Adama,1610612741,CHI,22.0,9,3,6,0.333,7.3,1.6,3.0,0.519,0.0,0.0,0.0,0.9,1.3,0.667,2.1,1.9,4.0,0.0,0.6,0.1,0.0,0.2,0.6,0.8,4.0,3.8,8.6,1,0,8.2,498,489,481,432,490,384,430,114,498,541,498,251,232,424,45,323,177,553,364,514,520,367,489,342,398,56,418,190,38,413,1,2023-24,Adama Sanogo (2023-24),104.01,144,,
1629678,Admiral Schofield,Admiral,1610612753,ORL,27.0,23,15,8,0.652,3.7,0.4,1.1,0.385,0.3,0.7,0.375,0.0,0.1,0.0,0.1,0.6,0.7,0.3,0.2,0.0,0.0,0.1,0.4,0.1,1.1,-0.6,2.4,0,0,2.5,420,347,456,98,539,543,534,475,414,447,168,531,531,531,523,513,526,524,507,538,520,463,516,522,540,304,547,257,38,540,1,2023-24,Admiral Schofield (2023-24),101.85,177,,
201143,Al Horford,Al,1610612738,BOS,38.0,65,51,14,0.785,26.8,3.3,6.4,0.511,1.7,4.0,0.419,0.4,0.5,0.867,1.3,5.1,6.4,2.6,0.7,0.6,1.0,0.2,1.4,0.4,8.6,6.5,24.0,3,0,22.3,181,26,406,22,153,210,230,124,112,139,46,404,441,83,122,51,68,155,289,263,43,427,297,442,210,10,152,135,38,163,1,2023-24,Al Horford (2023-24),98.77,3585,,
202692,Alec Burks,Alec,1610612752,NYK,32.0,66,18,48,0.273,18.4,3.2,8.6,0.369,1.9,5.0,0.376,2.2,2.5,0.868,0.4,1.9,2.3,1.3,0.7,0.4,0.2,0.3,1.1,1.9,10.4,-3.9,16.3,0,0,17.1,170,316,31,465,271,214,156,497,89,95,165,99,110,80,416,319,350,278,291,351,367,286,377,134,170,499,256,257,38,224,2,2023-24,Alec Burks (2023-24),100.63,2547,,
1630197,Aleksej Pokusevski,Aleksej,1610612766,CHA,22.0,28,14,14,0.5,14.5,1.8,4.3,0.405,0.6,2.0,0.327,1.1,1.5,0.732,0.6,2.6,3.2,1.3,0.7,0.5,0.5,0.1,0.8,1.0,5.2,-2.6,13.2,0,0,12.3,399,361,406,300,346,354,331,435,303,297,332,215,205,349,297,236,266,299,308,296,189,448,452,290,335,444,320,257,38,325,2,2023-24,Aleksej Pokusevski (2023-24),97.8,829,,
1627936,Alex Caruso,Alex,1610612741,CHI,30.0,71,34,37,0.479,28.7,3.6,7.6,0.468,1.9,4.7,0.408,1.0,1.4,0.76,0.9,3.0,3.8,3.5,1.4,1.7,1.0,0.4,2.5,1.9,10.1,0.1,26.5,1,0,24.7,118,165,86,335,120,195,192,227,86,108,71,223,228,287,211,182,192,106,129,8,41,262,58,130,180,247,129,190,38,133,1,2023-24,Alex Caruso (2023-24),99.21,4213,,
1641788,Alex Fudge,Alex,1610612742,DAL,21.0,6,1,5,0.167,6.7,1.0,2.5,0.4,0.2,0.8,0.2,0.3,0.3,1.0,0.7,0.2,0.8,0.0,0.3,0.5,0.0,0.3,0.3,0.2,2.5,-6.5,4.7,0,0,4.5,525,538,494,530,495,460,458,442,440,435,460,434,472,1,281,550,516,553,452,314,520,272,522,514,472,548,507,257,38,506,2,2023-24,Alex Fudge (2023-24),103.84,88,,
203458,Alex Len,Alex,1610612758,SAC,31.0,48,24,24,0.5,9.3,1.0,1.7,0.617,0.0,0.1,0.0,0.4,0.7,0.588,1.0,1.7,2.7,1.0,0.6,0.2,0.7,0.2,1.4,0.5,2.5,3.0,9.5,0,0,8.0,306,257,263,300,456,459,509,33,498,525,498,398,377,473,184,346,314,355,358,459,94,381,314,408,472,82,398,257,38,421,1,2023-24,Alex Len (2023-24),101.73,940,,
1631214,Alondes Williams,Alondes,1610612748,MIA,25.0,7,5,2,0.714,2.2,0.3,1.1,0.25,0.0,0.6,0.0,0.1,0.1,1.0,0.0,0.1,0.1,0.0,0.3,0.0,0.1,0.1,0.3,0.1,0.7,-2.9,1.0,0,0,1.1,518,466,535,46,568,553,533,547,498,461,498,497,514,1,545,551,559,553,475,539,403,448,536,519,553,459,565,257,38,561,1,2023-24,Alondes Williams (2023-24),116.96,38,,
1630578,Alperen Sengun,Alperen,1610612745,HOU,21.0,63,29,34,0.46,32.5,8.4,15.6,0.537,0.5,1.8,0.297,3.9,5.6,0.693,2.9,6.4,9.3,5.0,2.6,1.2,0.7,1.2,3.3,5.2,21.1,0.8,43.0,29,2,39.8,191,213,113,351,66,28,50,92,334,323,379,36,24,396,14,23,18,57,33,40,85,15,4,15,41,183,21,19,10,30,1,2023-24,Alperen Sengun (2023-24),99.22,4236,,
1641735,Amari Bailey,Amari,1610612766,CHA,20.0,10,1,9,0.1,6.5,0.8,2.4,0.333,0.1,0.8,0.125,0.6,0.7,0.857,0.6,0.3,0.9,0.7,0.4,0.3,0.0,0.0,0.2,0.4,2.3,0.5,4.9,0,0,4.6,493,538,444,554,499,494,469,521,466,438,484,350,380,98,298,544,510,433,437,418,520,525,548,455,484,205,502,257,38,503,1,2023-24,Amari Bailey (2023-24),98.77,132,,
1641708,Amen Thompson,Amen,1610612745,HOU,21.0,62,30,32,0.484,22.4,3.9,7.2,0.536,0.1,0.9,0.138,1.7,2.5,0.684,2.4,4.2,6.6,2.6,1.5,1.3,0.6,0.6,2.3,2.1,9.5,0.7,25.6,13,1,22.6,200,201,137,331,214,173,203,94,452,426,482,139,114,407,31,86,59,150,125,30,121,128,93,118,193,186,137,51,16,157,1,2023-24,Amen Thompson (2023-24),102.77,2965,,
1629599,Amir Coffey,Amir,1610612746,LAC,27.0,70,46,24,0.657,20.9,2.4,5.0,0.472,1.0,2.6,0.38,0.9,1.0,0.859,0.4,1.7,2.1,1.1,0.5,0.6,0.2,0.3,1.5,0.8,6.6,-1.3,12.7,1,0,12.4,128,52,263,92,235,291,290,215,221,237,153,257,297,95,394,347,365,342,402,262,354,311,289,321,277,356,327,190,38,320,1,2023-24,Amir Coffey (2023-24),100.74,3071,,
203083,Andre Drummond,Andre,1610612741,CHI,30.0,79,37,42,0.468,17.1,3.4,6.1,0.556,0.0,0.0,0.0,1.6,2.8,0.592,3.4,5.6,9.0,0.5,1.0,0.9,0.6,0.5,1.8,2.4,8.4,0.3,23.4,18,0,20.9,30,139,49,346,295,205,245,76,498,531,498,145,98,472,6,43,22,486,207,110,122,159,204,100,217,223,160,38,38,179,1,2023-24,Andre Drummond (2023-24),97.97,2760,,
1641748,Andre Jackson Jr.,Andre,1610612749,MIL,22.0,57,33,24,0.579,10.0,0.9,1.8,0.5,0.3,0.8,0.37,0.1,0.2,0.727,0.8,1.2,2.0,0.9,0.5,0.3,0.1,0.1,1.6,0.2,2.2,-1.6,6.6,1,0,6.1,241,173,263,210,444,484,505,139,406,437,198,501,506,353,245,424,385,391,399,427,453,514,247,506,490,377,472,190,38,470,1,2023-24,Andre Jackson Jr. (2023-24),102.32,1220,,
1641847,Andrew Funk,Andrew,1610612741,CHI,24.0,5,3,2,0.6,2.7,0.0,0.8,0.0,0.0,0.6,0.0,0.0,0.0,0.0,0.0,0.0,0.0,0.0,0.0,0.2,0.2,0.2,0.0,0.0,0.0,0.8,1.2,0,0,0.8,536,489,535,170,560,561,556,561,498,457,498,531,538,531,545,557,561,553,550,467,354,387,556,547,563,182,561,257,38,566,1,2023-24,Andrew Funk (2023-24),105.67,29,,
1629614,Andrew Nembhard,Andrew,1610612754,IND,24.0,68,41,27,0.603,25.0,3.8,7.7,0.498,0.9,2.5,0.357,0.7,0.8,0.804,0.5,1.5,2.1,4.1,1.5,0.9,0.1,0.3,2.1,1.3,9.2,1.0,19.4,1,0,18.3,148,97,213,167,184,175,190,155,242,244,241,333,348,208,334,373,372,79,119,108,473,295,135,220,199,175,211,190,38,215,1,2023-24,Andrew Nembhard (2023-24),101.82,3593,,
203952,Andrew Wiggins,Andrew,1610612744,GSW,29.0,71,38,33,0.535,27.0,5.0,11.0,0.453,1.3,3.6,0.358,2.0,2.7,0.751,1.5,3.0,4.5,1.7,1.2,0.6,0.6,0.6,2.1,2.3,13.2,-0.8,23.4,3,0,23.0,118,124,128,279,143,117,108,284,165,165,235,107,103,306,84,175,137,224,168,256,135,120,142,104,121,321,158,135,38,151,1,2023-24,Andrew Wiggins (2023-24),101.06,4042,,
1629014,Anfernee Simons,Anfernee,1610612757,POR,25.0,46,11,35,0.239,34.4,7.8,18.2,0.43,3.4,8.8,0.385,3.5,3.9,0.916,0.5,3.2,3.6,5.5,2.7,0.5,0.1,1.1,2.1,2.8,22.6,-7.2,34.3,3,0,36.4,315,392,105,495,29,37,22,375,6,6,136,45,54,41,364,165,215,35,25,314,450,20,125,74,30,557,59,135,38,47,1,2023-24,Anfernee Simons (2023-24),97.9,3231,,
1641710,Anthony Black,Anthony,1610612753,ORL,20.0,69,39,30,0.565,16.9,1.7,3.6,0.466,0.5,1.4,0.394,0.7,1.2,0.613,0.5,1.5,2.0,1.3,0.8,0.5,0.3,0.2,1.6,1.1,4.6,-0.5,10.6,0,0,10.1,138,117,168,236,298,366,382,231,329,374,113,318,270,462,364,374,376,284,269,311,280,363,251,248,359,293,371,257,38,371,1,2023-24,Anthony Black (2023-24),100.09,2423,,
203076,Anthony Davis,Anthony,1610612747,LAL,31.0,76,45,31,0.592,35.5,9.4,16.9,0.556,0.4,1.4,0.271,5.5,6.8,0.816,3.1,9.5,12.6,3.5,2.1,1.2,2.3,1.1,2.3,5.4,24.7,2.0,53.6,64,2,48.3,61,66,149,184,14,12,35,78,380,369,422,12,12,184,11,3,3,104,63,42,4,26,86,9,19,119,5,3,10,6,1,2023-24,Anthony Davis (2023-24),102.06,5743,,
1630162,Anthony Edwards,Anthony,1610612750,MIN,22.0,79,54,25,0.684,35.1,9.1,19.7,0.461,2.4,6.7,0.357,5.4,6.4,0.836,0.7,4.8,5.4,5.1,3.1,1.3,0.5,0.7,1.8,4.3,25.9,5.5,42.5,9,0,42.5,30,18,242,67,22,15,8,252,45,39,238,14,17,131,288,64,87,47,16,28,155,96,197,31,14,21,23,64,38,20,1,2023-24,Anthony Edwards (2023-24),98.18,5675,,
1630264,Anthony Gill,Anthony,1610612764,WAS,31.0,50,9,41,0.18,9.3,1.5,3.2,0.469,0.2,0.8,0.244,0.6,0.7,0.806,0.7,1.1,1.9,0.7,0.5,0.3,0.2,0.3,1.0,0.6,3.8,0.1,8.0,0,0,7.5,291,412,59,526,454,396,419,224,431,436,443,353,372,203,249,434,399,435,410,441,342,285,434,401,410,240,433,257,38,436,1,2023-24,Anthony Gill (2023-24),104.03,1008,,
1629717,Armoni Brooks,Armoni,1610612751,BKN,26.0,10,3,7,0.3,10.4,1.5,4.6,0.326,1.1,3.2,0.344,0.1,0.2,0.5,0.7,1.1,1.8,0.5,0.3,0.1,0.1,0.4,0.3,0.1,4.2,2.8,7.4,0,0,8.0,493,489,464,452,435,396,318,527,204,190,282,510,504,494,264,440,408,474,470,518,459,223,533,532,388,91,448,257,38,423,1,2023-24,Armoni Brooks (2023-24),98.52,213,,
1630204,Ashton Hagans,Ashton,1610612757,POR,24.0,19,3,16,0.158,16.6,1.5,3.7,0.408,0.4,1.3,0.32,0.7,0.9,0.824,0.7,1.6,2.4,2.8,1.6,0.6,0.5,0.5,2.1,1.0,4.2,-0.2,12.9,0,0,11.9,446,489,375,536,310,391,370,428,369,376,344,302,330,165,251,355,336,136,106,268,182,188,134,275,387,270,325,257,38,332,1,2023-24,Ashton Hagans (2023-24),96.51,636,,
1641709,Ausar Thompson,Ausar,1610612765,DET,21.0,63,10,53,0.159,25.1,3.7,7.6,0.483,0.3,1.8,0.186,1.1,1.9,0.597,2.0,4.3,6.4,1.9,1.3,1.1,0.9,0.5,2.8,1.9,8.8,-3.7,24.1,2,0,21.5,191,403,16,535,180,180,193,188,392,320,469,203,167,471,49,78,66,209,148,63,44,166,35,138,206,491,151,157,38,172,1,2023-24,Ausar Thompson (2023-24),101.67,3329,,
1630559,Austin Reaves,Austin,1610612747,LAL,26.0,82,47,35,0.573,32.1,5.6,11.5,0.486,1.9,5.1,0.367,2.8,3.3,0.853,0.7,3.6,4.3,5.5,2.1,0.8,0.3,0.6,1.9,3.0,15.9,-0.5,30.4,9,1,29.7,2,45,105,222,73,92,101,179,90,86,205,63,72,111,268,127,157,37,56,163,279,137,180,64,84,295,83,64,16,82,1,2023-24,Austin Reaves (2023-24),101.93,5590,,
1630245,Ayo Dosunmu,Ayo,1610612741,CHI,24.0,76,37,39,0.487,29.1,4.7,9.5,0.501,1.6,3.9,0.403,1.1,1.4,0.81,0.7,2.1,2.8,3.2,1.4,0.9,0.5,0.8,2.2,1.1,12.2,-2.1,23.1,1,0,22.5,61,139,73,329,114,134,136,138,129,141,79,206,224,196,262,298,297,119,144,128,182,80,110,258,138,409,163,190,38,160,1,2023-24,Ayo Dosunmu (2023-24),98.13,4520,,
1628389,Bam Adebayo,Bam,1610612748,MIA,26.0,71,40,31,0.563,34.0,7.5,14.3,0.521,0.2,0.6,0.357,4.1,5.5,0.755,2.2,8.1,10.4,3.9,2.3,1.1,0.9,0.6,2.2,4.8,19.3,0.7,41.5,42,2,37.9,118,110,149,241,37,49,63,113,429,458,238,31,26,299,38,10,14,86,49,53,45,116,99,20,59,188,26,11,10,37,1,2023-24,Bam Adebayo (2023-24),97.43,4909,,
1641767,Ben Sheppard,Ben,1610612754,IND,22.0,57,32,25,0.561,14.3,1.6,4.0,0.393,0.9,2.7,0.314,0.4,0.5,0.885,0.3,1.3,1.6,0.9,0.3,0.6,0.0,0.2,1.5,0.4,4.4,1.2,9.3,0,0,9.0,241,183,242,246,351,381,351,462,248,231,352,403,443,62,467,412,435,383,484,268,513,350,264,454,371,156,402,257,38,390,1,2023-24,Ben Sheppard (2023-24),104.58,1768,,
1627732,Ben Simmons,Ben,1610612751,BKN,27.0,15,7,8,0.467,23.9,2.9,4.9,0.581,0.0,0.0,0.0,0.4,1.0,0.4,2.1,5.9,7.9,5.7,1.8,0.8,0.6,0.2,2.4,1.4,6.1,-2.5,26.7,3,0,22.6,467,440,456,349,198,236,296,55,498,541,498,404,298,523,48,36,36,30,79,167,123,387,76,196,298,437,123,135,38,159,1,2023-24,Ben Simmons (2023-24),102.24,759,,
1631097,Bennedict Mathurin,Bennedict,1610612754,IND,22.0,59,33,26,0.559,26.1,5.0,11.2,0.446,1.4,3.6,0.374,3.1,3.8,0.821,1.0,2.9,4.0,2.0,1.6,0.6,0.2,1.3,2.0,2.8,14.5,-1.6,23.1,3,0,23.5,225,173,230,252,165,113,103,302,156,155,179,55,57,172,167,184,181,196,99,255,328,13,159,72,102,376,162,135,38,141,1,2023-24,Bennedict Mathurin (2023-24),103.79,3329,,
1641731,Bilal Coulibaly,Bilal,1610612764,WAS,19.0,63,11,52,0.175,27.2,3.0,6.9,0.435,1.0,2.9,0.346,1.5,2.1,0.702,0.9,3.2,4.1,1.7,1.4,0.9,0.8,0.7,2.2,1.6,8.4,-6.7,19.6,1,0,18.6,191,392,19,529,141,227,211,350,220,220,277,160,148,384,204,162,174,218,141,119,80,103,112,172,216,551,208,190,38,210,1,2023-24,Bilal Coulibaly (2023-24),103.33,3687,,
202687,Bismack Biyombo,Bismack,1610612760,OKC,31.0,40,20,20,0.5,19.8,1.9,3.3,0.565,0.0,0.0,0.0,0.7,1.4,0.481,1.6,3.7,5.2,1.3,1.1,0.3,0.9,0.3,2.2,1.2,4.4,-1.6,15.2,2,0,13.3,349,297,321,300,251,349,415,68,498,541,498,334,230,517,80,121,102,281,202,430,47,282,102,246,378,381,276,157,38,303,2,2023-24,Bismack Biyombo (2023-24),99.64,1642,,
1631104,Blake Wesley,Blake,1610612759,SAS,21.0,61,19,42,0.311,14.4,1.7,3.5,0.474,0.2,0.9,0.218,0.9,1.3,0.667,0.3,1.2,1.5,2.7,0.9,0.5,0.1,0.2,1.5,0.8,4.4,-2.4,11.3,0,0,10.1,206,307,49,449,349,365,384,208,434,430,452,261,242,424,448,417,439,146,240,335,396,348,287,330,374,428,357,257,38,370,1,2023-24,Blake Wesley (2023-24),103.71,1894,,
1626246,Boban Marjanovic,Boban,1610612745,HOU,35.0,14,9,5,0.643,5.1,1.3,2.4,0.529,0.0,0.1,0.0,0.6,1.0,0.643,0.5,1.8,2.3,0.4,0.4,0.1,0.1,0.2,0.4,1.0,3.2,-1.4,6.9,0,0,6.4,475,412,494,105,518,429,467,103,498,511,498,337,298,447,346,336,345,498,447,526,403,374,519,275,444,365,463,257,38,463,1,2023-24,Boban Marjanovic (2023-24),106.61,158,,
1626171,Bobby Portis,Bobby,1610612749,MIL,29.0,82,49,33,0.598,24.5,5.7,11.2,0.508,1.2,3.0,0.407,1.2,1.5,0.79,1.7,5.7,7.4,1.3,1.1,0.8,0.4,0.4,2.3,1.3,13.8,-0.1,27.2,17,0,26.2,2,29,128,177,191,88,104,130,182,214,74,191,194,236,67,40,41,297,195,154,213,221,89,223,112,261,119,41,38,118,1,2023-24,Bobby Portis (2023-24),100.49,4204,,
203992,Bogdan Bogdanović,Bogdan,1610612737,ATL,31.0,79,35,44,0.443,30.4,6.0,13.9,0.428,3.0,8.1,0.374,1.9,2.1,0.921,0.7,2.8,3.4,3.1,1.4,1.2,0.3,0.6,2.3,1.6,16.9,1.6,28.9,1,0,29.6,30,155,40,364,94,80,67,384,16,14,177,118,151,36,280,215,231,121,134,36,262,117,96,170,75,137,100,190,38,84,1,2023-24,Bogdan Bogdanović (2023-24),101.32,5082,,
202711,Bojan Bogdanovic,Bojan,1610612752,NYK,35.0,57,20,37,0.351,25.9,5.4,11.9,0.454,2.3,5.9,0.398,2.1,2.6,0.785,0.4,2.3,2.7,1.7,1.8,0.5,0.1,0.8,1.7,2.0,15.2,-6.1,21.1,1,0,23.2,241,297,86,422,167,98,89,279,53,60,97,106,108,248,408,273,314,222,84,300,474,76,230,121,93,544,183,190,38,147,2,2023-24,Bojan Bogdanovic (2023-24),99.57,3068,,
1629626,Bol Bol,Bol,1610612756,PHX,24.0,43,28,15,0.651,10.9,2.2,3.5,0.616,0.5,1.2,0.423,0.3,0.4,0.789,0.7,2.4,3.2,0.4,0.4,0.2,0.6,0.1,1.0,0.3,5.2,0.3,11.6,1,0,10.9,330,221,390,99,425,313,387,34,338,388,42,428,454,239,248,250,263,503,418,458,132,503,430,489,336,224,350,190,38,350,1,2023-24,Bol Bol (2023-24),100.45,987,,
1630538,Bones Hyland,Bones,1610612746,LAC,23.0,37,20,17,0.541,14.6,2.6,6.8,0.386,1.2,3.6,0.326,0.5,0.6,0.783,0.1,1.4,1.5,2.5,1.2,0.7,0.1,0.5,1.4,0.9,6.9,-1.8,13.7,1,0,13.7,368,297,359,275,344,258,215,472,190,154,334,383,399,252,522,403,443,158,182,207,451,156,313,296,261,391,309,190,38,293,1,2023-24,Bones Hyland (2023-24),99.78,1124,,
203078,Bradley Beal,Bradley,1610612756,PHX,31.0,53,33,20,0.623,33.3,7.1,13.9,0.513,1.9,4.4,0.43,2.1,2.5,0.813,1.0,3.4,4.4,5.0,2.5,1.0,0.5,0.7,2.4,1.9,18.2,2.0,32.9,3,0,32.5,278,173,321,135,52,57,68,121,87,123,32,105,111,190,166,150,146,54,38,94,161,101,78,133,63,115,71,135,38,70,1,2023-24,Bradley Beal (2023-24),100.08,3682,,
1641764,Brandin Podziemski,Brandin,1610612744,GSW,21.0,74,41,33,0.554,26.6,3.7,8.1,0.454,1.2,3.2,0.385,0.7,1.1,0.633,1.6,4.2,5.8,3.7,1.2,0.8,0.2,0.5,1.6,1.7,9.2,3.6,23.5,7,0,21.9,87,97,128,262,156,182,176,277,185,192,140,325,282,455,74,89,76,94,182,158,363,189,240,162,198,63,157,84,38,167,1,2023-24,Brandin Podziemski (2023-24),100.27,4120,,
1630527,Brandon Boston,Brandon,1610612746,LAC,22.0,32,17,15,0.531,10.8,2.0,5.0,0.404,0.4,1.6,0.269,0.7,1.0,0.697,0.6,1.0,1.6,0.4,0.8,0.3,0.3,0.4,1.3,0.7,5.2,-3.5,8.8,0,0,8.9,385,331,390,285,429,323,289,437,363,337,423,311,290,392,302,447,427,501,282,396,313,218,345,365,334,487,411,257,38,397,1,2023-24,Brandon Boston (2023-24),100.4,723,,
1629634,Brandon Clarke,Brandon,1610612763,MEM,27.0,6,2,4,0.333,22.4,5.5,9.8,0.559,0.2,1.0,0.167,0.2,1.2,0.143,2.2,3.2,5.3,1.5,0.5,0.8,1.0,0.8,1.3,1.3,11.3,-1.3,25.0,0,0,22.0,525,511,510,432,215,93,129,72,440,410,473,492,268,530,42,164,93,253,385,150,39,61,327,204,149,358,141,257,38,164,1,2023-24,Brandon Clarke (2023-24),101.31,285,,
1627742,Brandon Ingram,Brandon,1610612740,NOP,26.0,64,38,26,0.594,32.9,7.8,15.9,0.492,1.3,3.8,0.355,3.8,4.8,0.801,0.7,4.4,5.1,5.7,2.5,0.8,0.6,0.7,2.3,3.8,20.8,2.7,37.1,3,1,35.7,185,124,230,181,57,39,44,164,158,146,244,37,36,209,277,77,112,31,35,177,114,92,97,41,45,94,50,135,16,51,1,2023-24,Brandon Ingram (2023-24),98.78,4327,,
1641706,Brandon Miller,Brandon,1610612766,CHA,21.0,74,18,56,0.243,32.2,6.4,14.6,0.44,2.5,6.7,0.373,1.9,2.3,0.827,0.8,3.4,4.3,2.4,1.8,0.9,0.6,0.6,2.5,2.6,17.3,-6.9,28.5,1,0,29.3,87,316,8,491,71,71,62,331,40,42,180,114,128,157,227,143,159,167,83,131,139,130,61,82,70,553,103,190,38,86,1,2023-24,Brandon Miller (2023-24),98.38,4879,,
1630314,Brandon Williams,Brandon,1610612742,DAL,24.0,17,10,7,0.588,6.6,1.2,3.2,0.37,0.2,0.9,0.2,0.6,1.0,0.647,0.2,0.5,0.8,1.0,0.4,0.1,0.1,0.3,0.2,0.9,3.2,-3.4,5.5,0,0,5.4,453,403,464,191,496,447,420,492,439,432,460,335,298,446,481,517,523,363,432,532,498,306,543,307,447,481,495,257,38,493,1,2023-24,Brandon Williams (2023-24),105.68,247,,
1630296,Braxton Key,Braxton,1610612743,DEN,27.0,20,14,6,0.7,3.0,0.4,0.9,0.412,0.1,0.3,0.4,0.3,0.4,0.75,0.2,0.8,0.9,0.5,0.1,0.1,0.1,0.1,0.3,0.3,1.1,-0.6,3.3,0,0,2.9,439,361,481,52,555,547,555,422,466,496,87,452,458,307,519,497,510,494,548,518,507,482,537,490,543,302,529,257,38,535,1,2023-24,Braxton Key (2023-24),106.43,133,,
1641729,Brice Sensabaugh,Brice,1610612762,UTA,20.0,32,8,24,0.25,18.3,2.7,6.8,0.39,1.1,3.6,0.296,1.2,1.3,0.902,0.5,2.7,3.2,1.7,1.5,0.4,0.2,0.4,1.3,1.0,7.5,-5.4,14.2,1,0,14.7,385,423,263,474,273,253,213,468,213,161,387,198,241,51,346,221,262,221,121,360,364,218,325,270,240,535,298,190,38,268,1,2023-24,Brice Sensabaugh (2023-24),101.44,1236,,
201572,Brook Lopez,Brook,1610612749,MIL,36.0,79,48,31,0.608,30.5,4.6,9.6,0.485,1.9,5.1,0.366,1.4,1.7,0.821,1.5,3.7,5.2,1.6,1.0,0.5,2.4,0.3,2.4,1.5,12.5,3.5,29.0,5,0,27.1,30,36,149,160,92,137,133,184,92,87,206,167,182,174,89,116,104,235,211,287,3,322,71,183,129,64,99,104,38,107,1,2023-24,Brook Lopez (2023-24),102.16,5137,,
1628971,Bruce Brown,Bruce,1610612761,TOR,27.0,67,26,41,0.388,27.8,4.1,8.7,0.478,0.8,2.4,0.323,1.7,2.1,0.824,0.8,3.4,4.2,2.9,1.3,0.9,0.3,0.6,2.2,1.5,10.8,-3.4,22.3,2,0,21.0,166,241,59,398,131,156,154,202,268,255,339,130,142,164,232,142,161,134,159,137,311,129,105,188,164,485,173,157,38,177,2,2023-24,Bruce Brown (2023-24),102.72,3993,,
1628981,Bruno Fernando,Bruno,1610612737,ATL,25.0,45,20,25,0.444,15.2,2.4,4.2,0.583,0.0,0.1,0.0,1.4,2.1,0.667,1.3,3.0,4.3,1.0,1.0,0.6,0.6,0.5,2.4,1.7,6.3,-2.1,15.5,0,0,13.9,323,297,242,359,335,286,340,53,498,518,498,163,140,424,113,180,158,360,227,280,116,169,80,160,290,412,270,257,38,287,1,2023-24,Bruno Fernando (2023-24),99.37,1410,,
1631121,Bryce McGowens,Bryce,1610612766,CHA,21.0,59,11,48,0.186,14.9,1.7,3.9,0.439,0.6,1.7,0.333,1.1,1.4,0.776,0.3,1.4,1.7,0.9,0.5,0.4,0.2,0.3,1.3,1.3,5.1,-3.9,9.6,0,0,9.3,225,392,31,520,339,359,359,335,320,328,302,205,209,263,455,390,416,392,382,390,377,327,342,218,339,500,393,257,38,386,1,2023-24,Bryce McGowens (2023-24),99.37,1829,,
1631205,Buddy Boeheim,Buddy,1610612765,DET,24.0,10,0,10,0.0,8.4,0.9,2.9,0.31,0.8,2.5,0.32,0.8,1.0,0.8,0.3,0.7,1.0,0.3,0.0,0.0,0.1,0.1,0.5,0.5,3.4,2.1,5.4,0,0,5.7,493,560,440,560,473,478,439,532,262,245,344,278,298,212,444,502,493,525,550,539,459,482,497,417,428,111,497,257,38,484,1,2023-24,Buddy Boeheim (2023-24),99.71,176,,
1627741,Buddy Hield,Buddy,1610612755,PHI,31.0,84,46,38,0.548,25.7,4.4,10.1,0.436,2.6,6.8,0.386,0.6,0.7,0.881,0.7,2.5,3.2,2.8,1.2,0.8,0.5,0.4,2.0,0.5,12.1,0.8,22.9,1,0,23.3,1,52,77,266,170,147,121,346,34,37,135,347,379,65,258,245,259,141,167,150,164,234,153,430,139,184,164,190,38,142,2,2023-24,Buddy Hield (2023-24),101.65,4579,,
203468,CJ McCollum,CJ,1610612740,NOP,32.0,66,42,24,0.636,32.7,7.3,16.0,0.459,3.6,8.4,0.429,1.7,2.1,0.827,0.6,3.7,4.3,4.6,1.7,0.9,0.6,0.6,1.9,1.7,20.0,3.0,35.2,2,0,35.7,170,88,263,108,61,52,42,263,3,11,33,132,144,154,304,110,150,66,95,103,117,127,174,155,50,83,58,157,38,50,1,2023-24,CJ McCollum (2023-24),99.19,4474,,
1630595,Cade Cunningham,Cade,1610612765,DET,22.0,62,9,53,0.145,33.5,8.5,18.8,0.449,1.9,5.4,0.355,3.8,4.4,0.869,0.5,3.8,4.3,7.5,3.4,0.9,0.4,1.5,2.5,3.1,22.7,-5.6,39.4,14,0,38.9,200,412,16,541,48,27,16,297,85,74,246,38,42,79,333,107,154,11,9,121,244,5,63,56,29,540,34,47,38,33,1,2023-24,Cade Cunningham (2023-24),100.77,4351,,
1631216,Caleb Houstan,Caleb,1610612753,ORL,21.0,59,31,28,0.525,13.8,1.4,3.5,0.388,1.2,3.3,0.373,0.4,0.4,0.808,0.5,0.9,1.4,0.5,0.3,0.3,0.1,0.0,1.0,0.3,4.3,-0.5,7.4,0,0,8.1,225,193,193,292,363,420,392,471,181,187,182,425,455,199,366,469,453,482,482,445,495,524,406,476,382,300,447,257,38,420,1,2023-24,Caleb Houstan (2023-24),96.61,1641,,
1628997,Caleb Martin,Caleb,1610612748,MIA,28.0,64,36,28,0.563,27.4,3.8,8.7,0.431,1.3,3.6,0.349,1.2,1.5,0.778,1.2,3.2,4.4,2.2,1.2,0.7,0.5,0.6,2.0,1.7,10.0,1.0,21.0,2,0,20.3,185,146,193,243,137,177,152,370,170,156,263,190,189,259,137,158,144,181,178,199,194,125,163,158,183,169,185,157,38,187,1,2023-24,Caleb Martin (2023-24),96.41,3527,,
1629629,Cam Reddish,Cam,1610612747,LAL,24.0,48,27,21,0.563,20.5,1.9,4.9,0.389,0.8,2.3,0.336,0.9,1.1,0.759,0.6,1.5,2.1,1.0,0.6,1.0,0.3,0.4,1.3,0.9,5.4,-1.0,12.6,0,0,11.8,306,231,312,243,239,341,301,470,271,268,296,260,273,291,321,381,373,363,330,95,287,248,327,297,322,340,333,257,38,335,1,2023-24,Cam Reddish (2023-24),103.36,2123,,
1630560,Cam Thomas,Cam,1610612751,BKN,22.0,66,23,43,0.348,31.4,8.0,18.0,0.442,2.2,6.0,0.364,4.3,5.1,0.856,0.4,2.8,3.2,2.9,1.9,0.7,0.2,1.2,2.1,4.1,22.5,-3.0,31.6,0,0,32.6,170,270,46,425,84,35,24,323,62,53,213,26,32,102,391,207,250,131,76,219,326,17,138,34,35,469,79,257,38,67,1,2023-24,Cam Thomas (2023-24),99.74,4321,,
1641715,Cam Whitmore,Cam,1610612745,HOU,19.0,47,19,28,0.404,18.7,4.5,9.9,0.454,1.7,4.7,0.359,1.6,2.4,0.679,0.9,2.9,3.8,0.7,1.0,0.6,0.4,0.7,1.4,1.6,12.3,-0.6,20.0,1,0,20.5,312,307,193,384,265,143,126,276,111,109,233,148,122,414,192,193,195,432,226,237,241,100,318,176,132,307,201,190,38,185,1,2023-24,Cam Whitmore (2023-24),103.65,1897,,
1629661,Cameron Johnson,Cameron,1610612751,BKN,28.0,58,21,37,0.362,27.6,4.8,10.7,0.446,2.4,6.1,0.391,1.5,1.9,0.789,0.9,3.4,4.3,2.4,1.0,0.8,0.3,0.6,1.8,1.6,13.4,-1.3,24.5,1,0,24.7,232,289,86,416,136,133,114,308,47,52,120,158,169,240,186,147,152,166,224,144,309,136,191,171,119,357,147,190,38,132,1,2023-24,Cameron Johnson (2023-24),98.52,3297,,
1626166,Cameron Payne,Cameron,1610612755,PHI,29.0,78,46,32,0.59,16.7,2.7,6.2,0.432,1.3,3.4,0.39,0.7,0.9,0.866,0.3,1.2,1.5,2.6,0.8,0.5,0.1,0.3,1.6,0.8,7.4,-0.1,14.3,1,0,14.2,43,52,137,189,305,252,241,365,159,177,123,299,339,85,461,423,440,151,258,293,408,297,246,341,242,265,292,190,38,278,2,2023-24,Cameron Payne (2023-24),100.61,2738,,
1627747,Caris LeVert,Caris,1610612739,CLE,29.0,68,38,30,0.559,28.8,5.1,12.1,0.421,1.6,4.9,0.325,2.3,3.0,0.766,0.6,3.5,4.1,5.1,1.7,1.1,0.5,0.7,1.8,2.3,14.0,1.8,29.7,6,0,28.0,148,124,168,253,118,109,88,402,126,101,335,92,90,277,311,136,169,50,92,57,164,98,199,105,106,130,91,93,38,98,1,2023-24,Caris LeVert (2023-24),99.71,4071,,
1641717,Cason Wallace,Cason,1610612760,OKC,20.0,82,57,25,0.695,20.6,2.6,5.4,0.491,1.2,2.9,0.419,0.4,0.5,0.784,0.6,1.6,2.3,1.5,0.5,0.9,0.5,0.3,1.6,0.5,6.8,1.5,15.4,0,0,14.5,2,4,242,60,237,256,276,165,187,227,45,427,446,250,292,353,349,263,370,107,195,320,257,437,267,138,272,257,38,270,1,2023-24,Cason Wallace (2023-24),101.56,3574,,
1626224,Cedi Osman,Cedi,1610612759,SAS,29.0,72,17,55,0.236,17.6,2.6,5.3,0.479,1.2,3.1,0.389,0.5,0.7,0.673,0.3,2.2,2.5,1.7,0.7,0.5,0.2,0.3,1.5,1.0,6.8,-4.9,13.6,0,0,13.4,108,331,11,497,281,270,280,200,188,207,124,384,371,421,428,294,326,228,322,314,391,342,275,284,272,523,313,257,38,300,1,2023-24,Cedi Osman (2023-24),104.29,2761,,
1629646,Charles Bassey,Charles,1610612759,SAS,23.0,19,3,16,0.158,10.8,1.5,2.1,0.725,0.0,0.1,0.0,0.3,0.3,0.833,1.2,2.8,4.0,1.1,0.8,0.4,0.9,0.1,1.6,0.5,3.3,-2.4,12.9,0,0,11.1,446,489,375,536,428,391,487,2,498,526,498,461,479,135,130,212,177,333,274,352,52,514,243,412,435,433,324,257,38,347,1,2023-24,Charles Bassey (2023-24),105.69,455,,
1629718,Charlie Brown Jr.,Charlie,1610612752,NYK,27.0,8,2,6,0.25,4.7,0.3,1.3,0.2,0.3,0.9,0.286,0.0,0.0,0.0,0.1,0.1,0.3,0.0,0.3,0.0,0.3,0.1,0.6,0.1,0.8,-0.8,1.6,0,0,1.8,510,511,481,474,524,555,528,552,417,433,402,531,538,531,524,554,556,553,488,539,313,464,478,523,551,314,558,257,38,557,1,2023-24,Charlie Brown Jr. (2023-24),97.2,73,,
1631096,Chet Holmgren,Chet,1610612760,OKC,22.0,82,57,25,0.695,29.4,6.2,11.6,0.53,1.6,4.3,0.37,2.7,3.4,0.793,1.6,6.3,7.9,2.4,1.6,0.6,2.3,0.8,2.4,3.0,16.5,5.2,37.0,23,0,34.4,2,4,242,60,108,78,97,102,128,129,197,74,71,232,76,25,37,162,103,235,5,74,75,61,79,30,52,25,38,55,1,2023-24,Chet Holmgren (2023-24),102.8,5150,,
1629002,Chimezie Metu,Chimezie,1610612765,DET,27.0,51,24,27,0.471,16.8,2.4,4.8,0.504,0.5,1.8,0.298,1.1,1.3,0.906,0.8,3.0,3.8,0.9,1.0,0.8,0.3,0.3,1.4,1.0,6.5,-2.1,14.9,1,0,14.1,284,257,213,342,302,287,307,135,327,316,377,200,247,47,228,175,199,386,208,145,271,292,308,285,282,413,283,190,38,283,2,2023-24,Chimezie Metu (2023-24),100.26,1798,,
1628449,Chris Boucher,Chris,1610612761,TOR,31.0,50,16,34,0.32,14.1,2.2,4.3,0.507,0.6,1.9,0.33,1.4,1.8,0.772,1.2,2.9,4.1,0.5,0.6,0.3,0.5,0.3,1.4,1.7,6.4,0.6,13.8,0,0,13.2,291,343,113,446,355,310,329,132,313,313,328,164,172,269,126,191,167,489,360,428,176,321,319,152,286,200,305,257,38,305,1,2023-24,Chris Boucher (2023-24),99.35,1456,,
1630537,Chris Duarte,Chris,1610612758,SAC,27.0,59,35,24,0.593,12.2,1.4,3.6,0.381,0.7,2.2,0.346,0.4,0.6,0.788,0.4,1.4,1.8,0.7,0.4,0.5,0.1,0.2,1.4,0.8,3.9,-1.1,8.6,0,0,8.4,225,155,263,182,394,420,383,480,281,282,274,392,414,242,386,401,410,421,421,336,417,412,320,332,408,345,421,257,38,410,1,2023-24,Chris Duarte (2023-24),99.83,1487,,
1641753,Chris Livingston,Chris,1610612749,MIL,20.0,21,13,8,0.619,4.3,0.5,1.0,0.5,0.0,0.2,0.2,0.1,0.2,0.75,0.1,0.9,1.0,0.2,0.2,0.1,0.0,0.1,0.7,0.2,1.2,-1.3,2.8,0,0,2.7,435,377,456,140,528,527,541,139,485,500,460,497,507,307,520,481,493,538,501,522,520,448,463,507,537,355,538,257,38,537,1,2023-24,Chris Livingston (2023-24),104.18,197,,
101108,Chris Paul,Chris,1610612744,GSW,39.0,58,33,25,0.569,26.4,3.6,8.1,0.441,1.3,3.6,0.371,0.7,0.9,0.827,0.3,3.6,3.9,6.8,1.3,1.2,0.1,0.2,1.9,1.0,9.2,1.9,26.6,5,0,23.8,232,173,242,229,159,197,177,324,157,157,188,301,328,155,440,130,189,15,152,39,456,382,181,275,201,124,125,104,38,138,1,2023-24,Chris Paul (2023-24),99.68,3189,,
1631128,Christian Braun,Christian,1610612743,DEN,23.0,82,57,25,0.695,20.2,2.7,5.9,0.46,0.8,2.0,0.384,1.1,1.6,0.694,1.0,2.8,3.7,1.6,0.7,0.5,0.4,0.6,1.7,1.0,7.3,-0.2,16.4,2,0,15.3,2,4,242,60,243,249,253,259,274,290,143,202,184,394,183,216,203,234,313,310,203,147,229,268,243,266,254,157,38,256,1,2023-24,Christian Braun (2023-24),98.91,3394,,
1626174,Christian Wood,Christian,1610612747,LAL,28.0,50,28,22,0.56,17.4,2.5,5.3,0.466,0.7,2.3,0.307,1.3,1.9,0.702,0.8,4.3,5.1,1.0,1.0,0.3,0.7,0.2,1.4,1.6,6.9,0.1,16.4,2,0,15.7,291,221,302,250,284,282,281,229,295,269,365,176,168,385,234,81,111,377,211,408,102,353,295,175,260,246,253,157,38,248,1,2023-24,Christian Wood (2023-24),101.73,1849,,
1629643,Chuma Okeke,Chuma,1610612753,ORL,25.0,47,24,23,0.511,9.2,0.9,2.4,0.357,0.5,1.7,0.28,0.1,0.1,0.571,0.4,1.3,1.7,0.4,0.3,0.2,0.1,0.0,0.4,0.1,2.3,-1.5,5.6,0,0,5.6,312,257,292,298,458,488,472,507,346,327,411,517,512,479,409,410,419,500,450,476,395,518,515,531,486,371,490,257,38,485,1,2023-24,Chuma Okeke (2023-24),97.51,874,,
203991,Clint Capela,Clint,1610612737,ATL,30.0,73,33,40,0.452,25.8,4.8,8.5,0.571,0.0,0.0,0.0,1.8,2.8,0.631,4.6,6.0,10.6,1.2,1.0,0.6,1.5,0.9,2.2,2.3,11.5,-0.2,31.2,38,0,27.4,99,173,67,356,169,127,160,64,498,539,498,127,93,456,1,32,11,305,210,259,16,47,98,101,147,273,80,13,38,103,1,2023-24,Clint Capela (2023-24),101.78,3987,,
1629632,Coby White,Coby,1610612741,CHI,24.0,79,37,42,0.468,36.5,6.8,15.3,0.447,2.6,7.0,0.376,2.8,3.3,0.838,0.6,4.0,4.5,5.1,2.1,0.7,0.2,0.8,2.4,3.7,19.1,-0.4,32.8,5,0,33.2,30,139,49,346,7,61,53,300,33,29,164,66,73,127,324,98,135,47,61,222,334,60,83,42,60,290,72,104,38,61,1,2023-24,Coby White (2023-24),97.52,5857,,
1628998,Cody Martin,Cody,1610612766,CHA,28.0,28,7,21,0.25,26.9,2.9,7.7,0.381,1.0,3.1,0.314,0.7,1.2,0.606,0.7,3.2,3.9,3.7,1.6,1.1,0.6,0.7,1.7,1.5,7.5,-5.6,21.6,1,0,19.7,399,440,312,474,150,231,189,479,233,206,353,314,265,465,275,161,188,93,108,52,108,107,224,189,239,539,177,190,38,196,1,2023-24,Cody Martin (2023-24),98.04,1540,,
203469,Cody Zeller,Cody,1610612740,NOP,31.0,43,26,17,0.605,7.4,0.6,1.4,0.419,0.0,0.1,0.333,0.5,0.9,0.605,1.1,1.5,2.6,0.9,0.4,0.2,0.1,0.2,1.0,0.9,1.8,1.1,6.9,0,0,6.0,330,241,359,164,483,516,523,403,491,522,302,371,332,466,147,387,320,385,443,464,436,362,401,315,509,165,464,257,38,477,1,2023-24,Cody Zeller (2023-24),104.95,700,,
1641732,Colby Jones,Colby,1610612758,SAC,22.0,30,15,15,0.5,6.4,0.9,2.4,0.394,0.1,0.7,0.091,0.2,0.4,0.545,0.6,0.8,1.3,0.7,0.3,0.2,0.2,0.1,1.0,0.3,2.1,0.3,5.6,0,0,5.0,396,347,390,300,500,475,474,459,480,443,496,479,465,489,319,493,465,436,452,457,381,457,432,481,494,226,492,257,38,500,1,2023-24,Colby Jones (2023-24),99.51,399,,
1630175,Cole Anthony,Cole,1610612753,ORL,24.0,81,47,34,0.58,22.4,4.1,9.4,0.435,1.1,3.4,0.338,2.2,2.7,0.826,0.8,3.0,3.8,2.9,1.6,0.8,0.5,0.4,2.2,2.0,11.6,1.4,22.7,3,0,22.0,18,45,113,207,213,157,137,352,198,181,288,96,100,161,233,173,193,130,111,172,191,232,117,124,146,150,169,135,38,165,1,2023-24,Cole Anthony (2023-24),97.46,3696,,
1631306,Cole Swider,Cole,1610612748,MIA,25.0,18,8,10,0.444,4.8,0.8,2.1,0.395,0.6,1.7,0.333,0.1,0.1,1.0,0.1,0.3,0.4,0.3,0.4,0.1,0.1,0.0,0.2,0.1,2.3,-1.1,3.1,0,0,3.8,450,423,440,359,522,491,486,457,326,334,302,505,522,1,539,537,545,529,416,534,501,525,545,543,481,343,533,257,38,514,1,2023-24,Cole Swider (2023-24),99.54,180,,
1630658,Colin Castleton,Colin,1610612747,LAL,24.0,16,9,7,0.563,3.7,0.6,1.0,0.563,0.0,0.0,0.0,0.4,0.4,1.0,0.4,0.4,0.8,0.2,0.2,0.1,0.0,0.1,0.7,0.2,1.5,-2.8,2.9,0,0,2.7,461,412,464,243,537,519,542,70,498,541,498,415,463,1,410,534,524,542,516,508,520,464,467,509,523,455,537,257,38,538,1,2023-24,Colin Castleton (2023-24),101.56,125,,
1631221,Collin Gillespie,Collin,1610612743,DEN,25.0,24,15,9,0.625,9.4,1.3,2.9,0.464,0.6,1.6,0.395,0.3,0.5,0.667,0.0,0.8,0.9,1.1,0.6,0.5,0.0,0.1,1.0,0.5,3.6,0.6,7.4,0,0,7.3,416,347,444,128,453,422,442,238,307,344,109,434,422,424,543,486,514,330,353,291,520,464,409,417,419,192,449,257,38,439,1,2023-24,Collin Gillespie (2023-24),99.78,470,,
1629012,Collin Sexton,Collin,1610612762,UTA,25.0,78,29,49,0.372,26.6,6.5,13.3,0.487,1.6,4.2,0.394,4.1,4.7,0.859,0.9,1.7,2.6,4.9,2.1,0.8,0.2,1.4,2.0,3.8,18.7,-1.8,30.2,4,0,29.9,43,213,30,411,155,68,73,175,117,131,112,34,38,94,195,345,319,59,59,171,331,7,161,40,62,395,86,120,38,81,1,2023-24,Collin Sexton (2023-24),101.71,4399,,
1630557,Corey Kispert,Corey,1610612764,WAS,25.0,80,15,65,0.188,25.8,4.8,9.9,0.486,2.3,6.0,0.383,1.4,2.0,0.726,0.4,2.4,2.8,2.0,1.2,0.5,0.2,0.6,1.8,1.5,13.4,-5.6,20.6,1,0,21.9,23,347,1,517,168,128,128,180,55,53,146,162,160,354,410,251,301,203,169,302,354,131,211,191,120,537,191,190,38,168,1,2023-24,Corey Kispert (2023-24),103.61,4477,,
202709,Cory Joseph,Cory,1610612744,GSW,32.0,26,10,16,0.385,11.4,0.9,2.5,0.359,0.5,1.6,0.31,0.2,0.3,0.571,0.2,0.9,1.2,1.6,0.5,0.2,0.1,0.1,1.0,0.3,2.4,-0.5,6.6,0,0,6.2,406,403,375,400,412,481,464,503,339,338,359,494,487,479,485,470,485,232,408,499,439,497,433,479,477,292,471,257,38,467,1,2023-24,Cory Joseph (2023-24),102.2,633,,
1641854,Craig Porter Jr.,Craig,1610612739,CLE,24.0,51,30,21,0.588,12.7,2.3,4.5,0.509,0.2,0.7,0.353,0.8,1.1,0.732,0.4,1.7,2.1,2.3,0.9,0.4,0.3,0.3,0.8,1.0,5.6,-0.5,12.9,0,0,11.7,284,201,312,191,382,301,324,128,422,449,253,277,277,348,395,344,361,170,247,356,283,292,453,285,312,294,326,257,38,337,1,2023-24,Craig Porter Jr. (2023-24),97.17,1313,,
1626156,D'Angelo Russell,D'Angelo,1610612747,LAL,28.0,76,46,30,0.605,32.7,6.5,14.2,0.456,3.0,7.2,0.415,2.1,2.5,0.828,0.4,2.7,3.1,6.3,2.1,0.9,0.5,0.5,2.1,2.2,18.0,2.4,33.3,10,0,33.2,61,52,168,161,62,69,64,270,20,27,55,103,112,153,415,218,274,21,67,116,182,191,144,107,66,104,65,59,38,62,1,2023-24,D'Angelo Russell (2023-24),102.97,5348,,
1641793,D'Moi Hodge,D'Moi,1610612747,LAL,25.0,7,1,6,0.143,5.9,0.7,2.1,0.333,0.4,1.7,0.25,0.1,0.3,0.5,0.0,0.0,0.0,0.7,0.1,0.1,0.1,0.0,0.6,0.1,2.0,-5.0,3.8,0,0,3.7,518,538,481,542,504,502,484,521,366,330,431,497,483,494,545,557,561,429,532,503,403,525,487,519,498,526,519,257,38,515,1,2023-24,D'Moi Hodge (2023-24),100.67,88,,
1630618,D.J. Carton,D.J.,1610612761,TOR,23.0,4,2,2,0.5,8.9,0.8,2.0,0.375,0.3,1.0,0.25,1.0,1.3,0.8,0.5,0.5,1.0,0.8,0.3,0.3,0.0,0.0,0.8,0.8,2.8,-7.8,5.6,0,0,5.3,542,511,535,300,464,498,490,487,417,410,431,231,248,212,346,519,493,419,488,446,520,525,455,351,459,563,494,257,38,494,1,2023-24,D.J. Carton (2023-24),108.07,81,,
1628391,D.J. Wilson,D.J.,1610612753,ORL,28.0,2,1,1,0.5,7.7,2.0,3.0,0.667,1.0,1.0,1.0,0.0,0.0,0.0,0.5,0.5,1.0,1.0,0.0,0.0,1.0,0.5,0.5,0.0,5.0,1.0,10.7,0,0,10.0,555,538,546,300,478,326,430,12,221,410,1,531,538,531,346,519,493,363,550,539,39,172,497,547,342,170,370,257,38,372,1,2023-24,D.J. Wilson (2023-24),91.55,30,,
1629610,DaQuan Jeffries,DaQuan,1610612752,NYK,26.0,17,11,6,0.647,2.7,0.4,1.0,0.353,0.1,0.6,0.2,0.0,0.1,0.0,0.0,0.3,0.3,0.3,0.2,0.0,0.1,0.1,0.1,0.1,0.8,-0.6,1.6,0,0,1.6,453,392,481,103,559,546,542,510,458,459,460,531,520,531,545,545,554,526,523,539,498,509,553,539,550,306,557,257,38,559,1,2023-24,DaQuan Jeffries (2023-24),102.84,97,,
1630227,Daishen Nix,Daishen,1610612750,MIN,22.0,15,11,4,0.733,3.3,0.6,1.6,0.375,0.4,1.1,0.353,0.2,0.4,0.5,0.1,0.1,0.2,0.4,0.3,0.3,0.0,0.2,0.1,0.2,1.8,1.9,3.3,0,0,3.5,467,392,510,41,547,517,516,487,375,401,253,479,458,494,536,552,558,502,452,398,520,387,552,503,507,126,527,257,38,522,1,2023-24,Daishen Nix (2023-24),112.81,119,,
1630625,Dalano Banton,Dalano,1610612757,POR,24.0,54,24,30,0.444,19.4,3.7,9.3,0.404,1.1,3.7,0.296,1.7,2.2,0.783,0.8,2.5,3.3,2.4,1.4,0.6,0.4,0.6,1.2,1.6,10.3,-4.1,19.3,2,0,19.0,271,257,168,359,259,178,140,436,205,153,383,133,132,251,242,241,245,168,133,249,236,115,363,179,172,506,214,157,38,207,2,2023-24,Dalano Banton (2023-24),98.51,2147,,
1631207,Dalen Terry,Dalen,1610612741,CHI,21.0,59,27,32,0.458,11.5,1.2,2.7,0.439,0.3,1.3,0.23,0.4,0.7,0.581,0.5,1.4,1.9,1.4,0.5,0.5,0.3,0.1,1.4,0.6,3.1,0.6,9.2,0,0,8.2,225,231,137,352,407,449,452,333,409,383,446,397,369,476,360,394,396,272,371,342,278,494,315,393,451,195,405,257,38,417,1,2023-24,Dalen Terry (2023-24),99.32,1411,,
1627745,Damian Jones,Damian,1610612739,CLE,29.0,39,24,15,0.615,6.9,1.1,1.8,0.597,0.1,0.4,0.214,0.5,0.5,0.857,0.5,1.1,1.6,0.4,0.3,0.2,0.3,0.1,0.7,0.5,2.7,-2.3,6.4,0,0,5.8,355,257,390,151,494,454,499,47,479,481,453,390,418,98,342,442,429,504,452,481,256,497,466,415,462,425,475,257,38,483,1,2023-24,Damian Jones (2023-24),96.63,548,,
203081,Damian Lillard,Damian,1610612749,MIL,33.0,73,48,25,0.658,35.3,7.4,17.5,0.424,3.0,8.5,0.354,6.5,7.0,0.92,0.5,3.9,4.4,7.0,2.6,1.0,0.2,1.2,1.8,4.9,24.3,5.3,41.1,12,0,41.1,99,36,242,91,18,51,32,392,18,10,249,7,10,38,359,102,145,13,29,90,323,18,185,19,20,25,29,54,38,26,1,2023-24,Damian Lillard (2023-24),102.06,5486,,
1629655,Daniel Gafford,Daniel,1610612742,DAL,25.0,74,30,44,0.405,24.5,4.7,6.5,0.725,0.0,0.0,0.0,1.6,2.4,0.674,2.6,5.0,7.6,1.6,1.0,0.9,2.1,0.5,3.1,2.2,11.0,-1.4,30.3,15,0,26.0,87,201,40,383,190,135,228,2,498,541,498,149,124,420,23,55,38,247,211,138,7,192,13,113,157,361,85,45,38,120,2,2023-24,Daniel Gafford (2023-24),103.3,3897,,
1628464,Daniel Theis,Daniel,1610612746,LAC,32.0,60,38,22,0.633,16.9,2.6,4.9,0.532,0.4,1.2,0.366,0.6,0.8,0.76,1.4,2.7,4.1,1.0,0.7,0.4,0.9,0.5,2.1,1.0,6.3,1.0,15.6,1,0,14.2,215,124,302,117,297,261,298,100,365,394,207,342,346,288,93,227,173,362,301,393,60,196,128,289,290,168,268,190,38,279,2,2023-24,Daniel Theis (2023-24),99.85,2116,,
201568,Danilo Gallinari,Danilo,1610612749,MIL,35.0,49,15,34,0.306,12.8,1.7,3.9,0.437,0.6,1.9,0.323,1.7,2.0,0.857,0.4,1.8,2.2,1.1,0.5,0.3,0.1,0.2,1.0,1.7,5.7,-2.0,10.8,0,0,10.5,302,347,113,450,379,362,363,344,316,309,340,138,154,98,400,334,354,331,403,423,429,436,408,159,309,405,365,257,38,360,3,2023-24,Danilo Gallinari (2023-24),101.41,1335,,
201980,Danny Green,Danny,1610612755,PHI,37.0,2,1,1,0.5,9.2,0.0,1.0,0.0,0.0,0.5,0.0,0.0,0.0,0.0,0.0,1.0,1.0,0.5,0.0,0.5,0.0,0.0,0.5,0.0,0.0,0.0,3.5,0,0,2.5,555,538,546,300,457,561,542,561,498,463,498,531,538,531,545,449,493,474,550,314,520,525,497,547,563,254,523,257,38,541,1,2023-24,Danny Green (2023-24),104.07,41,,
203957,Dante Exum,Dante,1610612742,DAL,28.0,55,36,19,0.655,19.8,2.9,5.5,0.533,1.0,2.0,0.491,1.0,1.2,0.779,0.5,2.3,2.7,2.9,0.9,0.4,0.1,0.3,1.5,1.4,7.8,4.3,15.9,0,0,15.3,258,146,337,95,255,232,268,99,234,298,16,240,257,258,375,279,310,135,242,363,468,279,263,193,233,46,264,257,38,257,1,2023-24,Dante Exum (2023-24),101.9,2310,,
1627863,Danuel House Jr.,Danuel,1610612755,PHI,31.0,34,21,13,0.618,15.0,1.4,3.1,0.448,0.4,1.5,0.3,1.0,1.4,0.761,0.5,1.2,1.7,0.8,0.6,0.4,0.1,0.2,1.3,1.1,4.2,0.6,8.7,0,0,8.4,375,289,412,142,338,415,425,298,360,359,371,222,227,286,368,421,418,405,362,348,397,383,332,247,385,197,414,257,38,411,1,2023-24,Danuel House Jr. (2023-24),101.74,1077,,
203967,Dario Saric,Dario,1610612744,GSW,30.0,64,35,29,0.547,17.2,2.8,6.1,0.466,1.2,3.1,0.376,1.2,1.5,0.849,1.1,3.3,4.4,2.3,1.2,0.5,0.2,0.4,1.8,1.5,8.0,-0.3,17.4,2,0,17.2,185,155,179,269,294,240,246,228,195,202,166,181,206,118,140,157,142,178,172,330,387,238,214,187,226,283,233,157,38,223,1,2023-24,Dario Saric (2023-24),100.0,2294,,
1641727,Dariq Whitehead,Dariq,1610612751,BKN,19.0,2,1,1,0.5,12.0,0.5,2.5,0.2,0.0,1.5,0.0,0.5,1.0,0.5,0.0,2.0,2.0,1.5,0.0,0.0,0.5,0.5,0.0,0.5,1.5,-11.0,7.7,0,0,6.0,555,538,546,300,398,528,458,552,498,352,498,378,298,494,545,309,377,253,550,539,164,172,556,417,523,571,443,257,38,473,1,2023-24,Dariq Whitehead (2023-24),109.08,55,,
1629647,Darius Bazley,Darius,1610612762,UTA,24.0,9,2,7,0.222,16.9,2.0,3.3,0.6,0.2,0.9,0.25,1.1,1.3,0.833,0.9,2.2,3.1,0.8,0.9,0.7,0.8,0.4,0.3,1.0,5.3,-3.7,13.7,0,0,12.3,498,511,464,502,299,326,409,43,424,431,431,207,232,135,204,284,272,416,244,223,72,199,522,275,327,491,310,257,38,323,2,2023-24,Darius Bazley (2023-24),99.27,315,,
1629636,Darius Garland,Darius,1610612739,CLE,24.0,57,31,26,0.544,33.3,6.6,14.8,0.446,2.3,6.2,0.371,2.6,3.1,0.834,0.5,2.1,2.7,6.5,3.1,1.3,0.1,0.8,1.7,2.9,18.0,2.0,32.2,6,0,32.4,241,193,230,274,51,67,60,307,54,49,191,77,84,134,335,297,314,17,14,26,428,58,230,69,64,121,77,93,38,71,1,2023-24,Darius Garland (2023-24),98.02,3894,,
1630561,David Duke Jr.,David,1610612759,SAS,24.0,4,3,1,0.75,12.8,2.5,4.5,0.556,0.8,1.5,0.5,0.8,0.8,1.0,0.5,2.0,2.5,1.3,0.8,0.5,0.0,0.0,1.0,1.0,6.5,1.5,12.1,0,0,12.0,542,489,546,34,380,276,322,79,277,352,9,293,360,1,346,309,326,299,282,314,520,525,409,275,283,140,342,257,38,331,1,2023-24,David Duke Jr. (2023-24),103.29,111,,
1631223,David Roddy,David,1610612756,PHX,23.0,65,25,40,0.385,18.1,2.5,6.3,0.403,0.7,2.5,0.293,0.7,1.0,0.691,0.8,2.4,3.2,1.2,0.9,0.4,0.2,0.5,1.1,0.9,6.5,-3.5,13.2,0,0,12.9,181,247,67,400,276,272,237,438,283,242,395,308,284,398,225,252,249,309,250,354,378,171,388,313,280,486,321,257,38,312,2,2023-24,David Roddy (2023-24),101.1,2482,,
1630558,Davion Mitchell,Davion,1610612758,SAC,25.0,72,41,31,0.569,15.3,2.0,4.5,0.452,0.8,2.2,0.361,0.4,0.6,0.714,0.3,1.1,1.3,1.9,0.6,0.2,0.0,0.1,1.2,0.7,5.3,-0.6,9.9,0,0,9.8,108,97,149,227,333,324,323,286,267,279,222,398,406,369,466,445,467,211,347,456,509,454,365,362,332,310,385,257,38,374,1,2023-24,Davion Mitchell (2023-24),100.05,2302,,
202722,Davis Bertans,Davis,1610612766,CHA,31.0,43,20,23,0.465,15.7,2.1,5.4,0.393,1.8,4.7,0.38,0.7,0.8,0.909,0.2,1.2,1.4,0.8,0.4,0.6,0.3,0.2,1.3,0.6,6.7,-1.7,11.9,0,0,12.5,330,297,292,350,325,315,271,461,105,113,154,320,357,43,497,430,455,408,428,251,297,413,336,396,274,386,347,257,38,318,2,2023-24,Davis Bertans (2023-24),98.52,1395,,
1630549,Day'Ron Sharpe,Day'Ron,1610612751,BKN,22.0,61,25,36,0.41,15.1,2.8,4.8,0.571,0.1,0.2,0.267,1.2,2.0,0.61,2.6,3.7,6.4,1.4,1.1,0.4,0.7,0.5,2.1,1.7,6.8,1.0,18.7,6,0,16.9,206,247,99,378,336,245,306,62,481,498,426,182,153,463,21,111,67,269,190,370,86,187,122,153,271,166,220,93,38,230,1,2023-24,Day'Ron Sharpe (2023-24),99.62,1898,,
1628368,De'Aaron Fox,De'Aaron,1610612758,SAC,26.0,74,42,32,0.568,35.9,9.7,20.9,0.465,2.9,7.8,0.369,4.2,5.7,0.738,0.9,3.7,4.6,5.6,2.6,2.0,0.4,0.9,2.6,4.5,26.6,3.1,45.3,6,0,44.6,87,88,137,232,10,8,4,234,22,19,200,28,21,341,198,117,132,32,30,2,211,50,53,26,10,72,14,93,38,14,1,2023-24,De'Aaron Fox (2023-24),101.7,5629,,
1629631,De'Andre Hunter,De'Andre,1610612737,ATL,26.0,57,26,31,0.456,29.5,5.3,11.6,0.459,2.1,5.3,0.385,2.9,3.4,0.847,0.5,3.4,3.9,1.5,1.5,0.7,0.3,0.5,2.6,3.4,15.6,-0.9,24.1,3,0,25.1,241,241,149,353,107,103,96,264,73,77,138,62,64,121,330,153,187,250,124,208,296,170,56,50,88,326,149,135,38,131,1,2023-24,De'Andre Hunter (2023-24),101.11,3539,,
1629001,De'Anthony Melton,De'Anthony,1610612755,PHI,26.0,38,25,13,0.658,26.9,3.7,9.5,0.386,2.0,5.6,0.36,1.7,2.1,0.835,0.7,3.0,3.7,3.0,1.0,1.6,0.4,0.6,2.2,1.5,11.1,5.7,25.0,0,0,23.8,361,247,412,89,149,183,135,473,77,68,228,134,149,133,251,181,205,126,206,10,209,139,104,181,154,19,140,257,38,137,1,2023-24,De'Anthony Melton (2023-24),101.13,2157,,
201599,DeAndre Jordan,DeAndre,1610612743,DEN,35.0,36,24,12,0.667,11.0,1.6,2.6,0.624,0.0,0.0,0.0,0.7,1.5,0.491,1.5,2.9,4.4,0.7,0.6,0.2,0.4,0.3,1.6,1.3,3.9,-2.4,11.5,1,0,10.3,370,257,422,76,421,376,456,31,498,541,498,309,202,516,86,198,147,426,334,489,197,299,260,204,407,434,354,190,38,365,1,2023-24,DeAndre Jordan (2023-24),97.52,803,,
1630610,DeJon Jarreau,DeJon,1610612763,MEM,26.0,9,2,7,0.222,16.6,1.9,5.6,0.34,0.4,1.4,0.308,0.6,1.2,0.455,0.9,4.0,4.9,2.9,1.0,0.7,0.2,0.1,1.6,0.9,4.8,-2.7,16.6,0,0,14.8,498,511,464,502,309,344,263,518,356,362,363,364,259,518,204,96,122,133,211,223,338,474,260,306,354,447,249,257,38,265,1,2023-24,DeJon Jarreau (2023-24),100.95,310,,
201942,DeMar DeRozan,DeMar,1610612741,CHI,34.0,79,37,42,0.468,37.8,8.2,17.2,0.48,0.9,2.8,0.333,6.6,7.7,0.853,0.5,3.8,4.3,5.3,1.7,1.1,0.6,0.9,2.0,5.6,24.0,-0.8,40.6,7,0,38.0,30,139,49,346,1,30,33,198,236,228,302,5,5,111,329,109,155,42,93,54,138,45,148,8,21,319,30,84,38,36,1,2023-24,DeMar DeRozan (2023-24),97.94,6098,,
1629731,Dean Wade,Dean,1610612739,CLE,27.0,54,36,18,0.667,20.5,1.8,4.3,0.414,1.5,3.7,0.391,0.4,0.5,0.769,0.7,3.4,4.0,0.8,0.4,0.7,0.5,0.1,1.7,0.7,5.4,3.3,14.7,0,0,14.1,271,146,348,76,238,352,332,418,143,149,118,420,433,274,271,152,176,414,444,192,190,512,223,366,325,68,287,257,38,282,1,2023-24,Dean Wade (2023-24),99.94,2300,,
1629028,Deandre Ayton,Deandre,1610612757,POR,25.0,55,14,41,0.255,32.4,7.8,13.6,0.57,0.0,0.2,0.1,1.2,1.4,0.823,3.2,7.9,11.1,1.6,1.8,1.0,0.8,0.7,2.0,1.4,16.7,-5.8,36.0,32,0,33.0,258,361,59,472,68,40,69,66,493,506,495,193,211,168,8,12,7,231,79,75,79,86,160,193,77,542,56,16,38,65,1,2023-24,Deandre Ayton (2023-24),97.76,3631,,
1627749,Dejounte Murray,Dejounte,1610612737,ATL,27.0,78,34,44,0.436,35.7,8.6,18.8,0.459,2.6,7.1,0.363,2.7,3.4,0.794,0.8,4.5,5.3,6.4,2.6,1.4,0.3,0.9,1.8,2.5,22.5,-2.0,41.1,20,1,40.3,43,165,40,368,13,23,18,261,36,28,220,72,70,227,231,71,93,20,32,13,274,53,206,89,34,402,28,31,16,28,1,2023-24,Dejounte Murray (2023-24),101.33,5879,,
1626153,Delon Wright,Delon,1610612748,MIA,32.0,47,16,31,0.34,15.8,1.6,4.0,0.394,0.5,1.4,0.368,0.8,1.0,0.822,0.4,1.4,1.8,2.5,0.3,1.1,0.2,0.2,0.7,0.9,4.5,0.3,14.3,0,0,12.1,312,343,149,429,321,382,352,460,331,361,204,281,318,169,402,393,405,157,471,51,330,361,469,300,366,229,293,257,38,329,2,2023-24,Delon Wright (2023-24),101.07,1560,,
1630166,Deni Avdija,Deni,1610612764,WAS,23.0,75,14,61,0.187,30.1,5.4,10.7,0.506,1.2,3.1,0.374,2.7,3.6,0.74,1.1,6.1,7.2,3.8,2.1,0.8,0.5,1.0,2.5,3.3,14.7,-4.4,30.7,18,0,29.4,76,361,4,519,97,100,113,133,192,195,176,70,61,339,145,30,45,90,55,175,176,33,64,53,99,511,82,38,38,85,1,2023-24,Deni Avdija (2023-24),105.06,4936,,
203471,Dennis Schröder,Dennis,1610612751,BKN,30.0,80,30,50,0.375,31.1,5.0,11.6,0.435,1.7,4.6,0.375,2.2,2.7,0.836,0.5,2.5,3.0,6.1,1.9,0.8,0.2,0.8,2.1,2.3,14.0,-1.6,27.9,8,0,26.9,23,201,26,407,86,110,98,355,107,116,168,94,102,132,362,240,283,25,73,173,349,66,145,103,105,379,109,73,38,110,2,2023-24,Dennis Schröder (2023-24),98.44,5106,,
1628372,Dennis Smith Jr.,Dennis,1610612751,BKN,26.0,56,19,37,0.339,18.9,2.6,6.0,0.435,0.6,1.9,0.294,0.8,1.0,0.741,0.9,2.0,2.9,3.6,1.2,1.2,0.2,0.4,2.2,0.9,6.6,-0.6,18.6,3,0,16.6,252,307,86,430,264,257,247,353,321,301,394,288,288,338,202,304,290,96,173,37,347,206,116,308,279,312,223,135,38,237,1,2023-24,Dennis Smith Jr. (2023-24),98.64,2160,,
1641726,Dereck Lively II,Dereck,1610612742,DAL,20.0,55,35,20,0.636,23.5,4.0,5.4,0.747,0.0,0.0,0.0,0.7,1.5,0.506,2.5,4.4,6.9,1.1,0.9,0.7,1.4,0.4,2.6,1.4,8.8,2.6,23.9,8,0,20.9,258,155,321,108,200,165,278,1,498,532,498,296,201,493,29,76,54,338,237,230,18,254,52,202,208,98,154,73,38,181,1,2023-24,Dereck Lively II (2023-24),100.89,2724,,
1631220,Dereon Seabron,Dereon,1610612740,NOP,24.0,6,3,3,0.5,9.2,0.7,2.2,0.308,0.2,0.3,0.5,0.8,1.0,0.833,0.2,1.0,1.2,0.8,0.0,0.3,0.2,0.2,0.7,0.7,2.3,4.7,6.5,0,0,5.5,525,489,529,300,459,503,483,533,440,482,9,266,298,135,508,449,483,399,550,398,381,428,470,372,481,37,474,257,38,488,1,2023-24,Dereon Seabron (2023-24),103.26,117,,
1627884,Derrick Jones Jr.,Derrick,1610612742,DAL,27.0,76,47,29,0.618,23.5,3.1,6.5,0.483,1.1,3.1,0.343,1.3,1.8,0.713,1.1,2.2,3.3,1.0,0.9,0.7,0.7,0.3,1.6,1.6,8.6,0.7,17.3,2,0,16.7,61,45,179,141,202,221,227,189,208,193,283,178,174,374,153,288,246,373,256,211,97,290,252,169,211,187,239,157,38,233,1,2023-24,Derrick Jones Jr. (2023-24),101.9,3781,,
201565,Derrick Rose,Derrick,1610612763,MEM,35.0,24,6,18,0.25,16.6,3.2,6.9,0.461,0.6,1.7,0.366,1.0,1.1,0.889,0.3,1.6,1.9,3.3,1.3,0.3,0.1,0.6,0.9,1.3,8.0,-1.4,15.0,0,0,14.5,416,458,348,474,307,216,210,253,307,331,208,231,273,57,452,366,400,117,157,398,479,125,444,215,228,360,280,257,38,269,1,2023-24,Derrick Rose (2023-24),101.51,844,,
1628401,Derrick White,Derrick,1610612738,BOS,29.0,73,58,15,0.795,32.6,5.3,11.5,0.461,2.7,6.8,0.396,1.9,2.1,0.901,0.7,3.5,4.2,5.2,1.5,1.0,1.2,0.4,2.1,2.1,15.2,8.5,33.1,5,1,31.7,99,3,390,20,64,104,100,249,30,35,104,122,146,52,266,134,160,44,115,77,22,245,140,119,95,2,68,104,16,74,1,2023-24,Derrick White (2023-24),99.48,4935,,
1630217,Desmond Bane,Desmond,1610612763,MEM,26.0,42,14,28,0.333,34.4,8.6,18.5,0.464,3.3,8.6,0.381,3.3,3.8,0.87,0.9,3.5,4.4,5.5,2.7,1.0,0.5,1.5,2.9,3.0,23.7,-4.8,39.2,3,0,40.0,341,361,193,432,30,25,21,237,9,9,152,48,56,77,214,135,143,39,26,74,158,6,28,63,24,519,35,135,38,29,1,2023-24,Desmond Bane (2023-24),100.82,3038,,
1626164,Devin Booker,Devin,1610612756,PHX,27.0,68,43,25,0.632,36.0,9.4,19.2,0.492,2.2,6.1,0.364,6.0,6.7,0.886,0.8,3.7,4.5,6.9,2.6,0.9,0.4,0.7,3.0,5.2,27.1,4.6,44.2,13,0,43.4,148,79,242,118,8,11,13,163,58,50,213,9,13,61,223,115,136,14,31,127,216,98,16,14,7,40,18,51,38,17,1,2023-24,Devin Booker (2023-24),99.96,5103,,
1630170,Devin Vassell,Devin,1610612759,SAS,23.0,68,17,51,0.25,33.1,7.3,15.5,0.472,2.4,6.6,0.372,2.4,3.0,0.801,0.4,3.4,3.8,4.1,1.6,1.1,0.3,0.5,1.1,2.2,19.5,-4.3,32.8,0,0,32.6,148,331,23,474,56,54,51,215,44,44,186,89,90,211,405,144,194,81,104,65,254,172,392,109,57,509,73,257,38,68,1,2023-24,Devin Vassell (2023-24),102.42,4795,,
1628984,Devonte' Graham,Devonte',1610612759,SAS,29.0,23,8,15,0.348,13.6,1.7,4.7,0.352,1.1,3.6,0.301,0.6,0.7,0.813,0.2,1.3,1.6,2.1,0.7,0.4,0.1,0.2,0.6,0.7,5.0,1.0,10.7,0,0,10.7,420,423,390,426,367,371,314,512,207,158,370,359,382,192,491,405,433,186,287,371,475,424,482,381,348,170,369,257,38,355,1,2023-24,Devonte' Graham (2023-24),101.62,663,,
1641926,Dexter Dennis,Dexter,1610612742,DAL,25.0,4,1,3,0.25,7.5,2.5,4.8,0.526,0.3,2.0,0.125,0.3,0.8,0.333,0.3,2.0,2.3,1.0,0.8,0.0,0.3,0.0,0.3,0.8,5.5,-2.3,9.7,0,0,9.5,542,538,529,474,482,276,308,107,417,290,484,464,360,525,473,309,351,363,282,539,313,525,537,351,315,420,388,257,38,380,1,2023-24,Dexter Dennis (2023-24),118.13,73,,
1628415,Dillon Brooks,Dillon,1610612745,HOU,28.0,72,36,36,0.5,30.9,4.6,10.7,0.428,1.8,5.1,0.359,1.7,2.0,0.844,0.7,2.7,3.4,1.7,1.2,0.9,0.1,0.4,3.3,1.7,12.7,-0.3,21.1,1,0,21.7,108,146,99,300,88,140,115,382,93,84,229,136,152,123,254,222,235,228,171,132,411,205,5,165,127,280,181,190,38,170,1,2023-24,Dillon Brooks (2023-24),100.0,4630,,
1631376,Dmytro Skapintsev,Dmytro,1610612752,NYK,26.0,2,0,2,0.0,1.1,0.0,0.5,0.0,0.0,0.0,0.0,0.0,0.0,0.0,0.0,0.0,0.0,0.0,0.0,0.0,0.0,0.0,0.0,0.0,0.0,0.0,0.0,0,0,0.0,555,560,535,560,570,561,565,561,498,541,498,531,538,531,545,557,561,553,550,539,520,525,556,547,563,254,568,257,38,568,1,2023-24,Dmytro Skapintsev (2023-24),101.25,4,,
1627734,Domantas Sabonis,Domantas,1610612758,SAC,28.0,82,46,36,0.561,35.7,7.7,13.0,0.594,0.4,1.1,0.379,3.6,5.1,0.704,3.6,10.1,13.7,8.2,3.3,0.9,0.6,1.0,3.0,4.6,19.4,0.8,49.3,77,26,44.7,2,52,99,248,12,43,77,49,374,409,156,44,31,381,5,1,1,7,11,123,130,28,14,25,58,181,8,1,1,13,1,2023-24,Domantas Sabonis (2023-24),99.61,6085,,
1631230,Dominick Barlow,Dominick,1610612759,SAS,21.0,33,7,26,0.212,12.7,1.7,3.4,0.496,0.1,0.3,0.333,0.9,1.3,0.69,1.4,2.1,3.4,1.1,0.3,0.4,0.4,0.2,1.4,0.9,4.4,-1.0,12.2,0,0,10.5,380,440,230,508,383,361,397,159,472,491,302,255,243,399,107,303,233,338,480,383,205,351,302,292,376,332,341,257,38,359,1,2023-24,Dominick Barlow (2023-24),101.2,888,,
1628378,Donovan Mitchell,Donovan,1610612739,CLE,27.0,55,36,19,0.655,35.3,9.1,19.8,0.462,3.3,9.0,0.368,5.0,5.8,0.865,0.8,4.3,5.1,6.1,2.8,1.8,0.5,1.0,2.1,4.3,26.6,5.9,46.1,6,0,45.8,258,146,337,95,19,13,7,246,7,4,201,18,19,89,220,83,109,26,21,4,149,41,123,30,9,14,11,93,38,10,1,2023-24,Donovan Mitchell (2023-24),99.82,4054,,
1628978,Donte DiVincenzo,Donte,1610612752,NYK,27.0,81,50,31,0.617,29.1,5.5,12.4,0.443,3.5,8.7,0.401,1.1,1.4,0.754,0.8,2.9,3.7,2.7,1.4,1.3,0.4,0.4,2.0,1.5,15.5,2.0,27.8,0,0,28.9,18,28,149,147,112,96,86,316,4,7,84,217,221,300,235,194,210,149,139,24,197,232,146,184,89,116,112,257,38,91,1,2023-24,Donte DiVincenzo (2023-24),97.11,4770,,
1627827,Dorian Finney-Smith,Dorian,1610612751,BKN,31.0,68,28,40,0.412,28.4,3.2,7.5,0.421,1.7,4.9,0.348,0.5,0.7,0.717,1.6,3.1,4.7,1.6,0.9,0.8,0.6,0.3,2.2,0.7,8.5,-1.6,19.8,0,0,19.3,148,221,67,375,122,217,196,401,108,98,267,385,390,366,73,170,129,243,254,159,143,329,106,369,213,378,204,257,38,201,1,2023-24,Dorian Finney-Smith (2023-24),98.25,3951,,
203926,Doug McDermott,Doug,1610612754,IND,32.0,64,22,42,0.344,14.1,1.9,4.4,0.433,1.5,3.6,0.41,0.2,0.3,0.579,0.2,0.8,0.9,1.1,0.4,0.3,0.0,0.1,1.0,0.2,5.5,-2.2,8.6,0,0,9.5,185,276,49,428,354,338,327,361,140,164,67,491,481,477,512,494,509,337,422,446,515,485,409,497,317,419,416,257,38,378,2,2023-24,Doug McDermott (2023-24),103.67,1970,,
203110,Draymond Green,Draymond,1610612744,GSW,34.0,55,33,22,0.6,27.1,3.4,6.8,0.497,0.9,2.3,0.395,1.0,1.3,0.73,1.4,5.9,7.2,6.0,2.5,1.0,0.9,0.3,3.0,2.2,8.6,3.1,29.5,10,1,26.5,258,173,302,170,142,207,216,156,241,264,106,239,231,350,100,37,44,28,40,80,59,279,17,108,212,75,94,59,16,114,1,2023-24,Draymond Green (2023-24),103.22,3211,,
1629234,Drew Eubanks,Drew,1610612756,PHX,27.0,75,42,33,0.56,15.6,2.0,3.4,0.601,0.0,0.0,1.0,1.0,1.2,0.774,1.4,2.9,4.3,0.8,0.8,0.4,0.8,0.3,1.5,1.2,5.1,-1.4,14.2,0,0,12.6,76,88,128,250,328,325,402,42,486,528,1,242,254,266,103,188,156,398,268,386,66,298,265,229,340,364,300,257,38,317,1,2023-24,Drew Eubanks (2023-24),99.66,2423,,
1641809,Drew Peterson,Drew,1610612738,BOS,24.0,3,3,0,1.0,7.6,1.3,2.0,0.667,1.0,1.7,0.6,0.0,0.0,0.0,0.0,0.3,0.3,0.3,0.3,0.7,0.0,0.0,0.3,0.0,3.7,2.7,6.2,0,0,6.7,549,489,560,1,480,422,490,12,221,334,7,531,538,531,545,537,549,514,452,223,520,525,522,547,416,96,477,257,38,456,1,2023-24,Drew Peterson (2023-24),105.8,50,,
1630696,Dru Smith,Dru,1610612748,MIA,26.0,9,7,2,0.778,14.5,1.7,3.7,0.455,0.8,1.9,0.412,0.2,0.2,1.0,0.7,0.9,1.6,1.6,0.6,1.0,0.3,0.1,1.3,0.7,4.3,-4.8,12.0,0,0,10.9,498,440,535,25,345,366,378,272,270,311,63,475,496,1,281,475,436,246,364,80,256,474,327,372,379,518,344,257,38,351,1,2023-24,Dru Smith (2023-24),99.74,271,,
1629130,Duncan Robinson,Duncan,1610612748,MIA,30.0,68,38,30,0.559,28.0,4.5,9.9,0.45,2.8,7.0,0.395,1.2,1.3,0.889,0.2,2.3,2.5,2.8,1.4,0.7,0.2,0.4,2.4,1.1,12.9,0.6,21.5,0,0,22.8,148,124,168,253,128,145,127,290,25,30,106,196,236,57,489,266,325,138,138,220,329,251,77,251,124,201,179,257,38,155,1,2023-24,Duncan Robinson (2023-24),98.06,3901,,
1641871,Duop Reath,Duop,1610612757,POR,28.0,68,17,51,0.25,17.9,3.4,7.3,0.461,1.3,3.6,0.359,1.0,1.4,0.742,1.4,2.3,3.7,1.0,0.8,0.5,0.6,0.5,2.4,1.4,9.1,-2.8,17.3,1,0,17.1,148,331,23,474,279,204,199,251,163,159,231,228,225,336,105,268,208,375,280,329,143,168,82,197,202,456,238,190,38,225,1,2023-24,Duop Reath (2023-24),98.42,2485,,
203939,Dwight Powell,Dwight,1610612742,DAL,32.0,63,38,25,0.603,13.3,1.1,1.7,0.679,0.0,0.0,0.333,1.0,1.4,0.708,1.5,1.9,3.4,1.3,0.5,0.4,0.3,0.2,1.8,1.7,3.3,0.0,11.1,1,0,9.5,191,124,242,166,371,451,510,11,494,527,302,231,218,377,83,326,237,278,384,355,268,404,193,160,437,248,361,190,38,379,1,2023-24,Dwight Powell (2023-24),102.57,1786,,
1629685,Dylan Windler,Dylan,1610612737,ATL,27.0,17,9,8,0.529,6.4,0.9,1.8,0.5,0.8,1.6,0.481,0.0,0.0,0.0,0.2,0.8,0.9,0.6,0.1,0.1,0.0,0.0,0.4,0.1,2.5,-0.9,4.8,0,0,5.1,453,412,456,287,501,483,504,139,276,343,17,531,538,531,506,495,505,458,539,511,520,525,521,539,470,330,506,257,38,499,3,2023-24,Dylan Windler (2023-24),101.61,227,,
1630700,Dyson Daniels,Dyson,1610612740,NOP,21.0,61,34,27,0.557,22.3,2.3,5.1,0.447,0.7,2.2,0.311,0.6,0.9,0.642,1.0,2.9,3.9,2.7,1.0,1.4,0.4,0.2,1.7,0.7,5.8,1.2,18.9,1,0,16.7,206,165,213,257,217,300,286,301,297,276,356,363,338,449,168,200,190,148,228,17,217,364,236,364,305,161,217,190,38,236,1,2023-24,Dyson Daniels (2023-24),100.03,2821,,
1630604,E.J. Liddell,E.J.,1610612740,NOP,23.0,8,3,5,0.375,2.9,0.1,0.8,0.167,0.0,0.6,0.0,0.3,0.3,1.0,0.0,0.6,0.6,0.1,0.3,0.3,0.3,0.0,0.3,0.1,0.5,-0.5,2.7,0,0,2.3,510,489,494,407,557,558,557,555,498,453,498,464,490,1,545,510,531,549,488,446,313,525,537,523,559,295,541,257,38,548,1,2023-24,E.J. Liddell (2023-24),108.13,53,,
1641734,Emoni Bates,Emoni,1610612739,CLE,20.0,15,8,7,0.533,8.9,1.0,3.3,0.306,0.7,2.2,0.303,0.1,0.3,0.25,0.1,0.9,0.9,0.7,0.5,0.1,0.1,0.2,0.3,0.5,2.7,-5.6,4.9,0,0,5.4,467,423,464,280,465,460,417,534,299,278,369,521,488,528,536,480,506,436,373,529,418,387,522,436,463,538,503,257,38,491,1,2023-24,Emoni Bates (2023-24),97.76,270,,
201569,Eric Gordon,Eric,1610612756,PHX,35.0,68,41,27,0.603,27.8,4.0,9.1,0.443,2.2,5.8,0.378,0.8,0.9,0.797,0.2,1.6,1.8,2.0,1.1,1.0,0.4,0.6,1.2,0.9,11.0,1.9,19.4,0,0,19.9,148,97,213,167,132,164,146,315,59,62,160,293,320,224,481,369,412,194,199,97,199,133,370,294,155,123,212,257,38,191,1,2023-24,Eric Gordon (2023-24),100.41,3956,,
1630647,Eugene Omoruyi,Eugene,1610612764,WAS,27.0,43,5,38,0.116,9.1,1.9,3.9,0.485,0.3,1.1,0.283,0.7,1.1,0.653,0.8,1.2,2.0,0.8,0.5,0.6,0.1,0.4,1.4,1.1,4.8,-3.2,10.2,1,0,9.4,330,466,77,552,460,345,360,182,402,407,407,297,272,444,226,433,386,408,400,242,436,230,294,257,353,475,379,190,38,384,1,2023-24,Eugene Omoruyi (2023-24),108.62,884,,
203095,Evan Fournier,Evan,1610612765,DET,31.0,32,8,24,0.25,18.1,2.5,6.9,0.357,1.0,4.1,0.254,0.9,1.1,0.806,0.2,1.7,1.8,1.5,0.7,0.9,0.2,0.2,1.5,0.6,6.9,-4.4,14.0,0,0,13.5,385,423,263,474,275,280,208,506,216,135,430,250,273,203,512,352,406,253,320,118,344,408,268,389,264,510,303,257,38,299,2,2023-24,Evan Fournier (2023-24),100.82,1221,,
1630596,Evan Mobley,Evan,1610612739,CLE,23.0,50,29,21,0.58,30.6,6.4,11.0,0.58,0.4,1.2,0.373,2.5,3.4,0.719,2.2,7.1,9.4,3.2,1.8,0.9,1.4,0.8,2.7,2.7,15.7,0.7,37.0,22,0,33.4,291,213,312,208,89,73,107,56,361,396,184,84,67,363,40,18,17,118,79,124,17,78,42,78,87,191,53,28,38,58,1,2023-24,Evan Mobley (2023-24),100.58,3209,,
1630196,Filip Petrusev,Filip,1610612755,PHI,24.0,3,2,1,0.667,3.1,0.3,0.7,0.5,0.0,0.0,0.0,0.3,0.7,0.5,0.0,0.3,0.3,0.0,0.0,0.0,0.0,0.0,0.3,0.3,1.0,2.0,1.4,0,0,1.3,549,511,546,76,549,548,561,139,498,541,498,434,391,494,545,537,549,553,550,539,520,525,522,469,544,116,560,257,38,560,2,2023-24,Filip Petrusev (2023-24),103.11,20,,
1628373,Frank Ntilikina,Frank,1610612766,CHA,25.0,5,0,5,0.0,8.6,0.2,1.8,0.111,0.2,1.6,0.125,0.4,0.4,1.0,0.2,1.0,1.2,0.8,0.2,0.0,0.0,0.0,0.8,0.2,1.0,-0.2,3.4,0,0,3.2,536,560,494,560,466,556,502,560,431,341,484,404,458,1,499,449,479,411,511,539,520,525,451,503,544,269,526,257,38,524,1,2023-24,Frank Ntilikina (2023-24),100.14,89,,
1630532,Franz Wagner,Franz,1610612753,ORL,22.0,72,44,28,0.611,32.5,7.3,15.2,0.482,1.3,4.6,0.281,3.8,4.4,0.85,1.0,4.3,5.3,3.7,1.9,1.1,0.4,1.1,2.3,3.8,19.7,2.8,34.1,0,0,33.0,108,72,193,158,67,52,54,192,161,114,408,39,41,117,169,82,97,92,74,68,226,25,85,39,53,89,61,257,38,66,1,2023-24,Franz Wagner (2023-24),98.46,4794,,
1627832,Fred VanVleet,Fred,1610612745,HOU,30.0,73,38,35,0.521,36.8,5.8,13.9,0.416,3.1,8.0,0.387,2.7,3.1,0.86,0.5,3.4,3.8,8.1,1.7,1.4,0.8,0.4,2.5,2.8,17.4,2.5,38.9,20,0,36.8,99,124,105,295,6,82,66,415,14,15,127,67,80,92,380,151,198,9,91,18,67,202,59,75,68,102,36,31,38,44,1,2023-24,Fred VanVleet (2023-24),99.44,5568,,
1627788,Furkan Korkmaz,Furkan,1610612755,PHI,26.0,35,22,13,0.629,8.6,0.9,2.2,0.395,0.4,1.1,0.35,0.4,0.6,0.7,0.1,0.7,0.9,0.7,0.3,0.4,0.1,0.1,0.5,0.5,2.5,1.3,5.8,0,0,5.5,373,276,412,123,468,486,482,457,375,399,258,404,411,388,526,499,515,429,475,363,478,511,504,440,471,152,486,257,38,490,1,2023-24,Furkan Korkmaz (2023-24),104.27,653,,
1641713,GG Jackson,GG,1610612763,MEM,19.0,48,14,34,0.292,25.7,5.0,11.7,0.428,2.1,6.0,0.357,2.4,3.2,0.752,1.1,3.0,4.1,1.2,1.4,0.6,0.5,0.8,1.3,2.1,14.6,-4.0,23.2,2,0,24.2,306,361,113,457,171,112,93,385,64,55,242,88,79,305,149,179,172,310,145,264,164,61,327,120,101,504,161,157,38,135,1,2023-24,GG Jackson (2023-24),100.0,2564,,
1629216,Gabe Vincent,Gabe,1610612747,LAL,28.0,11,7,4,0.636,19.8,1.4,4.5,0.306,0.3,2.5,0.107,0.1,0.2,0.5,0.4,0.5,0.8,1.9,0.5,0.8,0.0,0.2,1.7,0.4,3.1,2.8,8.9,0,0,7.7,485,440,510,108,252,417,325,534,412,241,494,516,508,494,416,528,518,208,414,160,520,417,221,461,449,90,409,257,38,429,1,2023-24,Gabe Vincent (2023-24),103.55,469,,
202066,Garrett Temple,Garrett,1610612761,TOR,38.0,27,5,22,0.185,10.7,1.1,2.9,0.372,0.4,1.5,0.3,0.7,0.8,0.818,0.7,1.0,1.7,1.0,0.5,0.4,0.1,0.2,1.0,0.7,3.3,-2.9,8.0,0,0,7.5,404,466,302,522,431,456,440,490,356,358,371,326,350,178,281,449,421,358,379,346,444,414,405,355,439,463,435,257,38,435,1,2023-24,Garrett Temple (2023-24),101.65,612,,
1629726,Garrison Mathews,Garrison,1610612737,ATL,27.0,66,29,37,0.439,15.0,1.6,3.4,0.456,1.3,2.9,0.44,0.5,0.6,0.81,0.3,1.1,1.4,0.6,0.3,0.3,0.1,0.1,1.7,1.0,4.9,-1.5,8.4,0,0,9.0,170,213,86,366,337,383,397,269,164,221,26,376,397,196,471,435,460,462,474,416,431,501,219,271,350,370,423,257,38,389,1,2023-24,Garrison Mathews (2023-24),101.65,2095,,
203914,Gary Harris,Gary,1610612753,ORL,29.0,54,35,19,0.648,24.0,2.4,5.5,0.441,1.4,3.8,0.371,0.6,0.8,0.756,0.4,1.2,1.7,1.6,0.6,0.9,0.3,0.1,1.7,0.7,6.9,1.7,14.3,0,0,13.9,271,155,337,102,196,285,266,325,150,145,192,344,346,297,384,419,420,233,356,117,308,445,226,372,262,135,297,257,38,288,1,2023-24,Gary Harris (2023-24),98.53,2664,,
1627780,Gary Payton II,Gary,1610612744,GSW,31.0,44,27,17,0.614,15.5,2.3,4.2,0.563,0.5,1.3,0.364,0.3,0.5,0.609,1.0,1.5,2.6,1.1,0.6,0.9,0.4,0.3,1.8,0.6,5.5,1.9,13.4,0,0,12.2,326,231,359,155,330,294,339,69,353,384,213,443,421,464,162,376,322,338,340,134,218,325,214,399,318,125,316,257,38,328,1,2023-24,Gary Payton II (2023-24),103.5,1465,,
1629018,Gary Trent Jr.,Gary,1610612761,TOR,25.0,71,24,47,0.338,28.1,5.1,11.9,0.426,2.5,6.4,0.393,1.0,1.4,0.771,0.4,2.3,2.6,1.7,0.7,1.1,0.1,0.4,1.4,1.1,13.7,-2.7,22.4,1,0,23.0,118,257,35,431,127,108,90,388,38,47,114,220,228,270,425,271,318,224,319,62,409,203,322,256,114,451,171,190,38,152,1,2023-24,Gary Trent Jr. (2023-24),100.18,4159,,
1627777,Georges Niang,Georges,1610612739,CLE,31.0,82,48,34,0.585,22.3,3.5,7.7,0.449,1.8,4.8,0.376,0.6,0.7,0.85,0.3,3.1,3.4,1.2,0.9,0.4,0.2,0.2,2.3,0.7,9.4,0.4,16.1,0,0,16.9,2,36,113,199,216,200,187,296,95,103,162,346,368,114,463,168,239,318,249,380,343,399,84,371,196,218,260,257,38,228,1,2023-24,Georges Niang (2023-24),98.61,3766,,
203507,Giannis Antetokounmpo,Giannis,1610612749,MIL,29.0,73,45,28,0.616,35.2,11.5,18.8,0.611,0.5,1.7,0.274,7.0,10.7,0.657,2.7,8.8,11.5,6.5,3.4,1.2,1.1,1.2,2.9,8.3,30.4,4.6,57.4,57,10,53.5,99,66,193,150,21,3,19,37,351,332,417,3,2,441,19,5,6,18,8,45,32,14,26,1,3,41,4,4,4,3,1,2023-24,Giannis Antetokounmpo (2023-24),102.1,5451,,
1629048,Goga Bitadze,Goga,1610612753,ORL,24.0,62,34,28,0.548,15.4,2.0,3.4,0.603,0.0,0.2,0.143,0.9,1.4,0.655,1.8,2.9,4.6,1.3,0.7,0.5,1.2,0.3,1.7,1.3,5.0,0.4,16.8,5,0,14.3,200,165,193,265,331,322,403,39,487,502,478,247,222,442,62,199,131,295,298,306,24,336,222,222,341,215,247,104,38,275,1,2023-24,Goga Bitadze (2023-24),97.85,1947,,
202330,Gordon Hayward,Gordon,1610612760,OKC,34.0,51,25,26,0.49,24.4,3.7,7.9,0.464,0.7,1.8,0.411,1.7,2.4,0.742,0.7,2.8,3.5,3.1,1.3,0.8,0.3,0.4,1.3,1.9,9.8,-2.6,20.5,0,0,19.3,284,247,230,328,192,181,180,236,286,321,65,131,125,337,247,208,222,123,154,176,310,261,334,131,187,442,195,257,38,200,2,2023-24,Gordon Hayward (2023-24),100.51,2617,,
1641711,Gradey Dick,Gradey,1610612761,TOR,20.0,60,18,42,0.3,21.1,3.2,7.4,0.425,1.5,4.0,0.365,0.7,0.9,0.863,0.5,1.8,2.2,1.1,0.8,0.6,0.0,0.4,1.5,0.8,8.5,-6.3,13.8,0,0,14.5,215,316,49,452,231,220,197,389,141,138,210,304,344,90,381,340,355,328,262,274,514,204,291,335,214,545,306,257,38,271,1,2023-24,Gradey Dick (2023-24),102.01,2693,,
1629684,Grant Williams,Grant,1610612766,CHA,25.0,76,34,42,0.447,28.0,3.6,8.0,0.456,1.7,4.4,0.375,1.4,1.8,0.757,1.1,3.1,4.2,2.3,1.4,0.6,0.5,0.4,3.0,2.3,10.3,-3.2,20.6,2,0,20.6,61,165,49,358,129,186,178,268,113,124,168,165,171,295,142,171,162,172,131,268,159,250,21,105,171,476,192,157,38,184,2,2023-24,Grant Williams (2023-24),99.74,4429,,
1628960,Grayson Allen,Grayson,1610612756,PHX,28.0,75,45,30,0.6,33.5,4.5,9.1,0.499,2.7,5.9,0.461,1.7,2.0,0.878,0.6,3.3,3.9,3.0,1.3,0.9,0.6,0.3,2.1,1.9,13.5,3.5,26.1,1,0,26.3,76,66,168,170,45,142,145,153,28,56,20,137,162,70,290,155,182,125,163,111,123,267,137,139,117,65,132,190,38,116,1,2023-24,Grayson Allen (2023-24),99.96,5232,,
1630535,Greg Brown III,Greg,1610612742,DAL,22.0,6,3,3,0.5,6.6,0.8,1.8,0.455,0.2,0.5,0.333,0.7,1.5,0.444,0.5,1.0,1.5,0.7,0.7,0.0,0.7,0.2,0.8,0.8,2.5,-1.5,6.6,0,0,6.2,525,489,529,300,497,491,500,272,440,463,302,326,196,519,346,449,440,436,314,539,98,428,450,325,472,372,469,257,38,468,1,2023-24,Greg Brown III (2023-24),113.53,94,,
1630611,Gui Santos,Gui,1610612744,GSW,22.0,23,17,6,0.739,8.4,1.2,2.4,0.509,0.4,1.2,0.37,0.7,0.7,0.941,0.7,1.4,2.1,0.6,0.3,0.2,0.1,0.2,1.0,0.5,3.6,0.7,7.5,0,0,7.3,420,331,481,40,474,440,471,127,364,398,194,321,363,30,250,397,362,451,469,487,475,424,409,414,422,189,445,257,38,443,1,2023-24,Gui Santos (2023-24),101.95,409,,
1628977,Hamidou Diallo,Hamidou,1610612764,WAS,25.0,2,1,1,0.5,2.4,0.5,1.0,0.5,0.0,0.0,0.0,0.0,0.0,0.0,1.0,0.0,1.0,0.5,0.5,1.0,0.0,0.0,0.5,0.0,1.0,2.0,5.5,0,0,4.5,555,538,546,300,566,528,542,139,498,541,498,531,538,531,169,557,493,474,385,80,520,525,497,547,544,116,496,257,38,506,1,2023-24,Hamidou Diallo (2023-24),106.11,11,,
203084,Harrison Barnes,Harrison,1610612758,SAC,32.0,82,46,36,0.561,29.0,4.2,8.9,0.474,1.8,4.7,0.387,1.9,2.4,0.801,0.8,2.2,3.0,1.2,0.7,0.7,0.1,0.3,1.2,2.0,12.2,-1.0,19.4,0,0,19.9,2,52,99,248,115,153,148,209,95,107,132,117,121,210,224,285,280,314,300,228,399,277,357,124,135,333,213,257,38,193,1,2023-24,Harrison Barnes (2023-24),100.69,4996,,
1628385,Harry Giles III,Harry,1610612747,LAL,26.0,23,11,12,0.478,4.3,1.0,2.2,0.46,0.1,0.6,0.214,0.3,0.6,0.538,0.5,0.8,1.3,0.3,0.3,0.1,0.1,0.1,0.7,0.4,2.4,-1.8,4.8,0,0,4.6,420,392,422,336,527,460,481,254,451,455,453,449,413,490,337,492,468,531,485,524,420,493,477,443,476,393,505,257,38,505,2,2023-24,Harry Giles III (2023-24),103.76,213,,
1629312,Haywood Highsmith,Haywood,1610612748,MIA,27.0,66,39,27,0.591,20.7,2.3,5.0,0.465,1.2,2.9,0.396,0.3,0.5,0.639,1.0,2.2,3.2,1.1,0.5,0.8,0.5,0.2,1.8,0.6,6.1,0.1,14.8,0,0,14.0,170,117,213,186,236,296,294,233,197,223,105,429,416,451,177,290,264,352,380,166,192,378,203,385,296,239,286,257,38,284,1,2023-24,Haywood Highsmith (2023-24),97.7,2769,,
1630929,Henri Drell,Henri,1610612741,CHI,24.0,4,2,2,0.5,7.5,1.0,2.5,0.4,0.5,1.5,0.333,0.3,0.5,0.5,0.3,0.8,1.0,1.0,0.5,0.5,0.3,0.3,1.5,0.3,2.8,1.5,7.2,0,0,6.8,542,511,535,300,481,460,458,442,339,352,302,464,422,494,473,497,493,363,385,314,313,342,268,490,459,140,454,257,38,454,1,2023-24,Henri Drell (2023-24),108.3,68,,
1630529,Herbert Jones,Herbert,1610612740,NOP,25.0,76,46,30,0.605,30.5,3.9,7.7,0.498,1.5,3.6,0.418,1.8,2.1,0.867,1.0,2.6,3.6,2.6,1.2,1.4,0.8,0.6,2.9,1.8,11.0,3.0,24.6,0,0,23.1,61,52,168,161,91,172,183,154,137,162,47,125,149,82,180,232,220,152,170,19,64,148,23,142,156,80,146,257,38,148,1,2023-24,Herbert Jones (2023-24),98.85,4767,,
1641816,Hunter Tyson,Hunter,1610612743,DEN,24.0,18,14,4,0.778,2.7,0.4,1.1,0.4,0.2,0.8,0.286,0.0,0.0,0.0,0.1,0.4,0.5,0.1,0.1,0.1,0.0,0.0,0.6,0.0,1.1,0.4,1.9,0,0,2.1,450,361,510,25,561,540,538,442,424,440,402,531,538,531,539,530,538,550,540,534,520,525,489,547,542,213,555,257,38,552,1,2023-24,Hunter Tyson (2023-24),110.55,113,,
1630641,Ibou Badji,Ibou,1610612757,POR,21.0,22,5,17,0.227,10.3,0.6,1.0,0.636,0.0,0.0,0.0,0.3,0.5,0.5,0.9,1.4,2.3,0.6,0.7,0.1,0.9,0.1,2.1,0.6,1.5,-4.1,7.7,0,0,6.5,427,466,359,501,438,511,542,28,498,541,498,457,416,494,196,396,342,457,306,505,49,455,138,385,522,505,442,257,38,457,1,2023-24,Ibou Badji (2023-24),100.97,470,,
1630193,Immanuel Quickley,Immanuel,1610612761,TOR,25.0,68,28,40,0.412,29.2,5.7,13.1,0.434,2.5,6.4,0.395,3.1,3.6,0.853,0.3,3.6,3.8,4.9,1.5,0.7,0.1,0.7,1.8,2.8,17.0,-0.5,30.0,8,0,30.0,148,221,67,375,111,86,76,357,37,48,108,56,63,110,473,131,197,61,119,196,397,110,214,70,74,295,87,73,38,80,2,2023-24,Immanuel Quickley (2023-24),100.43,4157,,
1630171,Isaac Okoro,Isaac,1610612739,CLE,23.0,69,41,28,0.594,27.3,3.4,7.0,0.49,1.2,3.1,0.391,1.3,2.0,0.679,1.0,2.0,3.0,1.9,0.8,0.8,0.5,0.5,2.0,1.7,9.4,0.6,19.0,0,0,18.1,138,97,193,180,138,202,207,168,183,197,121,170,157,413,181,308,286,207,275,156,172,158,150,156,195,198,216,257,38,216,1,2023-24,Isaac Okoro (2023-24),98.24,3838,,
1628392,Isaiah Hartenstein,Isaiah,1610612752,NYK,26.0,75,47,28,0.627,25.3,3.1,4.9,0.644,0.0,0.0,0.333,1.5,2.1,0.707,3.3,5.1,8.3,2.5,1.2,1.2,1.1,0.4,2.8,1.8,7.8,5.4,27.2,10,0,23.2,76,45,193,126,178,223,302,26,497,528,302,159,145,379,7,50,28,159,165,49,25,242,33,144,234,22,120,59,38,146,1,2023-24,Isaiah Hartenstein (2023-24),97.89,3876,,
1630543,Isaiah Jackson,Isaiah,1610612754,IND,22.0,60,37,23,0.617,12.8,2.6,3.9,0.665,0.0,0.1,0.0,1.2,1.7,0.716,1.6,2.4,4.0,0.8,0.7,0.6,1.0,0.4,2.3,1.6,6.4,0.5,16.5,4,0,14.4,215,139,292,148,378,265,361,17,498,523,498,185,179,367,79,255,180,399,327,274,38,252,91,174,288,207,251,120,38,273,1,2023-24,Isaiah Jackson (2023-24),104.64,1673,,
1630198,Isaiah Joe,Isaiah,1610612760,OKC,24.0,78,54,24,0.692,18.5,2.8,6.2,0.458,1.9,4.5,0.416,0.6,0.7,0.865,0.4,1.9,2.3,1.3,0.6,0.6,0.3,0.2,1.1,1.2,8.2,4.5,14.8,0,0,15.4,43,18,263,64,268,237,240,265,88,118,51,355,391,86,397,321,344,296,343,258,295,401,384,241,222,44,285,257,38,254,1,2023-24,Isaiah Joe (2023-24),103.43,3144,,
1630587,Isaiah Livers,Isaiah,1610612765,DET,25.0,23,1,22,0.043,20.4,1.7,5.0,0.345,1.0,3.3,0.286,0.5,0.8,0.667,0.7,1.4,2.1,1.1,0.7,0.6,0.2,0.3,1.9,0.7,5.0,-8.7,10.7,0,0,10.7,420,538,302,559,240,356,288,516,235,184,402,374,356,424,289,392,370,341,302,278,345,265,179,381,348,568,367,257,38,356,1,2023-24,Isaiah Livers (2023-24),103.54,1011,,
1630600,Isaiah Mobley,Isaiah,1610612739,CLE,24.0,10,2,8,0.2,7.2,1.0,2.4,0.417,0.3,1.0,0.3,0.0,0.1,0.0,0.3,0.7,1.0,0.6,0.2,0.2,0.0,0.2,0.6,0.2,2.3,-3.0,4.8,0,0,4.6,493,511,456,510,491,460,469,409,404,410,371,531,523,531,444,502,493,454,511,467,520,387,484,503,484,464,504,257,38,503,1,2023-24,Isaiah Mobley (2023-24),96.44,144,,
1630191,Isaiah Stewart,Isaiah,1610612765,DET,23.0,46,9,37,0.196,30.9,4.0,8.3,0.487,1.5,3.8,0.383,1.4,1.8,0.753,1.6,5.0,6.6,1.6,1.4,0.4,0.8,0.4,2.2,1.8,10.9,-2.9,23.4,5,0,23.0,315,412,86,514,87,163,168,176,144,144,147,168,170,303,72,54,56,240,130,378,63,249,121,149,160,461,159,104,38,152,1,2023-24,Isaiah Stewart (2023-24),100.63,2979,,
202738,Isaiah Thomas,Isaiah,1610612756,PHX,35.0,6,4,2,0.667,3.2,0.5,1.7,0.3,0.3,0.7,0.5,0.0,0.0,0.0,0.0,0.0,0.0,0.5,0.0,0.0,0.0,0.3,0.0,0.3,1.3,-2.3,2.1,0,0,2.2,525,482,535,76,548,528,511,536,392,449,9,531,538,531,545,557,561,474,550,539,520,272,556,469,533,425,552,257,38,549,1,2023-24,Isaiah Thomas (2023-24),100.29,42,,
1631209,Isaiah Wong,Isaiah,1610612754,IND,23.0,1,1,0,1.0,4.3,1.0,3.0,0.333,0.0,1.0,0.0,0.0,0.0,0.0,0.0,0.0,0.0,0.0,0.0,0.0,0.0,0.0,0.0,0.0,2.0,-5.0,2.0,0,0,2.0,565,538,560,1,530,460,430,521,498,410,498,531,538,531,545,557,561,553,550,539,520,525,556,547,498,526,553,257,38,553,1,2023-24,Isaiah Wong (2023-24),95.25,8,,
202397,Ish Smith,Ish,1610612766,CHA,35.0,43,6,37,0.14,17.2,1.5,3.7,0.418,0.1,0.2,0.5,0.1,0.1,0.75,0.3,1.5,1.8,3.4,1.1,0.4,0.1,0.2,1.1,0.3,3.2,-6.5,10.8,0,0,9.4,330,458,86,546,290,390,376,405,470,505,9,520,529,307,472,380,413,109,196,368,466,437,376,475,443,550,366,257,38,382,1,2023-24,Ish Smith (2023-24),100.59,1549,,
1630688,Ish Wainright,Ish,1610612756,PHX,29.0,11,2,9,0.182,5.7,0.6,2.2,0.292,0.6,1.8,0.35,0.2,0.2,1.0,0.3,1.0,1.3,0.1,0.2,0.4,0.1,0.0,0.7,0.2,2.1,-0.4,4.9,0,0,5.0,485,511,444,523,509,511,479,540,304,318,258,487,508,1,460,449,472,552,518,383,468,525,461,510,495,285,501,257,38,500,2,2023-24,Ish Wainright (2023-24),108.48,144,,
1627826,Ivica Zubac,Ivica,1610612746,LAC,27.0,68,42,26,0.618,26.4,5.0,7.6,0.649,0.0,0.0,0.0,1.8,2.4,0.723,2.9,6.3,9.2,1.4,1.2,0.3,1.2,0.6,2.6,2.0,11.7,2.7,28.2,23,0,25.3,148,88,230,142,160,120,191,23,498,541,498,129,117,357,15,26,20,273,188,406,19,133,47,122,143,95,106,25,38,126,1,2023-24,Ivica Zubac (2023-24),96.89,3628,,
1631167,Izaiah Brockington,Izaiah,1610612740,NOP,24.0,1,1,0,1.0,3.4,2.0,5.0,0.4,0.0,1.0,0.0,0.0,0.0,0.0,1.0,1.0,2.0,0.0,0.0,0.0,0.0,1.0,0.0,0.0,4.0,3.0,6.4,0,0,6.0,565,538,560,1,546,326,292,442,498,410,498,531,538,531,169,449,377,553,550,539,520,34,556,547,398,81,476,257,38,473,1,2023-24,Izaiah Brockington (2023-24),120.59,8,,
1631120,JD Davison,JD,1610612738,BOS,21.0,8,8,0,1.0,4.9,0.6,1.5,0.417,0.4,0.9,0.429,0.4,0.5,0.75,0.3,1.0,1.3,1.3,0.3,0.1,0.1,0.0,0.5,0.4,2.0,2.9,5.9,0,0,5.4,510,423,560,1,520,514,519,409,381,433,34,415,422,307,473,449,474,299,488,508,422,525,497,460,498,86,485,257,38,492,1,2023-24,JD Davison (2023-24),107.66,86,,
1630550,JT Thor,JT,1610612766,CHA,21.0,63,16,47,0.254,12.4,1.3,2.9,0.437,0.4,1.3,0.346,0.2,0.3,0.55,0.7,1.6,2.3,0.5,0.2,0.2,0.4,0.2,1.0,0.3,3.2,-0.8,8.2,0,0,7.6,191,343,35,473,390,433,438,343,356,380,278,489,478,488,274,354,343,488,501,486,201,355,437,483,448,317,430,257,38,434,1,2023-24,JT Thor (2023-24),99.86,1625,,
1629630,Ja Morant,Ja,1610612763,MEM,24.0,9,6,3,0.667,35.3,8.9,18.9,0.471,1.6,5.7,0.275,5.8,7.1,0.813,0.7,4.9,5.6,8.1,3.0,0.8,0.6,1.8,2.1,5.3,25.1,1.2,44.9,3,0,43.0,498,458,529,76,17,20,15,221,130,66,416,10,8,192,281,59,80,8,17,179,146,2,129,12,18,155,15,135,38,19,1,2023-24,Ja Morant (2023-24),101.08,675,,
201580,JaVale McGee,JaVale,1610612758,SAC,36.0,46,28,18,0.609,7.4,1.7,2.9,0.598,0.0,0.2,0.143,0.6,1.0,0.578,0.9,1.8,2.7,0.4,0.7,0.3,0.4,0.1,1.0,0.8,4.0,0.2,9.3,0,0,8.6,315,221,348,159,487,357,444,46,492,510,478,359,317,478,194,330,306,508,287,414,200,478,409,320,397,237,400,257,38,404,1,2023-24,JaVale McGee (2023-24),105.02,752,,
1631095,Jabari Smith Jr.,Jabari,1610612745,HOU,21.0,76,39,37,0.513,31.9,5.0,11.0,0.454,1.8,5.0,0.363,2.0,2.4,0.811,1.8,6.3,8.1,1.6,1.2,0.7,0.8,0.7,2.6,1.8,13.7,-1.1,29.1,16,0,28.2,61,117,86,296,75,116,110,278,97,95,219,110,119,195,60,28,34,237,185,217,69,91,49,143,113,341,97,43,38,96,1,2023-24,Jabari Smith Jr. (2023-24),99.8,5045,,
1631133,Jabari Walker,Jabari,1610612757,POR,21.0,72,18,54,0.25,23.6,3.3,7.1,0.46,0.6,1.9,0.295,1.8,2.4,0.754,2.1,5.0,7.1,1.0,0.9,0.6,0.3,0.9,2.4,1.9,8.9,-4.7,20.6,11,0,19.3,108,316,14,474,199,211,204,257,322,304,388,126,123,300,46,56,48,374,234,264,276,54,74,135,205,517,194,57,38,201,1,2023-24,Jabari Walker (2023-24),98.44,3484,,
1631298,Jack White,Jack,1610612760,OKC,26.0,4,0,4,0.0,15.9,0.5,4.0,0.125,0.5,2.5,0.2,0.0,0.0,0.0,1.0,2.0,3.0,0.3,0.5,1.0,0.3,0.0,0.8,0.0,1.5,-7.0,8.7,0,0,7.8,542,560,510,560,318,528,352,559,339,245,460,531,538,531,169,309,285,532,385,80,313,525,455,547,523,554,413,257,38,428,1,2023-24,Jack White (2023-24),102.56,137,,
1631367,Jacob Gilyard,Jacob,1610612751,BKN,25.0,41,12,29,0.293,17.0,1.5,3.7,0.4,1.2,3.1,0.405,0.0,0.0,1.0,0.2,0.9,1.1,3.3,0.7,0.8,0.1,0.1,1.0,0.3,4.2,-4.2,12.6,0,0,11.8,346,384,179,456,296,405,379,442,173,204,76,528,535,1,490,474,488,114,290,163,430,471,438,468,386,508,328,257,38,336,2,2023-24,Jacob Gilyard (2023-24),97.53,1418,,
1631210,Jacob Toppin,Jacob,1610612752,NYK,24.0,9,2,7,0.222,4.2,0.6,1.0,0.556,0.1,0.4,0.25,0.2,0.2,1.0,0.3,0.4,0.8,0.3,0.1,0.0,0.1,0.1,0.3,0.1,1.4,-1.8,3.1,0,0,2.9,498,511,464,502,532,520,542,79,460,474,431,475,496,1,430,530,520,514,540,539,444,474,522,528,528,392,534,257,38,534,1,2023-24,Jacob Toppin (2023-24),94.99,75,,
1630702,Jaden Hardy,Jaden,1610612742,DAL,21.0,73,44,29,0.603,13.6,2.7,6.6,0.407,1.1,3.1,0.362,0.8,1.0,0.776,0.3,1.5,1.8,1.5,0.8,0.3,0.1,0.4,1.1,1.1,7.3,-1.7,11.9,0,0,12.4,99,72,179,169,369,251,223,430,203,208,221,276,286,264,459,378,411,259,257,417,502,245,391,260,246,387,348,257,38,321,1,2023-24,Jaden Hardy (2023-24),103.38,2136,,
1631093,Jaden Ivey,Jaden,1610612765,DET,22.0,77,14,63,0.182,28.8,5.4,12.6,0.429,1.6,4.8,0.336,2.9,3.9,0.749,1.1,2.3,3.4,3.8,2.5,0.7,0.5,1.1,2.6,2.9,15.4,-4.5,26.6,2,0,26.8,54,361,2,523,117,99,82,378,121,104,297,61,52,327,146,267,232,89,39,193,154,19,46,65,92,515,126,157,38,111,1,2023-24,Jaden Ivey (2023-24),101.74,4706,,
1630183,Jaden McDaniels,Jaden,1610612750,MIN,23.0,72,48,24,0.667,29.2,4.3,8.7,0.489,1.2,3.5,0.337,0.8,1.1,0.722,0.8,2.3,3.1,1.4,1.2,0.9,0.6,0.4,3.0,1.3,10.5,2.2,19.5,0,0,19.1,108,36,263,76,110,151,153,171,188,172,292,280,278,360,235,263,272,268,177,139,131,240,15,215,167,109,210,257,38,206,1,2023-24,Jaden McDaniels (2023-24),97.36,4268,,
1630531,Jaden Springer,Jaden,1610612738,BOS,21.0,49,32,17,0.653,10.3,1.2,3.0,0.399,0.2,1.0,0.208,0.7,0.9,0.833,0.7,0.9,1.6,0.9,0.7,0.7,0.3,0.3,1.3,0.8,3.3,-0.6,9.0,0,0,8.1,302,183,359,97,436,443,428,449,430,423,456,314,340,135,276,471,428,387,303,198,275,281,323,343,434,305,408,257,38,419,2,2023-24,Jaden Springer (2023-24),99.98,1046,,
203109,Jae Crowder,Jae,1610612749,MIL,33.0,50,25,25,0.5,23.1,2.3,5.4,0.422,1.2,3.3,0.349,0.5,0.7,0.722,0.6,2.6,3.2,1.3,0.5,0.8,0.2,0.2,1.5,0.7,6.2,-1.4,14.4,0,0,13.8,291,247,242,300,205,299,275,399,194,185,262,375,372,358,295,234,256,283,410,185,372,438,281,368,292,362,290,257,38,290,1,2023-24,Jae Crowder (2023-24),101.49,2441,,
1630256,Jae'Sean Tate,Jae'Sean,1610612745,HOU,28.0,65,32,33,0.492,15.9,1.7,3.5,0.472,0.4,1.2,0.299,0.4,0.6,0.667,0.9,2.1,3.0,1.0,0.6,0.6,0.2,0.3,2.1,0.9,4.1,1.2,11.3,0,0,10.2,181,183,128,327,319,369,385,214,388,392,376,404,403,424,190,300,281,376,357,236,331,332,133,313,394,158,359,257,38,368,1,2023-24,Jae'Sean Tate (2023-24),101.59,2168,,
1630186,Jahmi'us Ramsey,Jahmi'us,1610612761,TOR,23.0,7,0,7,0.0,17.3,2.6,5.9,0.439,0.9,3.1,0.273,0.7,0.9,0.833,0.6,2.6,3.1,1.1,1.0,1.0,0.0,0.3,1.4,0.7,6.7,-4.0,14.2,0,0,13.9,518,560,464,560,289,267,254,336,249,194,418,314,340,135,312,236,269,327,211,80,520,311,299,356,275,503,299,257,38,289,1,2023-24,Jahmi'us Ramsey (2023-24),102.87,259,,
1631170,Jaime Jaquez Jr.,Jaime,1610612748,MIA,23.0,75,44,31,0.587,28.2,4.5,9.3,0.489,0.9,2.7,0.322,1.9,2.3,0.811,1.1,2.7,3.8,2.6,1.5,1.0,0.3,0.8,2.2,1.8,11.9,1.4,22.7,1,0,21.7,76,72,149,195,125,141,139,170,244,235,341,120,129,194,150,219,200,153,122,72,303,59,101,145,141,146,170,190,38,169,1,2023-24,Jaime Jaquez Jr. (2023-24),98.22,4319,,
1631222,Jake LaRavia,Jake,1610612763,MEM,22.0,35,8,27,0.229,23.0,3.4,8.7,0.389,1.5,4.5,0.34,2.6,3.1,0.826,1.5,2.2,3.7,1.7,1.3,0.8,0.3,0.7,2.0,2.1,10.8,-3.3,19.9,2,0,20.0,373,423,213,500,207,206,155,469,135,120,285,76,82,161,92,289,212,227,158,155,251,112,162,115,165,479,203,157,38,190,1,2023-24,Jake LaRavia (2023-24),99.45,1668,,
1627751,Jakob Poeltl,Jakob,1610612761,TOR,28.0,50,21,29,0.42,26.4,5.0,7.6,0.656,0.0,0.0,0.0,1.2,2.1,0.551,2.9,5.7,8.6,2.5,1.5,0.7,1.5,0.7,3.0,2.0,11.1,-0.3,30.3,20,0,26.7,291,289,179,370,161,119,195,19,498,541,498,195,137,486,13,42,25,156,113,209,14,90,20,128,152,284,84,31,38,112,1,2023-24,Jakob Poeltl (2023-24),100.54,2763,,
1628973,Jalen Brunson,Jalen,1610612752,NYK,27.0,77,49,28,0.636,35.4,10.3,21.4,0.479,2.7,6.8,0.401,5.5,6.5,0.847,0.6,3.1,3.6,6.7,2.4,0.9,0.2,0.8,1.9,6.2,28.7,6.6,44.0,9,0,44.0,54,29,193,108,16,6,3,199,27,34,86,13,16,120,323,172,217,16,42,114,380,63,178,6,5,9,20,64,38,16,1,2023-24,Jalen Brunson (2023-24),96.68,5508,,
1630622,Jalen Crutcher,Jalen,1610612740,NOP,24.0,1,1,0,1.0,2.7,0.0,1.0,0.0,0.0,0.0,0.0,0.0,0.0,0.0,0.0,0.0,0.0,0.0,0.0,0.0,0.0,0.0,0.0,0.0,0.0,1.0,0.0,0,0,0.0,565,538,560,1,562,561,542,561,498,541,498,531,538,531,545,557,561,553,550,539,520,525,556,547,563,170,568,257,38,568,1,2023-24,Jalen Crutcher (2023-24),90.57,5,,
1631105,Jalen Duren,Jalen,1610612765,DET,20.0,61,13,48,0.213,29.1,5.7,9.2,0.619,0.0,0.1,0.0,2.3,3.0,0.79,3.1,8.5,11.6,2.4,2.1,0.5,0.8,0.8,3.1,2.4,13.8,-5.1,33.2,44,0,30.4,206,377,31,507,113,85,141,32,498,524,498,91,89,238,10,7,5,164,60,292,73,82,9,90,111,531,67,8,38,77,1,2023-24,Jalen Duren (2023-24),101.02,3730,,
1630224,Jalen Green,Jalen,1610612745,HOU,22.0,82,41,41,0.5,31.7,6.9,16.2,0.423,2.5,7.4,0.332,3.5,4.3,0.804,0.5,4.7,5.2,3.5,2.3,0.8,0.3,1.3,1.4,3.4,19.6,0.4,32.3,7,1,33.1,2,97,59,300,76,60,40,397,42,23,324,47,44,207,346,67,106,101,45,163,252,10,305,49,54,218,75,84,16,64,1,2023-24,Jalen Green (2023-24),100.26,5448,,
1641720,Jalen Hood-Schifino,Jalen,1610612747,LAL,21.0,21,10,11,0.476,5.2,0.5,2.1,0.222,0.1,0.7,0.133,0.6,1.0,0.6,0.1,0.5,0.6,0.4,0.4,0.1,0.1,0.2,0.6,0.5,1.6,-2.6,3.2,0,0,3.2,435,403,436,338,514,537,484,551,469,444,483,358,319,469,532,518,533,506,425,503,464,355,479,430,517,440,530,257,38,525,1,2023-24,Jalen Hood-Schifino (2023-24),103.5,235,,
1630552,Jalen Johnson,Jalen,1610612737,ATL,22.0,56,27,29,0.482,33.7,6.4,12.5,0.511,1.3,3.6,0.355,1.9,2.6,0.728,1.3,7.4,8.7,3.6,1.8,1.2,0.8,0.9,2.4,2.2,16.0,-1.4,36.2,19,1,33.7,252,231,179,333,42,72,83,123,167,167,247,119,106,352,110,14,24,96,78,43,61,51,81,110,82,359,55,34,16,57,1,2023-24,Jalen Johnson (2023-24),103.77,4084,,
1629667,Jalen McDaniels,Jalen,1610612761,TOR,26.0,50,12,38,0.24,10.8,1.3,3.8,0.344,0.2,1.4,0.169,0.5,0.7,0.73,0.4,1.2,1.6,0.7,0.6,0.4,0.1,0.4,1.0,0.5,3.4,-3.2,7.3,0,0,6.9,291,384,77,493,430,427,369,517,421,368,472,368,362,350,421,427,431,423,344,375,432,256,404,409,431,478,452,257,38,449,1,2023-24,Jalen McDaniels (2023-24),101.84,1141,,
1629618,Jalen Pickett,Jalen,1610612743,DEN,24.0,27,20,7,0.741,4.5,0.6,1.3,0.429,0.3,0.9,0.36,0.1,0.1,0.75,0.0,0.5,0.5,0.8,0.3,0.1,0.0,0.0,0.5,0.1,1.6,0.0,3.5,0,0,3.5,404,297,464,39,526,520,525,378,392,429,224,505,513,307,544,525,537,416,452,502,520,519,505,528,520,260,522,257,38,521,1,2023-24,Jalen Pickett (2023-24),100.31,257,,
1641771,Jalen Slawson,Jalen,1610612758,SAC,24.0,12,8,4,0.667,3.1,0.3,0.5,0.667,0.0,0.2,0.0,0.0,0.0,0.0,0.1,0.5,0.6,0.2,0.2,0.1,0.1,0.0,0.7,0.1,0.7,-0.5,2.0,0,0,1.8,482,423,510,76,551,548,565,12,498,507,498,531,538,531,534,519,534,545,524,525,479,525,470,535,554,295,554,257,38,557,1,2023-24,Jalen Slawson (2023-24),96.71,75,,
1630188,Jalen Smith,Jalen,1610612754,IND,24.0,61,36,25,0.59,17.2,3.8,6.5,0.592,1.0,2.4,0.424,1.2,1.7,0.692,1.8,3.7,5.5,1.0,0.7,0.3,0.6,0.2,2.0,1.6,9.9,-0.2,20.0,5,0,19.2,206,146,242,187,293,174,229,50,221,262,41,194,178,397,58,118,84,359,293,429,115,376,149,177,186,271,200,104,38,203,1,2023-24,Jalen Smith (2023-24),102.98,2231,,
1630591,Jalen Suggs,Jalen,1610612753,ORL,23.0,75,43,32,0.573,27.0,4.5,9.5,0.471,2.0,5.1,0.397,1.6,2.1,0.756,0.6,2.4,3.1,2.7,1.8,1.4,0.6,0.3,2.7,2.4,12.6,0.6,24.7,0,0,24.5,76,79,137,221,146,144,134,221,74,85,98,150,147,296,290,253,278,144,87,15,113,267,39,91,128,196,143,257,38,134,1,2023-24,Jalen Suggs (2023-24),99.85,4212,,
1631114,Jalen Williams,Jalen,1610612760,OKC,23.0,71,51,20,0.718,31.3,7.5,14.0,0.54,1.5,3.4,0.427,2.5,3.1,0.814,0.5,3.5,4.0,4.5,1.7,1.1,0.6,0.7,2.5,2.6,19.1,5.4,34.2,3,0,32.6,118,26,321,45,85,47,65,87,145,182,38,80,83,187,339,141,179,67,90,56,110,94,65,83,61,24,60,135,38,69,1,2023-24,Jalen Williams (2023-24),102.94,4752,,
1630592,Jalen Wilson,Jalen,1610612751,BKN,23.0,43,14,29,0.326,15.5,1.8,4.2,0.425,0.6,1.7,0.324,0.9,1.1,0.826,1.1,2.0,3.0,1.0,0.4,0.3,0.1,0.3,1.1,0.8,5.0,-0.1,10.8,1,0,10.3,330,361,179,442,329,353,338,390,325,329,338,254,280,158,151,318,279,353,418,444,466,338,383,338,344,262,364,190,38,364,1,2023-24,Jalen Wilson (2023-24),97.01,1351,,
1631288,Jamal Cain,Jamal,1610612748,MIA,25.0,26,14,12,0.538,10.0,1.3,3.0,0.43,0.4,1.2,0.355,0.7,0.9,0.783,0.6,0.8,1.4,0.4,0.3,0.4,0.2,0.1,0.8,0.6,3.7,-1.0,7.4,0,0,7.1,406,361,422,278,445,426,427,372,368,390,248,322,331,252,309,483,454,504,468,374,362,472,449,403,413,338,446,257,38,445,1,2023-24,Jamal Cain (2023-24),100.78,540,,
1627750,Jamal Murray,Jamal,1610612743,DEN,27.0,59,44,15,0.746,31.5,8.0,16.7,0.481,2.5,5.8,0.425,2.7,3.1,0.853,0.7,3.4,4.1,6.5,2.1,1.0,0.7,0.9,1.8,2.7,21.2,5.3,38.6,11,0,37.5,225,72,390,37,81,32,36,194,41,64,39,73,81,109,261,146,170,19,57,98,101,56,210,76,40,27,39,57,38,41,1,2023-24,Jamal Murray (2023-24),97.75,3790,,
1631123,Jamaree Bouyea,Jamaree,1610612759,SAS,25.0,9,2,7,0.222,10.5,1.1,3.1,0.357,0.1,1.0,0.111,0.0,0.0,0.0,0.3,1.8,2.1,1.2,1.0,0.1,0.0,0.2,1.1,0.1,2.3,-1.7,6.0,0,0,6.0,498,511,464,502,434,453,423,507,460,410,492,531,538,531,430,337,366,312,211,514,520,367,387,528,481,384,481,257,38,473,2,2023-24,Jamaree Bouyea (2023-24),100.65,199,,
1630547,James Bouknight,James,1610612766,CHA,23.0,14,0,14,0.0,5.8,1.3,2.9,0.439,0.9,2.1,0.433,0.1,0.1,0.5,0.1,0.6,0.6,0.4,0.1,0.1,0.1,0.1,0.2,0.2,3.6,-0.8,5.3,0,0,5.9,475,560,406,560,507,429,437,336,240,283,30,518,514,494,535,516,530,498,532,526,490,448,547,499,421,320,498,257,38,480,1,2023-24,James Bouknight (2023-24),98.2,166,,
201935,James Harden,James,1610612746,LAC,34.0,72,46,26,0.639,34.3,4.9,11.4,0.428,2.6,6.8,0.381,4.2,4.8,0.878,0.5,4.7,5.1,8.5,2.6,1.1,0.8,0.6,1.8,3.3,16.6,4.0,38.5,23,3,36.5,108,52,230,107,32,125,102,383,35,36,150,29,37,69,367,68,108,5,34,66,70,138,208,54,78,51,40,25,8,46,1,2023-24,James Harden (2023-24),96.87,4988,,
201949,James Johnson,James,1610612754,IND,37.0,9,4,5,0.444,5.2,0.3,1.1,0.3,0.0,0.2,0.0,0.2,0.2,1.0,0.1,0.3,0.4,0.9,0.6,0.6,0.1,0.2,1.0,0.2,0.9,0.6,4.2,0,0,3.6,498,482,494,359,512,548,538,536,498,503,498,475,496,1,527,537,543,390,364,280,444,367,409,498,549,202,514,257,38,518,1,2023-24,James Johnson (2023-24),104.25,103,,
1630164,James Wiseman,James,1610612765,DET,23.0,63,9,54,0.143,17.3,3.0,4.8,0.613,0.0,0.0,0.0,1.1,1.6,0.706,1.7,3.6,5.3,0.9,1.0,0.2,0.6,0.3,2.2,1.3,7.1,-5.2,16.1,7,0,14.9,191,412,14,542,288,228,304,36,498,533,498,199,186,380,64,129,93,394,203,477,119,289,100,204,253,533,258,84,38,261,1,2023-24,James Wiseman (2023-24),102.13,2315,,
1641716,Jarace Walker,Jarace,1610612754,IND,20.0,33,18,15,0.545,10.3,1.4,3.3,0.409,0.7,1.7,0.4,0.2,0.3,0.889,0.4,1.5,1.9,1.2,0.5,0.5,0.3,0.0,0.9,0.4,3.6,0.6,9.6,0,0,9.0,380,316,390,270,437,417,409,427,299,334,87,471,485,57,416,371,397,313,380,343,256,522,443,461,418,199,391,257,38,390,1,2023-24,Jarace Walker (2023-24),104.41,740,,
1630215,Jared Butler,Jared,1610612764,WAS,23.0,40,6,34,0.15,14.1,2.5,5.0,0.488,0.6,2.0,0.308,0.8,0.9,0.861,0.2,1.2,1.5,3.2,1.3,0.7,0.2,0.3,1.5,1.1,6.3,-1.2,14.3,1,0,13.3,349,458,113,540,353,283,291,174,317,299,363,285,326,91,486,425,448,120,164,201,354,282,291,263,289,350,296,190,38,302,1,2023-24,Jared Butler (2023-24),103.36,1217,,
1631197,Jared Rhoden,Jared,1610612765,DET,24.0,17,2,15,0.118,14.4,1.9,3.9,0.5,0.7,1.8,0.387,0.3,0.5,0.625,0.2,1.8,1.9,0.8,0.4,0.2,0.8,0.2,1.6,0.4,4.9,-2.3,10.9,0,0,10.2,453,511,390,551,348,335,362,139,293,317,129,453,439,457,506,339,393,405,432,483,78,421,241,450,352,423,363,257,38,366,1,2023-24,Jared Rhoden (2023-24),99.72,513,,
1628991,Jaren Jackson Jr.,Jaren,1610612763,MEM,24.0,66,22,44,0.333,32.2,7.8,17.6,0.444,1.8,5.5,0.32,5.1,6.3,0.808,1.3,4.2,5.5,2.3,2.4,1.2,1.6,1.8,3.6,5.7,22.5,-5.2,38.7,5,0,37.8,170,276,40,432,72,38,28,310,104,72,346,16,18,198,120,84,82,169,41,38,13,1,3,7,33,532,38,104,38,38,1,2023-24,Jaren Jackson Jr. (2023-24),100.01,4418,,
1629020,Jarred Vanderbilt,Jarred,1610612747,LAL,25.0,29,14,15,0.483,20.0,2.0,3.9,0.518,0.3,0.9,0.296,0.8,1.2,0.667,1.4,3.3,4.8,1.2,1.0,1.2,0.2,0.4,1.5,1.4,5.2,1.5,16.0,0,0,14.3,397,361,390,332,245,321,357,116,411,428,384,269,253,424,94,154,126,307,229,34,376,198,279,198,337,143,263,257,38,276,1,2023-24,Jarred Vanderbilt (2023-24),103.85,1253,,
1628386,Jarrett Allen,Jarrett,1610612739,CLE,26.0,77,46,31,0.597,31.7,6.7,10.6,0.634,0.0,0.1,0.0,3.0,4.1,0.742,3.2,7.4,10.5,2.7,1.6,0.7,1.1,1.0,1.9,4.3,16.5,2.6,36.9,42,0,33.2,54,52,149,179,77,64,116,29,498,519,498,58,50,335,9,15,13,145,108,215,36,42,174,29,80,99,54,11,38,59,1,2023-24,Jarrett Allen (2023-24),98.66,5002,,
1630554,Jason Preston,Jason,1610612762,UTA,24.0,7,2,5,0.286,10.2,0.9,2.7,0.316,0.0,0.4,0.0,0.0,0.0,0.0,0.9,1.6,2.4,2.3,0.3,0.3,0.1,0.3,0.4,0.0,1.7,3.3,9.1,0,0,7.3,518,511,494,459,441,486,449,529,498,475,498,531,538,531,214,367,329,173,475,423,403,311,513,547,511,67,407,257,38,442,1,2023-24,Jason Preston (2023-24),102.57,152,,
1631241,Javon Freeman-Liberty,Javon,1610612761,TOR,24.0,22,3,19,0.136,18.3,2.5,5.6,0.444,0.5,1.9,0.238,1.5,1.6,0.917,0.7,2.5,3.2,1.8,1.1,0.5,0.2,0.7,1.3,1.4,7.0,-7.2,14.3,0,0,13.7,427,489,337,547,272,276,259,313,353,307,444,155,183,39,256,249,264,213,191,343,367,104,340,195,258,558,294,257,38,294,1,2023-24,Javon Freeman-Liberty (2023-24),102.12,856,,
1629750,Javonte Green,Javonte,1610612741,CHI,30.0,9,5,4,0.556,25.6,5.0,8.3,0.6,1.1,3.0,0.37,1.1,1.4,0.769,2.2,5.2,7.4,0.6,0.8,1.1,0.9,0.4,2.1,1.0,12.2,3.1,27.2,1,0,25.3,498,466,510,259,174,115,166,43,202,214,194,207,208,274,39,49,40,463,277,58,54,199,129,275,133,74,118,190,38,127,1,2023-24,Javonte Green (2023-24),98.13,473,,
1630606,Javonte Smart,Javonte,1610612755,PHI,25.0,1,1,0,1.0,0.7,0.0,0.0,0.0,0.0,0.0,0.0,0.0,0.0,0.0,0.0,0.0,0.0,0.0,0.0,0.0,0.0,0.0,0.0,0.0,0.0,-3.0,0.0,0,0,0.0,565,538,560,1,571,561,569,561,498,541,498,531,538,531,545,557,561,553,550,539,520,525,556,547,563,464,568,257,38,568,1,2023-24,Javonte Smart (2023-24),108.0,1,,
1629637,Jaxson Hayes,Jaxson,1610612747,LAL,24.0,70,41,29,0.586,12.5,1.8,2.5,0.72,0.0,0.1,0.0,0.7,1.2,0.622,1.0,2.0,3.0,0.5,0.6,0.5,0.4,0.2,1.8,1.1,4.3,-1.5,10.7,2,0,9.6,128,97,179,197,388,351,458,4,498,516,498,306,267,459,176,305,284,484,339,328,214,365,212,253,381,375,368,157,38,377,1,2023-24,Jaxson Hayes (2023-24),103.15,1877,,
1630643,Jay Huff,Jay,1610612743,DEN,26.0,20,16,4,0.8,2.5,0.5,0.8,0.6,0.2,0.5,0.333,0.1,0.1,1.0,0.1,0.5,0.6,0.1,0.1,0.1,0.2,0.0,0.5,0.1,1.2,-0.5,2.7,0,0,2.5,439,343,510,18,565,539,557,43,444,473,302,510,523,1,529,529,535,551,548,518,394,525,511,544,539,291,542,257,38,544,1,2023-24,Jay Huff (2023-24),110.94,114,,
1627759,Jaylen Brown,Jaylen,1610612738,BOS,27.0,70,52,18,0.743,33.5,9.0,17.9,0.499,2.1,5.9,0.354,3.0,4.3,0.703,1.2,4.3,5.5,3.6,2.4,1.2,0.5,1.0,2.6,3.4,23.0,5.9,37.7,6,1,37.6,128,25,348,38,47,18,25,152,69,61,250,59,45,382,131,79,83,100,44,46,156,30,48,47,27,15,46,93,16,40,1,2023-24,Jaylen Brown (2023-24),99.94,4873,,
1629669,Jaylen Nowell,Jaylen,1610612758,SAC,24.0,13,3,10,0.231,16.4,2.6,6.0,0.436,0.5,2.2,0.207,0.5,0.7,0.778,0.5,1.4,1.8,1.5,0.5,0.3,0.2,0.2,1.2,0.6,6.2,-2.5,11.5,0,0,10.9,480,489,440,498,311,259,248,348,352,274,458,369,384,259,371,398,402,264,372,410,390,439,371,392,293,438,353,257,38,349,2,2023-24,Jaylen Nowell (2023-24),100.37,447,,
1631119,Jaylin Williams,Jaylin,1610612760,OKC,22.0,69,48,21,0.696,13.0,1.4,3.3,0.417,0.8,2.1,0.368,0.5,0.6,0.805,0.5,2.9,3.4,1.6,0.5,0.4,0.4,0.1,1.4,0.8,4.0,1.8,12.4,0,0,11.3,138,36,312,59,373,416,412,409,275,287,203,387,404,205,337,196,238,236,398,361,225,447,303,336,398,128,337,257,38,341,1,2023-24,Jaylin Williams (2023-24),101.25,1890,,
1628369,Jayson Tatum,Jayson,1610612738,BOS,26.0,74,57,17,0.77,35.7,9.1,19.3,0.471,3.1,8.2,0.376,5.6,6.7,0.833,0.9,7.2,8.1,4.9,2.5,1.0,0.6,0.8,2.0,4.6,26.9,8.2,46.2,25,0,46.2,87,4,359,29,11,16,11,217,15,12,163,11,14,147,198,17,33,58,36,78,133,67,166,24,8,3,10,22,38,9,1,2023-24,Jayson Tatum (2023-24),98.64,5436,,
1630288,Jeff Dowtin Jr.,Jeff,1610612755,PHI,27.0,12,7,5,0.583,11.8,1.7,3.0,0.556,0.8,1.6,0.474,0.3,0.3,0.75,0.3,1.4,1.7,2.3,0.4,0.6,0.1,0.2,0.1,0.5,4.3,1.8,11.3,0,0,10.3,482,440,494,201,400,366,430,79,277,344,18,464,472,307,473,395,421,178,429,264,479,428,555,417,379,131,358,257,38,363,1,2023-24,Jeff Dowtin Jr. (2023-24),98.52,292,,
201145,Jeff Green,Jeff,1610612745,HOU,37.0,78,39,39,0.5,16.8,2.1,4.7,0.456,0.7,2.1,0.331,1.6,1.9,0.819,0.6,1.7,2.3,0.9,0.6,0.2,0.4,0.2,1.3,1.3,6.5,-1.0,11.8,0,0,11.6,43,117,73,300,304,314,315,267,298,288,326,151,165,176,305,348,348,388,351,466,221,384,339,211,281,334,349,257,38,339,1,2023-24,Jeff Green (2023-24),100.77,2746,,
203924,Jerami Grant,Jerami,1610612757,POR,30.0,54,17,37,0.315,33.9,7.1,15.7,0.451,2.1,5.1,0.402,4.7,5.8,0.817,0.7,2.9,3.5,2.8,2.1,0.8,0.6,1.2,2.2,3.9,21.0,-6.5,31.7,1,0,32.3,271,331,86,448,39,58,47,289,71,89,83,21,20,182,271,201,223,139,54,150,112,16,113,38,43,548,78,190,38,73,1,2023-24,Jerami Grant (2023-24),98.26,3751,,
1630526,Jeremiah Robinson-Earl,Jeremiah,1610612740,NOP,23.0,39,22,17,0.564,8.6,1.2,2.4,0.474,0.3,1.0,0.333,0.3,0.4,0.75,0.6,1.4,1.9,0.5,0.4,0.3,0.1,0.1,0.6,0.4,2.9,-0.6,6.8,0,0,6.5,355,276,359,237,467,450,466,210,392,410,302,447,457,307,305,400,391,469,435,443,458,497,480,463,456,303,468,257,38,459,1,2023-24,Jeremiah Robinson-Earl (2023-24),102.37,709,,
1631110,Jeremy Sochan,Jeremy,1610612759,SAS,21.0,74,18,56,0.243,29.6,4.6,10.5,0.438,0.9,3.1,0.308,1.5,1.9,0.771,1.9,4.6,6.4,3.4,1.9,0.8,0.5,0.9,2.3,1.8,11.6,-4.6,26.6,7,0,25.1,87,316,8,491,104,139,119,342,239,209,361,155,163,270,57,70,64,111,75,149,152,52,95,151,145,516,124,84,38,130,1,2023-24,Jeremy Sochan (2023-24),101.92,4648,,
1630579,Jericho Sims,Jericho,1610612752,NYK,25.0,45,30,15,0.667,13.0,0.8,1.2,0.691,0.0,0.0,0.0,0.4,0.5,0.667,1.2,2.0,3.3,0.6,0.4,0.2,0.4,0.0,1.0,0.6,2.0,-0.2,8.2,0,0,7.1,323,201,390,76,374,489,529,9,498,541,498,426,419,424,124,306,248,463,449,482,208,517,409,402,496,272,428,257,38,448,1,2023-24,Jericho Sims (2023-24),93.66,1140,,
1631257,Jermaine Samuels Jr.,Jermaine,1610612745,HOU,25.0,14,8,6,0.571,4.3,0.6,1.0,0.643,0.0,0.1,0.0,0.1,0.1,1.0,0.2,0.7,0.9,0.2,0.0,0.1,0.1,0.1,0.4,0.2,1.4,-0.9,3.5,0,0,3.0,475,423,481,225,529,510,542,27,498,511,498,497,514,1,492,500,507,540,550,526,403,448,519,499,529,329,521,257,38,531,1,2023-24,Jermaine Samuels Jr. (2023-24),108.56,136,,
1629010,Jerome Robinson,Jerome,1610612744,GSW,27.0,22,17,5,0.773,3.7,0.5,1.5,0.333,0.1,0.8,0.118,0.3,0.5,0.636,0.0,0.2,0.3,0.2,0.1,0.0,0.1,0.0,0.2,0.3,1.4,1.2,2.5,0,0,2.4,427,331,494,28,538,528,519,521,472,441,490,443,422,453,542,548,555,539,544,537,414,525,544,477,530,154,544,257,38,546,1,2023-24,Jerome Robinson (2023-24),104.96,179,,
1641724,Jett Howard,Jett,1610612753,ORL,20.0,18,9,9,0.5,3.7,0.6,1.7,0.333,0.4,1.4,0.28,0.1,0.2,0.5,0.1,0.3,0.4,0.3,0.2,0.1,0.1,0.0,0.2,0.2,1.6,0.2,3.1,0,0,3.2,450,412,444,300,536,520,511,521,379,373,412,505,496,494,539,537,545,514,524,514,444,525,545,514,518,232,535,257,38,526,1,2023-24,Jett Howard (2023-24),106.44,147,,
1628975,Jevon Carter,Jevon,1610612741,CHI,28.0,72,35,37,0.486,13.9,1.9,5.1,0.378,1.1,3.3,0.329,0.1,0.1,0.571,0.2,0.7,0.8,1.3,0.5,0.5,0.2,0.1,1.0,0.2,5.0,0.4,9.6,1,0,9.6,108,155,86,330,360,339,287,485,212,188,331,525,527,479,518,504,516,287,385,308,338,495,427,513,347,220,390,190,38,375,1,2023-24,Jevon Carter (2023-24),99.43,2078,,
202710,Jimmy Butler III,Jimmy,1610612748,MIA,34.0,60,33,27,0.55,34.0,6.6,13.2,0.499,1.0,2.4,0.414,6.6,7.7,0.858,1.8,3.6,5.3,5.0,1.7,1.3,0.3,1.1,1.1,5.2,20.8,3.6,37.7,5,1,35.2,215,173,213,263,38,66,74,151,221,258,58,6,6,96,63,133,96,56,94,25,294,27,378,13,46,62,47,104,16,53,1,2023-24,Jimmy Butler III (2023-24),97.23,4131,,
1629111,Jock Landale,Jock,1610612745,HOU,28.0,56,28,28,0.5,13.6,1.9,3.7,0.515,0.2,0.7,0.25,0.9,1.2,0.8,1.6,1.5,3.1,1.2,0.6,0.4,0.6,0.4,1.3,1.1,4.9,2.9,12.6,1,0,11.2,252,221,193,300,366,342,374,119,438,444,431,246,269,212,77,381,277,322,367,389,128,234,333,265,351,86,330,190,38,344,1,2023-24,Jock Landale (2023-24),102.23,1628,,
203925,Joe Harris,Joe,1610612765,DET,32.0,16,4,12,0.25,10.6,0.9,2.4,0.359,0.6,1.9,0.333,0.1,0.1,0.5,0.2,0.6,0.8,0.6,0.3,0.2,0.1,0.3,1.2,0.3,2.4,-3.0,5.0,0,0,5.1,461,482,422,474,433,485,465,504,307,314,302,522,518,494,503,510,519,447,488,478,422,342,362,490,475,464,500,257,38,498,1,2023-24,Joe Harris (2023-24),104.06,371,,
204060,Joe Ingles,Joe,1610612753,ORL,36.0,68,42,26,0.618,17.2,1.5,3.3,0.436,1.0,2.4,0.435,0.4,0.5,0.824,0.3,1.8,2.1,3.0,1.0,0.6,0.1,0.1,1.3,0.5,4.4,2.4,12.5,0,0,11.9,148,88,230,142,291,406,408,347,217,261,29,400,422,165,465,331,369,128,222,241,487,502,337,434,377,103,335,257,38,333,1,2023-24,Joe Ingles (2023-24),98.58,2412,,
203954,Joel Embiid,Joel,1610612755,PHI,30.0,39,31,8,0.795,33.6,11.5,21.8,0.529,1.4,3.6,0.388,10.2,11.6,0.883,2.4,8.6,11.0,5.6,3.8,1.2,1.7,1.3,2.9,7.6,34.7,6.8,61.1,30,2,58.5,355,193,456,19,44,1,2,105,153,169,126,1,1,64,30,6,8,33,3,47,11,9,27,2,1,8,2,17,10,2,1,2023-24,Joel Embiid (2023-24),101.09,2750,,
1628381,John Collins,John,1610612762,UTA,26.0,68,27,41,0.397,28.0,5.8,11.0,0.532,1.3,3.4,0.371,2.2,2.7,0.795,2.3,6.1,8.5,1.1,1.4,0.6,0.9,1.1,2.8,2.4,15.1,-4.5,30.0,24,0,28.9,148,231,59,393,130,81,109,101,171,179,193,100,99,226,35,29,27,329,127,261,51,24,32,92,96,514,88,24,38,90,1,2023-24,John Collins (2023-24),101.3,4010,,
1629723,John Konchar,John,1610612763,MEM,28.0,55,18,37,0.327,21.3,1.6,3.8,0.423,0.7,2.2,0.317,0.4,0.5,0.84,1.3,3.4,4.7,2.0,0.8,0.9,0.9,0.2,1.4,0.7,4.3,-2.7,17.6,1,0,15.3,258,316,86,441,228,377,368,394,296,281,349,413,444,124,114,149,127,197,261,105,46,358,311,370,383,454,232,190,38,255,1,2023-24,John Konchar (2023-24),98.73,2410,,
1631098,Johnny Davis,Johnny,1610612764,WAS,22.0,50,8,42,0.16,12.3,1.2,3.1,0.403,0.3,0.8,0.35,0.3,0.5,0.583,0.4,1.1,1.4,0.6,0.3,0.4,0.2,0.3,1.1,0.5,3.0,-3.0,7.1,0,0,6.5,291,423,49,534,392,437,426,439,410,438,258,456,434,475,421,441,449,444,486,386,354,334,375,429,452,464,457,257,38,458,1,2023-24,Johnny Davis (2023-24),105.31,1341,,
1630548,Johnny Juzang,Johnny,1610612762,UTA,23.0,20,5,15,0.25,18.6,2.6,5.5,0.464,1.6,3.9,0.416,0.5,0.7,0.714,0.4,1.5,1.8,1.2,0.7,0.2,0.1,0.2,1.5,0.6,7.2,-0.4,11.3,0,0,12.4,439,466,390,474,267,271,266,239,124,143,53,378,380,369,426,389,408,326,327,467,459,387,291,397,248,287,356,257,38,322,1,2023-24,Johnny Juzang (2023-24),96.5,750,,
202685,Jonas Valančiūnas,Jonas,1610612740,NOP,32.0,82,49,33,0.598,23.5,4.9,8.8,0.559,0.5,1.5,0.308,2.0,2.5,0.785,2.3,6.5,8.8,2.1,1.4,0.4,0.8,0.6,2.7,2.4,12.2,1.9,28.3,33,0,26.0,2,29,128,177,201,124,150,73,355,360,362,112,114,247,36,22,23,188,146,362,62,143,44,95,134,122,105,15,38,121,1,2023-24,Jonas Valančiūnas (2023-24),98.68,3959,,
1628371,Jonathan Isaac,Jonathan,1610612753,ORL,26.0,58,35,23,0.603,15.8,2.5,4.9,0.51,0.7,1.9,0.375,1.0,1.4,0.72,1.3,3.2,4.5,0.5,0.5,0.7,1.2,0.3,1.1,1.2,6.8,3.1,18.3,0,0,16.4,232,155,292,165,322,275,297,125,287,302,168,226,217,362,123,159,138,472,404,191,21,323,389,236,273,73,227,257,38,240,1,2023-24,Jonathan Isaac (2023-24),98.72,1870,,
1630228,Jonathan Kuminga,Jonathan,1610612744,GSW,21.0,74,40,34,0.541,26.3,6.2,11.6,0.529,0.7,2.2,0.321,3.0,4.0,0.746,1.2,3.6,4.8,2.2,1.6,0.7,0.5,1.0,2.3,2.9,16.1,1.7,27.2,5,0,26.2,87,110,113,275,162,77,95,104,290,275,342,60,51,329,125,132,124,182,98,189,174,40,90,66,81,134,121,104,38,117,1,2023-24,Jonathan Kuminga (2023-24),101.96,4143,,
1629007,Jontay Porter,Jontay,1610612765,DET,24.0,26,6,20,0.231,13.8,1.5,4.0,0.385,0.8,2.3,0.333,0.6,0.7,0.833,1.0,2.2,3.2,2.3,0.8,0.8,0.8,0.1,1.3,0.4,4.4,-2.8,15.5,0,0,13.7,406,458,321,498,362,388,352,475,272,267,302,355,384,135,169,293,267,171,270,182,74,472,324,447,370,457,271,257,38,292,1,2023-24,Jontay Porter (2023-24),103.94,779,,
203903,Jordan Clarkson,Jordan,1610612762,UTA,32.0,55,22,33,0.4,30.6,6.1,14.8,0.413,1.7,5.6,0.294,3.2,3.7,0.881,0.9,2.5,3.4,5.0,2.7,0.6,0.1,0.9,1.5,2.5,17.1,-3.5,28.4,6,1,28.7,258,276,128,385,90,79,59,421,114,70,389,52,60,66,203,242,234,52,28,238,449,49,284,86,72,488,104,93,16,93,1,2023-24,Jordan Clarkson (2023-24),100.77,3537,,
1630259,Jordan Ford,Jordan,1610612758,SAC,26.0,6,2,4,0.333,3.6,0.7,1.2,0.571,0.3,0.5,0.667,0.3,0.3,1.0,0.0,0.3,0.3,0.3,0.2,0.0,0.0,0.0,0.0,0.2,2.0,2.3,2.7,0,0,3.0,525,511,510,432,541,503,532,62,392,463,6,434,472,1,545,537,549,514,524,539,520,525,556,514,498,105,539,257,38,531,1,2023-24,Jordan Ford (2023-24),97.91,45,,
1630692,Jordan Goodwin,Jordan,1610612763,MEM,25.0,57,30,27,0.526,18.5,2.5,6.7,0.369,0.7,2.5,0.298,0.8,1.0,0.746,1.5,2.9,4.4,2.7,1.0,0.8,0.3,0.5,1.3,0.9,6.5,-1.6,18.4,4,0,16.7,241,201,213,290,269,279,218,496,284,251,377,286,289,330,81,192,140,147,225,146,270,182,327,305,284,383,224,120,38,235,2,2023-24,Jordan Goodwin (2023-24),98.75,2170,,
1641722,Jordan Hawkins,Jordan,1610612740,NOP,22.0,67,38,29,0.567,17.3,2.6,6.8,0.382,1.6,4.4,0.366,1.0,1.2,0.838,0.4,1.8,2.2,1.0,0.6,0.3,0.1,0.3,1.1,0.6,7.8,0.2,12.6,0,0,13.5,166,124,179,233,287,263,214,478,120,121,209,231,263,128,388,338,353,354,348,426,455,340,398,384,231,235,329,257,38,298,1,2023-24,Jordan Hawkins (2023-24),100.73,2450,,
1629162,Jordan McLaughlin,Jordan,1610612750,MIN,28.0,56,35,21,0.625,11.2,1.3,2.6,0.483,0.8,1.6,0.472,0.2,0.3,0.722,0.3,1.0,1.3,2.0,0.3,0.6,0.1,0.1,0.6,0.5,3.5,2.8,9.9,0,0,9.0,252,155,312,128,418,435,455,190,277,342,19,473,477,358,436,467,470,202,451,243,422,490,492,411,423,93,384,257,38,394,1,2023-24,Jordan McLaughlin (2023-24),100.16,1312,,
1641757,Jordan Miller,Jordan,1610612746,LAC,24.0,8,5,3,0.625,3.5,0.6,1.1,0.556,0.1,0.3,0.5,0.3,0.3,1.0,0.4,0.3,0.6,0.0,0.1,0.0,0.0,0.3,0.3,0.1,1.6,-1.6,2.3,0,0,2.4,510,466,529,128,542,514,535,79,453,496,9,464,490,1,410,546,531,553,536,539,520,342,537,523,516,381,549,257,38,545,1,2023-24,Jordan Miller (2023-24),105.56,63,,
1629670,Jordan Nwora,Jordan,1610612761,TOR,25.0,52,14,38,0.269,13.7,2.7,5.8,0.462,0.8,2.5,0.336,0.8,1.0,0.83,0.5,2.3,2.9,1.2,1.0,0.5,0.3,0.3,0.9,0.8,7.0,-3.8,13.5,2,0,13.4,282,361,77,468,364,254,256,247,250,243,298,263,295,151,332,265,294,319,209,314,313,269,440,334,257,498,315,157,38,301,2,2023-24,Jordan Nwora (2023-24),104.52,1555,,
1629673,Jordan Poole,Jordan,1610612764,WAS,25.0,78,15,63,0.192,30.1,6.3,15.2,0.413,2.4,7.2,0.326,2.5,2.8,0.877,0.4,2.3,2.7,4.4,2.4,1.1,0.3,1.0,3.1,2.7,17.4,-7.1,29.1,4,0,29.7,43,347,2,516,98,75,55,420,50,25,333,83,94,71,397,269,308,72,43,59,265,43,12,80,69,556,98,120,38,83,1,2023-24,Jordan Poole (2023-24),104.7,5123,,
1641775,Jordan Walsh,Jordan,1610612738,BOS,20.0,9,9,0,1.0,9.3,0.7,1.7,0.4,0.2,1.0,0.222,0.1,0.2,0.5,0.6,1.7,2.2,0.6,0.3,0.6,0.1,0.0,1.2,0.3,1.7,5.2,6.8,0,0,6.0,498,412,560,1,455,503,511,442,424,410,449,505,496,494,325,349,352,463,452,280,444,525,351,469,515,28,466,257,38,473,1,2023-24,Jordan Walsh (2023-24),98.33,169,,
1630631,Jose Alvarado,Jose,1610612740,NOP,26.0,56,38,18,0.679,18.4,2.5,6.2,0.412,1.4,3.7,0.377,0.6,0.9,0.673,0.4,1.8,2.3,2.1,0.7,1.1,0.3,0.4,1.6,0.8,7.1,4.3,16.2,0,0,15.5,252,124,348,72,270,273,243,423,152,151,161,345,322,421,383,327,345,191,296,69,302,234,253,329,252,48,257,257,38,251,1,2023-24,Jose Alvarado (2023-24),100.12,2137,,
1630581,Josh Giddey,Josh,1610612760,OKC,21.0,80,56,24,0.7,25.1,5.0,10.6,0.475,1.0,3.0,0.337,1.3,1.6,0.806,1.4,5.0,6.4,4.8,2.1,0.7,0.6,0.9,1.4,1.2,12.3,4.7,28.8,10,3,27.0,23,10,263,52,179,111,117,206,218,210,291,180,188,201,97,53,65,63,62,231,148,54,310,230,131,36,102,59,8,109,1,2023-24,Josh Giddey (2023-24),102.32,4299,,
1630182,Josh Green,Josh,1610612742,DAL,23.0,57,32,25,0.561,26.4,3.1,6.6,0.479,1.3,3.3,0.385,0.7,1.0,0.684,0.7,2.5,3.2,2.3,1.1,0.8,0.2,0.5,1.9,1.3,8.2,-1.8,17.4,0,0,17.0,241,183,242,246,158,222,224,201,172,186,137,324,298,404,263,243,254,175,201,157,386,164,176,204,221,390,234,257,38,226,1,2023-24,Josh Green (2023-24),101.44,3166,,
1628404,Josh Hart,Josh,1610612752,NYK,29.0,81,49,32,0.605,33.4,3.6,8.4,0.434,1.0,3.2,0.31,1.1,1.4,0.791,1.6,6.8,8.3,4.1,1.5,0.9,0.3,0.7,2.1,1.5,9.4,4.3,27.7,21,6,25.2,18,29,137,163,50,185,162,356,230,191,358,204,215,234,75,21,29,80,123,109,293,106,129,185,194,49,114,30,5,129,1,2023-24,Josh Hart (2023-24),95.77,5397,,
1631169,Josh Minott,Josh,1610612750,MIN,21.0,32,23,9,0.719,2.9,0.5,1.1,0.472,0.1,0.3,0.4,0.4,0.4,0.857,0.1,0.4,0.5,0.3,0.1,0.2,0.2,0.1,0.3,0.3,1.6,0.6,3.5,0,0,3.1,385,270,444,44,558,526,535,213,453,485,87,415,456,98,524,532,536,532,546,498,387,485,532,490,519,192,523,257,38,530,1,2023-24,Josh Minott (2023-24),112.61,218,,
1629006,Josh Okogie,Josh,1610612756,PHX,25.0,60,37,23,0.617,16.0,1.4,3.4,0.417,0.5,1.6,0.309,1.3,1.7,0.745,1.2,1.3,2.6,1.1,0.6,0.8,0.4,0.3,1.1,1.6,4.6,0.1,12.3,0,0,11.1,215,139,292,148,317,409,396,407,347,346,360,179,179,332,128,408,323,347,344,167,219,303,378,168,358,240,339,257,38,346,1,2023-24,Josh Okogie (2023-24),100.88,2008,,
1626196,Josh Richardson,Josh,1610612748,MIA,30.0,43,24,19,0.558,25.6,3.6,8.1,0.444,1.5,4.4,0.347,1.2,1.3,0.944,0.4,2.4,2.8,2.4,0.8,0.6,0.3,0.2,1.8,1.2,9.9,-2.5,18.7,0,0,18.4,330,257,337,256,172,192,175,312,132,125,272,192,246,29,393,256,299,161,260,279,264,380,207,233,185,436,221,257,38,212,1,2023-24,Josh Richardson (2023-24),98.56,2267,,
1630563,Joshua Primo,Joshua,1610612746,LAC,21.0,2,2,0,1.0,5.1,0.5,1.5,0.333,0.0,0.5,0.0,0.0,0.0,0.0,0.5,0.0,0.5,0.0,2.0,0.0,0.5,0.5,0.0,0.0,1.0,-0.5,1.1,0,0,2.5,555,511,560,1,515,528,519,521,498,463,498,531,538,531,346,557,538,553,68,539,164,172,556,547,544,295,563,257,38,541,1,2023-24,Joshua Primo (2023-24),107.53,24,,
201950,Jrue Holiday,Jrue,1610612738,BOS,34.0,69,53,16,0.768,32.8,4.8,10.0,0.48,2.0,4.7,0.429,0.9,1.0,0.833,1.2,4.2,5.4,4.8,1.8,0.9,0.8,0.4,1.6,1.2,12.5,6.2,29.3,7,0,28.0,138,22,375,30,58,130,124,195,78,111,34,259,285,135,129,88,90,62,82,135,75,220,259,227,130,13,95,84,38,99,1,2023-24,Jrue Holiday (2023-24),98.91,4653,,
1629308,Juan Toscano-Anderson,Juan,1610612758,SAC,31.0,11,7,4,0.636,4.8,0.3,1.1,0.25,0.1,0.4,0.25,0.0,0.0,0.0,0.4,0.9,1.3,0.4,0.2,0.1,0.1,0.2,1.0,0.0,0.6,-0.8,3.1,0,0,2.7,485,440,510,108,523,554,540,547,472,480,431,531,538,531,416,473,472,509,518,523,468,417,409,547,558,322,536,257,38,536,1,2023-24,Juan Toscano-Anderson (2023-24),104.36,110,,
1631262,Jules Bernard,Jules,1610612764,WAS,24.0,19,2,17,0.105,7.9,1.5,3.4,0.453,0.6,1.5,0.379,0.3,0.5,0.556,0.5,0.8,1.4,0.8,0.4,0.2,0.1,0.1,0.7,0.7,3.9,1.4,7.0,0,0,7.1,446,511,359,553,477,391,405,282,318,350,156,461,437,483,335,485,462,397,427,497,504,479,458,367,409,148,461,257,38,446,1,2023-24,Jules Bernard (2023-24),105.63,331,,
1630577,Julian Champagnie,Julian,1610612759,SAS,23.0,74,19,55,0.257,19.8,2.2,5.4,0.408,1.4,3.7,0.365,1.0,1.2,0.815,0.6,2.2,2.8,1.4,0.8,0.6,0.6,0.3,1.0,0.9,6.8,-1.9,15.1,0,0,14.8,87,307,11,471,249,308,273,429,155,148,211,230,252,185,317,287,302,270,279,233,139,328,403,319,270,397,279,257,38,264,1,2023-24,Julian Champagnie (2023-24),103.07,3152,,
1641763,Julian Phillips,Julian,1610612741,CHI,20.0,40,20,20,0.5,8.1,0.8,1.9,0.416,0.3,1.0,0.316,0.3,0.5,0.684,0.3,0.6,0.9,0.3,0.3,0.2,0.2,0.2,1.0,0.5,2.2,-0.1,4.6,0,0,4.5,349,297,321,300,476,494,495,414,404,425,350,441,436,404,444,515,510,520,488,484,374,423,409,432,488,263,508,257,38,508,1,2023-24,Julian Phillips (2023-24),100.9,675,,
1631124,Julian Strawther,Julian,1610612743,DEN,22.0,50,34,16,0.68,10.9,1.6,4.4,0.369,0.8,2.8,0.297,0.4,0.6,0.71,0.1,1.1,1.2,0.9,0.5,0.3,0.1,0.2,1.1,0.8,4.5,-2.1,8.4,0,0,8.5,291,165,375,70,424,373,326,495,255,230,381,393,400,375,529,438,478,381,410,397,410,387,396,346,361,407,425,257,38,409,1,2023-24,Julian Strawther (2023-24),102.0,1164,,
203944,Julius Randle,Julius,1610612752,NYK,29.0,46,29,17,0.63,35.4,8.6,18.2,0.472,1.7,5.3,0.311,5.1,6.6,0.781,2.2,7.0,9.2,5.0,3.5,0.5,0.3,1.4,2.7,4.8,24.0,4.7,41.4,18,1,41.4,315,213,359,121,15,24,23,211,115,81,355,15,15,255,43,19,21,55,6,288,306,8,41,22,22,35,27,38,16,24,1,2023-24,Julius Randle (2023-24),98.84,3364,,
1630551,Justin Champagnie,Justin,1610612764,WAS,23.0,15,3,12,0.2,15.7,2.1,5.2,0.41,0.9,3.0,0.289,0.8,1.0,0.8,1.3,2.3,3.5,1.3,0.7,0.7,0.6,0.4,0.9,0.7,5.9,-3.9,15.2,0,0,14.1,467,489,422,510,326,316,283,426,244,214,400,278,298,212,121,277,224,298,314,223,123,223,439,372,302,502,274,257,38,281,1,2023-24,Justin Champagnie (2023-24),104.86,512,,
203200,Justin Holiday,Justin,1610612743,DEN,35.0,58,38,20,0.655,14.9,1.5,3.3,0.454,0.9,2.3,0.404,0.1,0.1,0.75,0.2,1.1,1.2,1.2,0.2,0.6,0.2,0.1,1.2,0.2,4.0,0.9,9.3,0,0,8.9,232,124,321,94,341,394,406,280,237,265,77,527,532,307,514,443,477,325,499,247,389,504,360,508,395,176,401,257,38,396,1,2023-24,Justin Holiday (2023-24),99.78,1787,,
1628382,Justin Jackson,Justin,1610612750,MIN,29.0,2,2,0,1.0,0.4,0.0,0.0,0.0,0.0,0.0,0.0,0.0,0.0,0.0,0.0,0.0,0.0,0.0,0.0,0.0,0.0,0.0,0.0,0.0,0.0,0.0,0.0,0,0,0.0,555,511,560,1,572,561,569,561,498,541,498,531,538,531,545,557,561,553,550,539,520,525,556,547,563,254,568,257,38,568,1,2023-24,Justin Jackson (2023-24),137.14,2,,
1631303,Justin Minaya,Justin,1610612757,POR,25.0,34,3,31,0.088,11.2,0.6,2.2,0.297,0.4,1.4,0.245,0.1,0.3,0.556,0.9,0.8,1.6,0.6,0.3,0.3,0.3,0.1,1.0,0.4,1.8,-2.4,6.1,0,0,5.5,375,489,149,555,416,508,480,539,389,364,441,495,489,483,209,495,426,449,483,439,283,446,407,466,508,430,479,257,38,487,1,2023-24,Justin Minaya (2023-24),97.64,768,,
203994,Jusuf Nurkić,Jusuf,1610612756,PHX,29.0,76,48,28,0.632,27.3,4.2,8.3,0.51,0.3,1.2,0.244,2.2,3.4,0.64,2.9,8.1,11.0,4.0,2.3,1.1,1.1,0.8,3.3,3.0,10.9,5.3,34.1,28,0,30.4,61,36,193,119,139,154,170,126,408,393,442,98,65,450,12,11,9,84,48,67,33,84,7,62,161,26,62,20,38,78,1,2023-24,Jusuf Nurkić (2023-24),99.9,4327,,
1630231,KJ Martin,KJ,1610612755,PHI,23.0,60,33,27,0.55,12.4,1.6,3.0,0.536,0.1,0.5,0.286,0.4,0.7,0.537,0.7,1.5,2.2,0.9,0.5,0.4,0.2,0.5,1.7,0.5,3.7,-0.1,8.8,1,0,8.0,215,173,213,263,389,375,429,93,449,471,402,421,387,492,273,381,357,396,373,379,354,185,230,428,412,264,412,190,38,422,2,2023-24,KJ Martin (2023-24),101.37,1572,,
1629232,Kaiser Gates,Kaiser,1610612740,NOP,27.0,1,0,1,0.0,7.4,0.0,4.0,0.0,0.0,2.0,0.0,0.0,0.0,0.0,0.0,1.0,1.0,0.0,0.0,0.0,0.0,1.0,0.0,0.0,0.0,-2.0,1.2,0,0,1.0,565,560,546,560,484,561,352,561,498,290,498,531,538,531,545,449,493,553,550,539,520,34,556,547,563,403,561,257,38,563,1,2023-24,Kaiser Gates (2023-24),106.55,16,,
1626157,Karl-Anthony Towns,Karl-Anthony,1610612750,MIN,28.0,62,42,20,0.677,32.7,7.7,15.3,0.504,2.2,5.3,0.416,4.1,4.7,0.873,1.5,6.8,8.3,3.0,2.9,0.7,0.7,1.1,3.3,4.2,21.8,5.2,37.5,22,0,38.0,200,88,321,73,63,44,52,136,61,82,52,30,40,74,85,20,30,124,19,213,100,23,8,32,37,29,48,28,38,35,1,2023-24,Karl-Anthony Towns (2023-24),98.37,4161,,
202695,Kawhi Leonard,Kawhi,1610612746,LAC,33.0,68,44,24,0.647,34.3,9.0,17.1,0.525,2.1,4.9,0.417,3.7,4.2,0.885,1.2,4.9,6.1,3.6,1.8,1.6,0.9,0.4,1.4,4.2,23.7,5.8,42.2,4,1,40.5,148,72,263,103,33,17,34,109,70,98,48,40,46,62,127,60,72,98,88,9,56,201,301,33,25,18,25,120,16,27,1,2023-24,Kawhi Leonard (2023-24),97.77,4747,,
1631099,Keegan Murray,Keegan,1610612758,SAC,23.0,77,43,34,0.558,33.6,5.8,12.7,0.454,2.4,6.6,0.358,1.3,1.6,0.831,1.4,4.1,5.5,1.7,0.8,1.0,0.8,0.5,2.7,1.3,15.2,1.8,28.8,8,0,28.3,54,79,113,255,43,84,81,274,48,43,236,174,187,150,102,92,86,226,263,73,77,167,43,224,94,129,101,73,38,94,1,2023-24,Keegan Murray (2023-24),99.78,5377,,
1628966,Keita Bates-Diop,Keita,1610612751,BKN,28.0,53,29,24,0.547,12.5,1.4,3.1,0.434,0.4,1.3,0.304,0.6,0.8,0.762,0.6,1.5,2.1,0.7,0.3,0.5,0.4,0.3,0.7,0.5,3.7,-1.0,9.7,0,0,8.7,278,213,263,268,387,419,422,358,378,379,367,349,354,284,307,386,371,428,479,339,212,302,474,427,415,337,389,257,38,401,2,2023-24,Keita Bates-Diop (2023-24),98.77,1366,,
1629640,Keldon Johnson,Keldon,1610612759,SAS,24.0,69,17,52,0.246,29.5,5.7,12.5,0.454,1.8,5.3,0.346,2.5,3.2,0.792,1.4,4.1,5.5,2.8,1.4,0.7,0.3,0.8,2.2,2.4,15.7,-5.0,28.1,9,0,27.9,138,331,19,489,106,89,84,281,94,80,276,79,78,233,101,91,85,137,126,194,289,70,118,93,86,530,107,64,38,100,1,2023-24,Keldon Johnson (2023-24),103.68,4399,,
203482,Kelly Olynyk,Kelly,1610612761,TOR,33.0,78,31,47,0.397,22.5,3.5,6.4,0.555,0.8,2.0,0.387,1.9,2.3,0.833,1.4,3.9,5.3,4.4,1.9,0.9,0.4,0.3,2.9,2.6,9.8,-3.4,24.8,6,0,22.9,43,193,35,391,211,198,233,83,272,296,129,115,130,135,98,104,100,70,71,99,227,317,22,85,189,482,142,93,38,154,2,2023-24,Kelly Olynyk (2023-24),102.01,3743,,
1626162,Kelly Oubre Jr.,Kelly,1610612755,PHI,28.0,68,40,28,0.588,30.2,5.7,12.9,0.441,1.5,4.8,0.311,2.6,3.4,0.75,1.4,3.6,5.0,1.5,1.3,1.1,0.7,1.3,2.9,2.6,15.4,-0.4,27.9,4,0,27.1,148,110,193,191,96,87,78,327,139,105,357,78,68,307,99,124,115,261,160,55,93,11,30,81,90,286,111,120,38,108,1,2023-24,Kelly Oubre Jr. (2023-24),99.3,4239,,
1631112,Kendall Brown,Kendall,1610612754,IND,21.0,15,10,5,0.667,4.2,0.5,1.0,0.533,0.0,0.1,0.0,0.3,0.5,0.625,0.2,0.1,0.3,0.3,0.1,0.0,0.0,0.0,0.6,0.4,1.4,-1.6,2.2,0,0,2.1,467,403,494,76,533,525,542,97,498,513,498,434,419,457,499,552,549,514,534,539,520,525,484,455,531,380,551,257,38,551,1,2023-24,Kendall Brown (2023-24),102.13,134,,
1631254,Kenneth Lofton Jr.,Kenneth,1610612762,UTA,21.0,21,7,14,0.333,9.4,1.7,3.7,0.462,0.3,1.1,0.292,0.8,1.2,0.654,0.6,1.2,1.8,1.6,0.7,0.3,0.2,0.3,1.1,0.9,4.6,-0.5,10.0,0,0,9.3,435,440,406,432,450,358,372,247,392,399,396,275,255,443,312,420,407,244,314,423,327,272,373,304,360,301,382,257,38,387,3,2023-24,Kenneth Lofton Jr. (2023-24),103.48,426,,
1629026,Kenrich Williams,Kenrich,1610612760,OKC,29.0,69,49,20,0.71,14.9,1.9,4.1,0.468,0.8,2.0,0.397,0.1,0.2,0.5,0.9,2.1,3.0,1.3,0.5,0.6,0.1,0.3,1.5,0.5,4.7,2.2,11.9,0,0,11.3,138,29,321,48,340,340,348,225,260,289,99,509,503,494,208,295,282,275,407,285,420,333,286,426,356,108,345,257,38,343,1,2023-24,Kenrich Williams (2023-24),101.18,2155,,
203484,Kentavious Caldwell-Pope,Kentavious,1610612743,DEN,31.0,76,54,22,0.711,31.6,3.6,7.7,0.46,1.6,4.1,0.406,1.3,1.5,0.894,0.4,2.0,2.4,2.4,1.0,1.3,0.6,0.2,2.0,1.3,10.1,7.5,21.1,0,0,20.2,61,18,302,47,80,196,185,255,116,136,75,175,199,56,401,309,331,165,221,27,147,416,158,217,179,6,182,257,38,188,1,2023-24,Kentavious Caldwell-Pope (2023-24),97.99,4910,,
1631165,Keon Ellis,Keon,1610612758,SAC,24.0,57,33,24,0.579,17.2,1.9,4.1,0.461,1.2,2.9,0.417,0.5,0.6,0.743,0.6,1.6,2.2,1.5,0.6,0.9,0.5,0.1,2.0,0.8,5.4,1.6,13.8,0,0,13.1,241,173,263,210,292,348,346,250,180,219,48,391,401,334,322,359,359,260,329,128,163,479,165,322,320,136,304,257,38,307,1,2023-24,Keon Ellis (2023-24),99.24,2015,,
1630553,Keon Johnson,Keon,1610612751,BKN,22.0,5,0,5,0.0,12.3,1.6,4.2,0.381,0.8,2.0,0.4,2.2,2.4,0.917,0.6,0.8,1.4,0.6,1.0,0.6,0.2,0.2,1.0,1.6,6.2,-5.0,10.2,0,0,10.6,536,560,494,560,391,377,335,480,262,290,87,97,120,39,298,489,459,454,211,254,354,387,409,173,294,526,377,257,38,357,1,2023-24,Keon Johnson (2023-24),100.06,128,,
1630556,Kessler Edwards,Kessler,1610612758,SAC,23.0,54,32,22,0.593,5.1,0.6,1.5,0.415,0.4,1.0,0.385,0.1,0.2,0.556,0.2,0.6,0.8,0.3,0.1,0.2,0.1,0.1,0.5,0.2,1.7,-0.8,3.8,0,0,3.7,271,183,302,183,516,513,518,416,384,424,140,515,510,483,508,512,520,529,545,479,486,474,505,496,510,324,520,257,38,516,1,2023-24,Kessler Edwards (2023-24),102.55,583,,
201142,Kevin Durant,Kevin,1610612756,PHX,35.0,75,44,31,0.587,37.2,10.0,19.1,0.523,2.2,5.4,0.413,4.8,5.6,0.856,0.5,6.1,6.6,5.0,3.3,0.9,1.2,0.7,1.8,4.8,27.1,3.9,45.7,14,1,45.2,76,72,149,195,5,7,14,112,57,73,61,20,23,105,327,31,58,51,12,111,20,113,202,21,6,54,12,47,16,12,1,2023-24,Kevin Durant (2023-24),100.24,5832,,
1628989,Kevin Huerter,Kevin,1610612758,SAC,25.0,64,37,27,0.578,24.4,3.9,8.8,0.443,1.9,5.3,0.361,0.6,0.7,0.766,0.6,2.9,3.5,2.6,0.8,0.7,0.4,0.2,2.1,0.7,10.2,1.2,20.7,2,0,20.4,185,139,213,214,193,170,151,320,84,79,223,361,367,278,302,190,228,154,264,206,242,360,132,359,175,159,188,157,38,186,1,2023-24,Kevin Huerter (2023-24),101.06,3286,,
1628995,Kevin Knox II,Kevin,1610612757,POR,24.0,31,4,27,0.129,18.1,2.8,6.0,0.462,1.0,3.0,0.33,0.6,0.7,0.909,0.6,1.8,2.4,0.7,0.7,0.4,0.2,0.4,1.6,0.7,7.2,-2.7,12.4,1,0,12.6,392,482,213,549,277,243,248,243,221,211,328,336,376,43,308,328,330,422,298,353,335,241,248,357,249,453,336,190,38,316,1,2023-24,Kevin Knox II (2023-24),103.16,1208,,
201567,Kevin Love,Kevin,1610612748,MIA,35.0,55,31,24,0.564,16.8,2.9,6.5,0.44,1.5,4.4,0.344,1.5,2.0,0.787,1.1,5.1,6.1,2.1,0.9,0.3,0.2,0.2,1.8,1.8,8.8,2.0,20.0,6,0,19.6,258,193,263,239,303,235,226,329,133,122,281,152,159,244,154,52,71,189,252,405,367,434,209,150,207,120,202,93,38,198,1,2023-24,Kevin Love (2023-24),99.69,1912,,
1630284,Kevon Harris,Kevon,1610612753,ORL,27.0,2,1,1,0.5,3.0,1.0,1.5,0.667,0.0,0.0,0.0,0.0,0.0,0.0,0.0,1.0,1.0,0.5,0.5,0.0,0.0,0.0,1.5,0.0,2.0,0.0,3.5,0,0,3.5,555,538,546,300,552,460,519,12,498,541,498,531,538,531,545,449,493,474,385,539,520,525,268,547,498,254,523,257,38,520,1,2023-24,Kevon Harris (2023-24),115.04,14,,
1626172,Kevon Looney,Kevon,1610612744,GSW,28.0,74,43,31,0.581,16.1,1.9,3.1,0.597,0.0,0.0,0.0,0.8,1.1,0.675,1.9,3.7,5.7,1.8,0.7,0.4,0.4,0.3,2.1,1.0,4.5,0.5,15.6,1,0,13.5,87,79,149,205,315,347,421,48,498,540,498,291,276,419,54,112,77,214,311,376,224,284,136,291,362,204,265,190,38,297,1,2023-24,Kevon Looney (2023-24),99.5,2477,,
1641749,Keyontae Johnson,Keyontae,1610612760,OKC,24.0,9,7,2,0.778,7.4,0.6,1.8,0.313,0.1,0.3,0.333,0.0,0.0,0.0,0.4,0.7,1.1,0.4,0.4,0.1,0.0,0.2,0.6,0.0,1.2,-0.8,3.1,0,0,3.1,498,440,535,25,489,520,503,531,460,482,302,531,538,531,384,505,489,495,416,514,520,367,489,547,538,317,532,257,38,529,1,2023-24,Keyontae Johnson (2023-24),100.42,139,,
1641718,Keyonte George,Keyonte,1610612762,UTA,20.0,75,27,48,0.36,27.0,4.3,10.9,0.391,2.0,5.9,0.334,2.5,3.0,0.848,0.2,2.6,2.8,4.4,2.5,0.5,0.1,0.7,1.2,2.7,13.0,-5.0,22.2,1,0,23.3,76,231,31,418,147,152,112,465,81,59,301,82,88,119,499,230,300,71,37,331,465,105,353,79,122,525,174,190,38,143,1,2023-24,Keyonte George (2023-24),100.98,4264,,
203114,Khris Middleton,Khris,1610612749,MIL,32.0,55,31,24,0.564,27.0,5.8,11.7,0.493,1.7,4.5,0.381,1.8,2.2,0.833,0.7,3.9,4.7,5.3,2.3,0.9,0.3,0.5,2.6,2.0,15.1,2.3,29.9,5,1,29.1,258,193,263,239,144,83,94,161,109,119,151,124,135,135,256,100,127,43,46,105,298,190,55,124,97,106,89,104,16,88,1,2023-24,Khris Middleton (2023-24),102.11,3172,,
1630165,Killian Hayes,Killian,1610612765,DET,22.0,42,7,35,0.167,24.0,2.8,6.7,0.413,0.5,1.8,0.297,0.8,1.2,0.66,0.3,2.6,2.8,4.9,1.2,0.9,0.5,0.3,1.8,1.3,6.9,-5.8,20.4,0,0,17.8,341,440,105,530,197,242,217,419,334,323,379,282,264,439,469,236,298,60,173,141,179,311,195,219,263,543,196,257,38,217,1,2023-24,Killian Hayes (2023-24),102.49,2149,,
1630184,Kira Lewis Jr.,Kira,1610612762,UTA,23.0,28,10,18,0.357,9.4,1.2,3.3,0.37,0.1,1.2,0.121,0.6,0.7,0.85,0.3,0.6,0.9,1.3,0.5,0.3,0.1,0.2,0.5,0.6,3.2,-2.4,7.0,0,0,6.4,399,403,348,419,451,441,413,493,445,397,489,348,375,114,436,514,507,282,385,407,490,420,507,383,446,431,462,257,38,463,3,2023-24,Kira Lewis Jr. (2023-24),103.18,567,,
202691,Klay Thompson,Klay,1610612744,GSW,34.0,77,41,36,0.532,29.7,6.4,14.7,0.432,3.5,9.0,0.387,1.6,1.8,0.927,0.5,2.8,3.3,2.3,1.5,0.6,0.5,0.4,1.6,1.2,17.9,0.1,27.0,0,0,29.1,54,97,99,284,101,74,61,364,5,3,128,144,176,34,375,202,244,173,117,232,192,263,239,238,67,243,122,257,38,89,1,2023-24,Klay Thompson (2023-24),101.9,4858,,
1641738,Kobe Brown,Kobe,1610612746,LAC,24.0,44,27,17,0.614,9.0,0.8,2.0,0.411,0.3,1.1,0.292,0.0,0.0,0.5,0.5,1.0,1.4,0.6,0.2,0.3,0.1,0.1,1.1,0.1,2.0,-2.1,5.6,0,0,5.1,326,231,359,155,463,490,489,424,400,405,396,529,536,494,375,468,458,460,510,432,414,455,385,537,497,410,493,257,38,497,1,2023-24,Kobe Brown (2023-24),100.45,822,,
1641723,Kobe Bufkin,Kobe,1610612737,ATL,20.0,17,8,9,0.471,11.5,2.0,5.4,0.37,0.5,2.4,0.225,0.2,0.5,0.5,0.4,1.6,1.9,1.6,0.6,0.4,0.3,0.4,1.2,0.5,4.8,-2.1,11.0,0,0,10.2,453,423,444,342,408,326,274,493,332,263,448,472,439,494,423,365,393,239,352,356,283,216,367,434,355,406,362,257,38,366,1,2023-24,Kobe Bufkin (2023-24),102.12,416,,
1628424,Kobi Simmons,Kobi,1610612761,TOR,26.0,4,0,4,0.0,16.9,2.3,5.3,0.429,0.5,2.0,0.25,0.0,0.0,0.0,0.3,1.5,1.8,3.0,0.3,1.5,0.5,0.5,1.3,0.5,5.0,-7.8,17.4,0,0,14.3,542,560,510,560,300,305,282,378,339,290,431,531,538,531,473,381,415,126,488,12,164,172,345,417,342,563,237,257,38,277,1,2023-24,Kobi Simmons (2023-24),98.94,139,,
1627739,Kris Dunn,Kris,1610612762,UTA,30.0,66,25,41,0.379,18.9,2.2,4.7,0.47,0.6,1.7,0.369,0.3,0.5,0.688,0.8,2.1,2.9,3.8,1.2,1.0,0.4,0.3,2.0,0.5,5.4,0.2,17.8,1,0,15.7,170,247,59,405,263,307,310,223,312,333,199,434,431,401,244,299,295,88,181,71,205,310,147,417,323,233,228,190,38,249,1,2023-24,Kris Dunn (2023-24),102.44,2667,,
1631200,Kris Murray,Kris,1610612757,POR,23.0,62,12,50,0.194,21.7,2.3,5.9,0.396,0.8,3.0,0.268,0.6,0.9,0.661,1.4,2.2,3.6,1.3,0.9,0.9,0.3,0.4,1.5,0.9,6.1,-2.6,15.0,1,0,14.1,200,384,26,515,225,295,252,455,269,218,425,351,325,437,104,281,216,291,246,143,253,212,278,318,299,446,281,190,38,280,1,2023-24,Kris Murray (2023-24),98.81,2777,,
204001,Kristaps Porziņģis,Kristaps,1610612738,BOS,28.0,57,43,14,0.754,29.6,6.8,13.2,0.516,1.9,5.1,0.375,4.5,5.3,0.858,1.7,5.5,7.2,2.0,1.6,0.7,1.9,0.3,2.7,4.9,20.1,7.3,38.2,13,0,36.6,241,79,406,33,103,62,75,117,83,83,167,23,28,97,69,45,46,195,110,195,9,290,38,18,49,7,43,51,38,45,1,2023-24,Kristaps Porziņģis (2023-24),100.55,3549,,
203937,Kyle Anderson,Kyle,1610612750,MIN,30.0,79,55,24,0.696,22.6,2.5,5.5,0.46,0.1,0.6,0.229,1.2,1.7,0.708,0.8,2.7,3.5,4.2,1.2,0.9,0.6,0.3,1.6,1.3,6.4,2.1,20.2,0,0,17.2,30,14,263,57,210,274,269,260,448,456,447,183,177,376,240,220,230,78,189,125,126,341,244,213,287,110,198,257,38,222,1,2023-24,Kyle Anderson (2023-24),99.95,3701,,
1628398,Kyle Kuzma,Kyle,1610612764,WAS,28.0,70,13,57,0.186,32.6,8.7,18.8,0.463,2.2,6.4,0.336,2.7,3.4,0.775,0.9,5.7,6.6,4.2,2.7,0.5,0.7,0.7,2.2,2.7,22.2,-8.0,37.4,14,0,37.7,128,377,6,521,65,22,17,242,63,46,299,75,66,265,207,38,57,76,24,299,88,89,109,77,36,567,49,47,38,39,1,2023-24,Kyle Kuzma (2023-24),103.56,4913,,
200768,Kyle Lowry,Kyle,1610612755,PHI,38.0,60,32,28,0.533,28.2,2.7,6.3,0.432,1.6,4.2,0.392,1.1,1.3,0.84,0.6,2.7,3.2,4.2,1.4,1.0,0.4,0.3,2.4,1.7,8.1,0.0,20.9,3,0,19.9,215,183,193,280,126,247,238,366,118,131,116,219,248,124,319,224,252,77,135,93,245,316,69,154,223,251,186,135,38,192,2,2023-24,Kyle Lowry (2023-24),97.21,3427,,
202681,Kyrie Irving,Kyrie,1610612742,DAL,32.0,58,39,19,0.672,35.0,9.7,19.5,0.497,3.0,7.3,0.411,3.3,3.6,0.905,0.8,4.2,5.0,5.2,1.8,1.3,0.5,0.7,1.9,3.1,25.6,4.8,42.8,5,0,42.3,232,117,337,74,23,9,10,157,19,24,66,50,62,49,243,85,117,45,77,29,175,108,170,57,17,33,22,104,38,21,1,2023-24,Kyrie Irving (2023-24),100.89,4258,,
1630163,LaMelo Ball,LaMelo,1610612766,CHA,22.0,22,7,15,0.318,32.3,8.3,19.2,0.433,3.2,9.0,0.355,4.1,4.7,0.865,1.3,3.8,5.1,8.0,3.8,1.8,0.2,0.6,3.6,4.1,23.9,-6.3,44.3,7,1,44.2,427,440,390,447,69,29,12,363,11,5,245,33,39,86,111,106,107,10,4,5,367,119,2,36,23,546,17,84,16,15,1,2023-24,LaMelo Ball (2023-24),103.0,1522,,
1630205,Lamar Stevens,Lamar,1610612763,MEM,26.0,38,22,16,0.579,14.7,2.8,6.3,0.45,0.4,1.2,0.304,1.1,1.4,0.778,0.9,2.4,3.3,0.7,0.6,0.6,0.6,0.6,1.2,1.1,7.2,0.2,15.2,0,0,14.0,361,276,375,210,342,238,236,291,386,387,367,210,214,259,187,257,242,424,335,250,134,148,364,267,250,231,275,257,38,285,2,2023-24,Lamar Stevens (2023-24),98.4,1143,,
1629013,Landry Shamet,Landry,1610612764,WAS,27.0,46,6,40,0.13,15.8,2.6,6.0,0.431,1.2,3.4,0.338,0.8,1.0,0.826,0.3,1.0,1.3,1.2,0.7,0.5,0.2,0.5,1.7,1.0,7.1,-3.2,12.1,0,0,12.3,315,458,67,548,320,269,251,371,196,178,289,270,298,158,427,449,463,321,323,288,345,193,238,287,251,477,343,257,38,324,1,2023-24,Landry Shamet (2023-24),103.63,1571,,
1626204,Larry Nance Jr.,Larry,1610612740,NOP,31.0,61,34,27,0.557,19.9,2.3,4.0,0.573,0.4,1.1,0.415,0.8,1.0,0.77,1.5,3.5,5.0,1.9,0.8,1.0,0.3,0.2,1.6,1.2,5.7,1.2,17.7,2,0,15.7,206,165,213,257,248,303,356,61,359,408,54,287,298,272,82,137,114,212,272,80,273,348,249,226,307,161,230,157,38,246,1,2023-24,Larry Nance Jr. (2023-24),99.9,2525,,
1628374,Lauri Markkanen,Lauri,1610612762,UTA,27.0,55,22,33,0.4,33.1,7.8,16.2,0.48,3.2,8.0,0.399,4.5,5.0,0.899,2.2,5.9,8.2,2.0,1.4,0.9,0.5,0.8,1.8,4.4,23.2,0.4,38.8,19,0,39.3,258,276,128,385,55,40,41,197,11,16,96,25,33,53,41,33,32,197,137,114,185,69,187,27,26,217,37,34,38,31,1,2023-24,Lauri Markkanen (2023-24),102.49,3884,,
2544,LeBron James,LeBron,1610612747,LAL,39.0,71,41,30,0.577,35.3,9.6,17.9,0.54,2.1,5.1,0.41,4.3,5.7,0.75,0.9,6.4,7.3,8.3,3.5,1.3,0.5,0.8,1.1,4.3,25.7,3.1,48.8,27,5,46.9,118,97,168,215,20,10,26,86,67,88,68,27,22,307,213,24,43,6,7,31,153,64,390,28,16,78,9,21,6,8,1,2023-24,LeBron James (2023-24),101.54,5304,,
1641778,Leaky Black,Leaky,1610612766,CHA,25.0,26,2,24,0.077,10.9,1.0,2.0,0.481,0.3,0.8,0.45,0.4,0.6,0.667,0.3,1.5,1.8,0.9,0.2,0.3,0.4,0.2,0.7,0.5,2.7,-1.0,8.2,0,0,7.2,406,511,263,556,423,473,490,193,391,442,23,412,409,424,429,381,402,384,503,410,207,401,460,438,465,338,429,257,38,444,1,2023-24,Leaky Black (2023-24),99.44,587,,
1631159,Leonard Miller,Leonard,1610612750,MIN,20.0,17,13,4,0.765,3.1,0.8,1.2,0.65,0.1,0.3,0.4,0.1,0.1,0.5,0.3,0.9,1.2,0.5,0.1,0.1,0.1,0.1,0.3,0.1,1.7,0.5,4.3,0,0,3.8,453,377,510,31,550,497,531,22,458,489,87,523,520,494,450,476,482,485,547,511,498,509,535,539,512,208,512,257,38,513,1,2023-24,Leonard Miller (2023-24),110.84,123,,
1631311,Lester Quinones,Lester,1610612744,GSW,23.0,37,24,13,0.649,10.7,1.5,3.8,0.397,0.9,2.4,0.364,0.5,0.8,0.69,0.6,1.4,1.9,1.0,0.5,0.2,0.1,0.2,1.2,1.0,4.4,0.5,8.4,0,0,8.6,368,257,412,100,432,395,367,451,246,260,213,367,355,400,317,399,392,378,413,493,503,373,361,288,369,211,424,257,38,402,1,2023-24,Lester Quinones (2023-24),101.55,840,,
1629623,Lindell Wigginton,Lindell,1610612749,MIL,26.0,3,3,0,1.0,2.5,0.7,1.7,0.4,0.0,0.7,0.0,0.7,0.7,1.0,0.0,0.0,0.0,0.0,0.3,0.0,0.0,0.0,0.3,0.3,2.0,-3.3,1.7,0,0,2.0,549,489,560,1,564,503,511,442,498,449,498,326,391,1,545,557,561,553,452,539,520,525,522,469,498,480,556,257,38,553,1,2023-24,Lindell Wigginton (2023-24),103.8,17,,
1630322,Lindy Waters III,Lindy,1610612760,OKC,26.0,38,25,13,0.658,7.4,1.3,2.7,0.471,1.0,2.2,0.435,0.1,0.1,1.0,0.2,0.9,1.1,0.6,0.2,0.1,0.2,0.0,0.6,0.1,3.6,-0.9,6.6,0,0,6.9,361,247,412,89,488,428,448,218,232,273,27,526,534,1,505,478,491,446,517,506,366,523,483,536,420,328,470,257,38,451,1,2023-24,Lindy Waters III (2023-24),101.41,597,,
1629022,Lonnie Walker IV,Lonnie,1610612751,BKN,25.0,58,23,35,0.397,17.4,3.6,8.5,0.423,1.8,4.7,0.384,0.8,1.0,0.763,0.2,2.0,2.2,1.3,0.9,0.6,0.3,0.4,1.2,0.8,9.7,0.1,16.1,0,0,16.8,232,270,105,395,285,191,158,396,102,110,144,284,296,282,487,316,356,294,248,284,249,228,350,337,190,244,261,257,38,232,1,2023-24,Lonnie Walker IV (2023-24),100.24,2119,,
1629652,Luguentz Dort,Luguentz,1610612760,OKC,25.0,79,54,25,0.684,28.4,3.6,8.3,0.438,2.0,5.0,0.394,1.6,2.0,0.826,0.9,2.7,3.6,1.4,0.9,0.9,0.6,0.4,2.9,2.2,10.9,4.4,20.9,0,0,20.9,30,18,242,67,123,184,167,341,79,94,111,146,161,160,191,225,219,266,230,125,126,237,25,114,162,45,187,257,38,180,1,2023-24,Luguentz Dort (2023-24),101.99,4762,,
1629029,Luka Dončić,Luka,1610612742,DAL,25.0,70,46,24,0.657,37.5,11.5,23.6,0.487,4.1,10.6,0.382,6.8,8.7,0.786,0.8,8.4,9.2,9.8,4.0,1.4,0.5,0.7,2.1,6.8,33.9,4.6,61.5,49,21,60.9,128,52,263,92,3,2,1,178,2,2,149,4,3,245,219,8,19,3,2,14,150,95,126,3,2,43,1,6,3,1,1,2023-24,Luka Dončić (2023-24),101.06,5524,,
1630568,Luka Garza,Luka,1610612750,MIN,25.0,25,17,8,0.68,4.9,1.4,3.0,0.48,0.4,1.3,0.281,0.7,1.0,0.72,0.8,0.5,1.2,0.2,0.2,0.2,0.0,0.2,1.0,0.8,4.0,0.3,6.0,0,0,6.1,411,331,456,70,521,407,430,196,387,381,409,310,298,361,239,526,476,547,500,496,510,387,434,323,405,228,480,257,38,471,1,2023-24,Luka Garza (2023-24),108.34,279,,
1629677,Luka Samanic,Luka,1610612762,UTA,24.0,43,15,28,0.349,9.4,1.4,3.7,0.38,0.3,1.5,0.203,1.0,1.3,0.786,0.5,1.9,2.4,0.4,0.7,0.1,0.2,0.4,0.7,0.9,4.1,-1.2,7.8,1,0,7.8,330,347,193,424,452,411,376,484,402,357,459,225,240,246,343,325,335,496,325,513,385,230,457,303,392,349,437,190,38,427,1,2023-24,Luka Samanic (2023-24),102.97,866,,
1628379,Luke Kennard,Luke,1610612763,MEM,28.0,39,15,24,0.385,25.6,3.6,8.1,0.448,2.7,6.1,0.45,1.0,1.2,0.889,0.3,2.6,2.9,3.5,1.4,0.5,0.1,0.3,1.0,0.8,11.0,-4.8,20.0,0,0,21.3,355,347,263,400,173,188,174,298,26,51,24,224,271,57,456,229,292,105,140,309,505,317,409,345,157,521,199,257,38,176,1,2023-24,Luke Kennard (2023-24),99.53,2069,,
1628436,Luke Kornet,Luke,1610612738,BOS,28.0,63,48,15,0.762,15.6,2.3,3.2,0.7,0.0,0.0,1.0,0.8,0.9,0.907,1.9,2.3,4.1,1.1,0.3,0.4,1.0,0.2,1.2,1.1,5.3,3.5,15.5,1,0,13.2,191,36,390,32,327,304,418,6,494,536,1,283,340,45,56,276,166,350,452,381,42,404,351,261,330,66,269,190,38,304,1,2023-24,Luke Kornet (2023-24),96.92,1976,,
1630201,Malachi Flynn,Malachi,1610612765,DET,26.0,69,28,41,0.406,12.7,2.0,4.7,0.418,0.8,2.4,0.331,0.8,1.0,0.732,0.3,1.3,1.7,1.9,0.9,0.6,0.1,0.3,1.0,0.8,5.5,-2.6,11.4,0,0,11.2,138,221,59,382,384,333,313,404,260,254,325,292,291,346,441,405,425,210,235,285,438,324,436,333,314,441,355,257,38,345,3,2023-24,Malachi Flynn (2023-24),99.65,1820,,
1631103,Malaki Branham,Malaki,1610612759,SAS,21.0,75,18,57,0.24,21.3,3.6,8.4,0.432,1.2,3.6,0.347,0.7,0.8,0.873,0.4,1.6,2.0,2.1,1.2,0.4,0.1,0.5,1.3,0.8,9.2,-5.0,14.9,0,0,15.4,76,316,6,493,229,189,163,367,176,166,273,304,345,75,414,364,388,192,175,386,452,152,343,328,200,524,284,257,38,252,1,2023-24,Malaki Branham (2023-24),103.72,3449,,
1627763,Malcolm Brogdon,Malcolm,1610612757,POR,31.0,39,15,24,0.385,28.7,5.6,12.7,0.44,2.1,5.1,0.412,2.4,3.0,0.819,0.7,3.1,3.8,5.5,1.5,0.7,0.2,0.7,1.5,2.4,15.7,-2.1,29.7,4,0,28.9,355,347,263,400,119,91,80,332,65,90,62,85,87,175,259,169,201,38,114,214,352,87,274,96,85,408,92,120,38,92,1,2023-24,Malcolm Brogdon (2023-24),99.51,2326,,
1630608,Malcolm Cazalon,Malcolm,1610612765,DET,22.0,1,0,1,0.0,2.6,0.0,0.0,0.0,0.0,0.0,0.0,0.0,0.0,0.0,0.0,0.0,0.0,0.0,0.0,0.0,0.0,0.0,0.0,0.0,0.0,5.0,0.0,0,0,0.0,565,560,546,560,563,561,569,561,498,541,498,531,538,531,545,557,561,553,550,539,520,525,556,547,563,31,568,257,38,568,1,2023-24,Malcolm Cazalon (2023-24),111.48,6,,
1627736,Malik Beasley,Malik,1610612749,MIL,27.0,79,46,33,0.582,29.6,4.1,9.1,0.443,2.8,6.9,0.413,0.3,0.4,0.714,0.5,3.2,3.7,1.4,0.7,0.7,0.1,0.3,2.0,0.5,11.3,3.7,19.6,1,0,20.8,30,52,128,203,105,160,143,317,23,31,59,446,452,369,340,166,209,274,305,186,441,270,154,416,150,57,207,190,38,182,1,2023-24,Malik Beasley (2023-24),102.26,4981,,
1628370,Malik Monk,Malik,1610612758,SAC,26.0,72,42,30,0.583,26.0,5.5,12.4,0.443,2.1,5.9,0.35,2.4,2.8,0.829,0.4,2.6,2.9,5.1,2.1,0.6,0.5,0.8,2.2,2.3,15.4,0.1,28.1,2,0,27.9,108,88,168,201,166,93,85,314,71,58,261,90,92,152,407,239,289,46,64,243,151,83,113,102,91,238,108,157,38,101,1,2023-24,Malik Monk (2023-24),101.92,3978,,
1642013,Malik Williams,Malik,1610612761,TOR,25.0,7,2,5,0.286,15.2,1.3,4.9,0.265,0.1,0.7,0.2,0.0,0.3,0.0,2.1,3.3,5.4,0.3,0.4,0.4,0.6,1.0,2.1,0.3,2.7,-8.0,12.2,0,0,10.6,518,511,494,459,334,429,303,545,445,444,460,531,483,531,44,156,89,527,425,349,136,34,124,483,464,566,340,257,38,358,1,2023-24,Malik Williams (2023-24),99.37,220,,
1629603,Mamadi Diakite,Mamadi,1610612752,NYK,27.0,6,5,1,0.833,4.1,0.7,1.0,0.667,0.0,0.2,0.0,0.7,1.0,0.667,0.2,0.5,0.7,0.3,0.2,0.2,0.2,0.0,0.3,0.5,2.0,0.5,4.1,0,0,3.7,525,466,546,16,534,503,542,12,498,507,498,326,298,424,508,519,527,514,524,489,381,525,522,417,498,205,515,257,38,516,2,2023-24,Mamadi Diakite (2023-24),101.17,51,,
1641970,Maozinha Pereira,Maozinha,1610612763,MEM,23.0,7,2,5,0.286,17.4,2.6,5.0,0.514,0.7,1.9,0.385,1.0,1.4,0.7,1.6,3.7,5.3,0.3,0.7,0.9,0.6,0.3,1.4,1.1,6.9,1.3,17.2,1,0,16.0,518,511,494,459,286,267,292,120,291,315,140,231,212,388,77,113,98,527,296,141,136,311,299,249,265,152,241,190,38,244,1,2023-24,Maozinha Pereira (2023-24),101.42,258,,
1630699,MarJon Beauchamp,MarJon,1610612749,MIL,23.0,48,30,18,0.625,12.7,1.7,3.5,0.488,0.6,1.6,0.4,0.4,0.6,0.679,0.5,1.6,2.1,0.6,0.6,0.3,0.1,0.4,1.1,0.4,4.4,-0.3,8.5,0,0,8.6,306,201,348,128,385,363,394,173,307,347,87,409,406,414,373,363,373,442,358,437,401,258,381,449,373,276,422,257,38,408,1,2023-24,MarJon Beauchamp (2023-24),103.51,1311,,
202694,Marcus Morris Sr.,Marcus,1610612739,CLE,34.0,49,26,23,0.531,16.7,2.4,5.4,0.439,1.0,2.4,0.403,0.7,0.9,0.818,0.5,2.3,2.7,0.7,0.6,0.3,0.3,0.1,1.5,0.8,6.4,-1.2,11.9,0,0,12.0,302,241,292,286,306,292,277,334,231,256,80,303,327,178,369,278,307,425,341,413,304,470,267,343,285,353,346,257,38,330,2,2023-24,Marcus Morris Sr. (2023-24),98.26,1675,,
1631204,Marcus Sasser,Marcus,1610612765,DET,23.0,71,11,60,0.155,19.0,3.1,7.2,0.428,1.3,3.4,0.375,0.8,0.9,0.879,0.2,1.6,1.8,3.3,1.3,0.6,0.2,0.3,1.5,1.0,8.3,-3.5,16.5,1,0,16.2,118,392,5,539,262,224,202,386,168,183,168,274,321,67,515,362,414,116,162,248,379,271,290,272,219,489,252,190,38,242,1,2023-24,Marcus Sasser (2023-24),102.01,2871,,
203935,Marcus Smart,Marcus,1610612763,MEM,30.0,20,7,13,0.35,30.2,5.1,11.9,0.43,2.1,6.7,0.313,2.2,2.8,0.768,0.3,2.4,2.7,4.3,3.1,2.1,0.3,0.3,2.7,2.9,14.5,-1.0,27.9,0,0,28.1,439,440,412,423,95,107,91,372,66,41,354,102,95,276,444,262,317,74,13,1,313,342,45,67,103,335,110,257,38,97,1,2023-24,Marcus Smart (2023-24),102.65,1289,,
1631109,Mark Williams,Mark,1610612766,CHA,22.0,19,7,12,0.368,26.8,5.2,7.9,0.649,0.0,0.0,0.0,2.4,3.4,0.719,4.0,5.7,9.7,1.2,0.9,0.8,1.1,0.9,2.6,2.8,12.7,-1.1,30.9,8,0,27.4,446,440,422,412,154,105,179,24,498,541,498,87,69,364,3,39,16,323,241,146,33,46,49,73,126,341,81,73,38,104,1,2023-24,Mark Williams (2023-24),100.03,1056,,
1628365,Markelle Fultz,Markelle,1610612753,ORL,26.0,43,25,18,0.581,21.2,3.6,7.6,0.472,0.1,0.4,0.222,0.5,0.8,0.697,1.3,1.9,3.2,2.8,1.2,1.0,0.3,0.6,1.5,0.9,7.8,0.3,18.6,0,0,16.5,330,247,348,204,230,192,194,212,470,476,449,371,357,392,117,320,258,142,187,96,247,124,266,293,232,224,222,257,38,238,1,2023-24,Markelle Fultz (2023-24),98.7,1872,,
202693,Markieff Morris,Markieff,1610612742,DAL,34.0,26,15,11,0.577,8.3,0.9,2.6,0.338,0.6,1.6,0.357,0.2,0.2,0.833,0.2,1.3,1.5,0.6,0.5,0.2,0.1,0.1,0.5,0.3,2.5,-2.2,5.7,0,0,5.8,406,347,436,216,475,481,453,519,319,338,238,484,495,135,516,407,440,450,408,475,439,497,509,479,469,418,489,257,38,481,1,2023-24,Markieff Morris (2023-24),104.7,479,,
1641806,Markquis Nowell,Markquis,1610612761,TOR,24.0,1,0,1,0.0,3.5,0.0,1.0,0.0,0.0,0.0,0.0,2.0,2.0,1.0,2.0,0.0,2.0,2.0,0.0,1.0,0.0,1.0,0.0,1.0,2.0,4.0,10.4,0,0,8.0,565,560,546,560,543,561,542,561,498,541,498,107,154,1,51,557,377,197,550,80,520,34,556,275,498,52,373,257,38,423,1,2023-24,Markquis Nowell (2023-24),102.37,7,,
1629716,Marques Bolden,Marques,1610612766,CHA,26.0,11,5,6,0.455,11.0,1.5,2.3,0.68,0.0,0.1,0.0,0.3,0.4,0.75,0.9,2.2,3.1,0.4,0.3,0.3,0.6,0.0,0.9,0.3,3.4,-1.5,10.1,0,0,8.6,485,466,481,354,420,386,476,10,498,517,498,457,466,307,196,292,275,509,480,432,109,525,441,486,433,369,381,257,38,403,2,2023-24,Marques Bolden (2023-24),100.33,256,,
1628963,Marvin Bagley III,Marvin,1610612764,WAS,25.0,50,7,43,0.14,21.1,4.8,8.2,0.586,0.2,0.5,0.391,1.9,2.5,0.762,2.6,3.6,6.2,1.1,1.2,0.4,0.7,0.8,1.6,2.1,11.7,-2.7,22.8,10,0,21.3,291,440,46,545,233,131,172,52,437,472,117,116,113,284,24,123,70,335,184,363,102,85,245,117,144,452,166,59,38,175,2,2023-24,Marvin Bagley III (2023-24),102.87,2257,,
1630222,Mason Jones,Mason,1610612758,SAC,25.0,5,3,2,0.6,5.5,0.4,1.6,0.25,0.4,1.4,0.286,0.2,0.4,0.5,0.2,0.8,1.0,1.0,0.4,0.2,0.0,0.2,0.6,0.4,1.4,-1.4,4.3,0,0,4.2,536,489,535,170,510,544,516,547,375,370,402,479,458,494,499,489,493,363,437,467,520,387,484,455,531,363,511,257,38,510,1,2023-24,Mason Jones (2023-24),100.57,57,,
203486,Mason Plumlee,Mason,1610612746,LAC,34.0,46,29,17,0.63,14.7,1.9,3.3,0.569,0.0,0.1,0.0,1.5,2.2,0.707,1.3,3.8,5.1,1.2,0.8,0.3,0.4,0.3,1.5,1.8,5.3,0.2,14.4,2,0,12.9,315,213,359,121,343,343,411,67,498,514,498,153,136,378,116,108,110,317,275,414,237,300,282,141,329,230,291,157,38,311,1,2023-24,Mason Plumlee (2023-24),100.71,1417,,
1629680,Matisse Thybulle,Matisse,1610612757,POR,27.0,65,18,47,0.277,22.9,1.9,4.9,0.397,1.2,3.6,0.346,0.3,0.4,0.759,0.5,1.6,2.1,1.4,0.6,1.7,0.8,0.2,1.4,0.6,5.4,-3.6,16.9,0,0,15.1,181,316,35,462,209,336,300,450,179,170,275,433,449,292,371,356,367,271,337,6,81,415,297,388,319,490,245,257,38,259,1,2023-24,Matisse Thybulle (2023-24),99.41,3078,,
1630562,Matt Hurt,Matt,1610612763,MEM,24.0,8,2,6,0.25,14.2,1.5,4.3,0.353,0.6,2.5,0.25,0.4,0.4,1.0,1.1,0.9,2.0,0.5,0.3,0.4,0.4,0.1,1.0,0.6,4.0,-1.5,9.2,0,0,8.6,510,511,481,474,352,396,334,510,307,245,431,415,463,1,144,477,377,474,488,377,230,464,409,389,398,372,406,257,38,405,1,2023-24,Matt Hurt (2023-24),98.34,233,,
1630346,Matt Ryan,Matt,1610612740,NOP,27.0,28,14,14,0.5,13.9,1.8,4.0,0.434,1.5,3.3,0.451,0.5,0.5,0.929,0.2,1.2,1.4,0.6,0.7,0.2,0.0,0.0,1.1,0.6,5.4,0.5,8.2,0,0,9.5,399,361,406,300,359,354,350,360,142,188,22,389,422,32,492,428,451,443,308,462,512,520,373,395,321,210,431,257,38,381,1,2023-24,Matt Ryan (2023-24),103.84,845,,
1631108,Max Christie,Max,1610612747,LAL,21.0,67,38,29,0.567,14.1,1.5,3.6,0.427,0.6,1.8,0.356,0.5,0.7,0.783,0.2,1.9,2.1,0.9,0.5,0.3,0.3,0.3,0.9,0.4,4.2,-0.3,9.3,0,0,9.0,166,124,179,233,356,389,381,387,306,325,243,370,386,252,488,322,364,389,378,419,311,294,448,448,384,277,403,257,38,393,1,2023-24,Max Christie (2023-24),104.25,2054,,
1629622,Max Strus,Max,1610612739,CLE,28.0,70,43,27,0.614,32.0,4.3,10.4,0.418,2.4,6.8,0.351,1.1,1.4,0.794,0.9,3.9,4.8,4.0,1.6,0.9,0.4,0.6,2.4,1.7,12.2,3.6,26.4,5,1,26.1,128,79,213,152,74,149,120,406,46,32,257,211,223,228,188,103,123,82,101,113,214,131,70,163,136,59,130,104,16,119,1,2023-24,Max Strus (2023-24),99.71,4649,,
1628467,Maxi Kleber,Maxi,1610612742,DAL,32.0,43,27,16,0.628,20.3,1.5,3.4,0.432,0.7,2.1,0.348,0.8,1.1,0.702,0.7,2.6,3.3,1.6,0.7,0.4,0.7,0.1,1.8,1.3,4.4,2.9,13.4,1,0,12.3,330,231,375,124,242,404,400,368,282,284,269,289,279,385,267,228,243,242,325,368,90,487,184,221,367,85,317,190,38,326,1,2023-24,Maxi Kleber (2023-24),102.07,1854,,
1641721,Maxwell Lewis,Maxwell,1610612747,LAL,21.0,34,18,16,0.529,3.0,0.1,0.6,0.19,0.0,0.3,0.111,0.1,0.1,0.667,0.1,0.1,0.1,0.2,0.3,0.1,0.0,0.1,0.1,0.1,0.3,-2.1,0.7,0,0,0.8,375,316,375,287,553,560,564,554,489,493,492,523,530,424,538,556,560,544,472,532,518,491,551,539,562,414,567,257,38,565,1,2023-24,Maxwell Lewis (2023-24),105.73,227,,
1630695,Micah Potter,Micah,1610612762,UTA,26.0,16,3,13,0.188,11.6,1.2,2.5,0.475,0.6,1.3,0.429,0.4,0.5,0.75,0.6,2.1,2.7,0.4,0.3,0.3,0.4,0.1,0.9,0.5,3.3,-1.8,8.7,0,0,8.2,461,489,412,517,404,446,458,205,323,377,34,415,422,307,293,301,313,507,465,446,230,507,444,417,436,388,415,257,38,414,1,2023-24,Micah Potter (2023-24),99.32,387,,
1629008,Michael Porter Jr.,Michael,1610612743,DEN,26.0,81,57,24,0.704,31.7,6.4,13.3,0.484,2.7,6.8,0.397,1.1,1.4,0.836,1.3,5.7,7.0,1.5,1.1,0.5,0.7,0.5,1.8,1.2,16.7,5.8,29.8,14,0,30.3,18,4,263,51,79,70,72,186,29,33,100,201,226,130,115,41,49,252,192,304,106,186,186,232,76,16,90,47,38,79,1,2023-24,Michael Porter Jr. (2023-24),97.81,5247,,
1628969,Mikal Bridges,Mikal,1610612751,BKN,27.0,82,32,50,0.39,34.8,6.9,15.8,0.436,2.7,7.2,0.372,3.1,3.9,0.814,0.8,3.7,4.5,3.6,2.0,1.0,0.4,0.7,1.4,3.1,19.6,-2.3,32.6,3,0,33.2,2,183,26,397,27,59,46,349,31,26,187,54,55,188,221,114,134,95,68,89,239,111,304,59,55,422,74,135,38,63,1,2023-24,Mikal Bridges (2023-24),98.35,5852,,
201144,Mike Conley,Mike,1610612750,MIN,36.0,76,53,23,0.697,28.9,3.9,8.5,0.457,2.4,5.3,0.442,1.3,1.5,0.911,0.5,2.4,2.9,5.9,1.3,1.2,0.2,0.2,1.7,1.6,11.4,3.6,26.5,5,0,25.3,61,22,292,55,116,171,159,266,51,78,25,172,200,42,363,259,293,29,147,50,337,398,227,180,148,60,128,104,38,128,1,2023-24,Mike Conley (2023-24),97.38,4460,,
203488,Mike Muscala,Mike,1610612760,OKC,33.0,53,17,36,0.321,11.3,1.1,2.9,0.359,0.5,1.8,0.292,0.3,0.5,0.68,0.7,1.6,2.4,0.7,0.4,0.2,0.2,0.2,1.0,0.6,3.0,-1.7,7.7,0,0,7.4,278,331,99,445,415,458,436,504,333,319,396,442,438,410,255,357,339,434,430,488,324,407,429,400,454,385,441,257,38,438,3,2023-24,Mike Muscala (2023-24),103.13,1293,,
1628970,Miles Bridges,Miles,1610612766,CHA,26.0,69,17,52,0.246,37.4,8.1,17.5,0.462,2.3,6.5,0.349,2.5,3.1,0.825,1.0,6.3,7.3,3.3,2.0,0.9,0.5,0.9,1.7,2.5,21.0,-9.2,37.1,19,0,36.8,138,331,19,489,4,31,30,244,56,45,265,81,85,163,164,27,42,112,68,102,178,48,225,88,42,570,51,34,38,43,1,2023-24,Miles Bridges (2023-24),98.46,5298,,
1630540,Miles McBride,Miles,1610612752,NYK,23.0,68,42,26,0.618,19.5,3.0,6.7,0.452,1.6,3.9,0.41,0.6,0.7,0.86,0.5,1.0,1.5,1.7,0.4,0.7,0.1,0.3,1.6,0.8,8.3,-0.2,14.6,0,0,14.7,148,88,230,142,257,225,220,288,123,140,69,343,366,93,374,448,445,223,420,196,457,295,254,324,218,274,288,257,38,267,1,2023-24,Miles McBride (2023-24),95.4,2632,,
1629011,Mitchell Robinson,Mitchell,1610612752,NYK,26.0,31,19,12,0.613,24.8,2.4,4.1,0.575,0.0,0.0,0.0,0.9,2.1,0.409,4.6,3.9,8.5,0.6,0.8,1.2,1.1,0.5,1.8,1.9,5.6,0.4,22.8,2,0,19.3,392,307,422,157,187,293,343,59,498,541,498,258,141,522,2,101,26,459,271,44,26,195,201,132,313,215,167,157,38,199,1,2023-24,Mitchell Robinson (2023-24),96.67,1545,,
1628964,Mo Bamba,Mo,1610612755,PHI,26.0,57,30,27,0.526,13.0,1.7,3.5,0.49,0.4,1.1,0.391,0.6,0.9,0.68,1.4,2.8,4.2,0.7,0.7,0.4,1.1,0.2,1.8,0.9,4.4,-0.8,14.2,1,0,12.6,241,201,213,290,375,360,393,167,362,404,122,352,335,410,109,206,163,427,304,373,33,379,205,316,368,323,301,190,38,315,1,2023-24,Mo Bamba (2023-24),97.77,1507,,
1628420,Monte Morris,Monte,1610612750,MIN,29.0,33,21,12,0.636,14.4,1.9,4.6,0.405,0.8,2.1,0.386,0.4,0.6,0.684,0.2,1.5,1.7,2.1,0.2,0.6,0.3,0.2,0.4,0.5,5.0,2.6,12.5,0,0,11.3,380,289,422,108,347,346,316,433,256,285,134,411,410,404,495,379,417,189,509,271,298,417,514,407,346,100,334,257,38,342,2,2023-24,Monte Morris (2023-24),99.42,983,,
1629021,Moritz Wagner,Moritz,1610612753,ORL,27.0,80,46,34,0.575,17.7,4.2,6.9,0.601,0.5,1.4,0.33,2.1,2.6,0.814,1.5,2.9,4.3,1.2,1.2,0.5,0.3,0.5,2.0,2.4,10.9,1.2,18.9,3,0,18.4,23,52,113,218,280,155,209,41,348,365,327,104,109,189,91,195,149,316,176,327,305,172,154,94,163,163,218,135,38,214,1,2023-24,Moritz Wagner (2023-24),98.73,2911,,
1629650,Moses Brown,Moses,1610612757,POR,24.0,22,4,18,0.182,9.1,1.5,3.0,0.508,0.0,0.0,0.0,0.4,1.4,0.29,1.7,2.2,3.9,0.3,0.5,0.2,0.3,0.5,1.2,1.3,3.4,-2.7,9.7,0,0,8.7,427,482,348,523,461,396,435,129,498,541,498,401,219,526,70,282,184,522,385,460,267,153,349,212,427,448,387,257,38,399,1,2023-24,Moses Brown (2023-24),100.45,419,,
1630541,Moses Moody,Moses,1610612744,GSW,22.0,66,38,28,0.576,17.5,2.9,6.4,0.462,1.1,3.0,0.36,1.1,1.4,0.785,1.0,2.0,3.0,0.9,0.7,0.6,0.4,0.5,1.4,1.2,8.1,1.5,15.3,0,0,15.0,170,124,193,217,283,230,234,245,206,212,224,209,219,249,177,315,287,393,314,238,240,194,316,231,225,140,273,257,38,260,1,2023-24,Moses Moody (2023-24),100.54,2432,,
1631338,Mouhamadou Gueye,Mouhamadou,1610612761,TOR,25.0,11,0,11,0.0,10.9,1.0,3.5,0.289,0.0,0.3,0.0,0.4,0.8,0.444,1.1,1.0,2.1,0.5,1.1,0.3,1.6,0.5,1.4,0.9,2.4,-7.3,10.2,0,0,8.7,485,560,436,560,426,460,395,542,498,491,498,422,349,519,152,449,368,491,197,432,12,153,316,301,479,559,376,257,38,399,1,2023-24,Mouhamadou Gueye (2023-24),102.25,255,,
1631243,Mouhamed Gueye,Mouhamed,1610612737,ATL,21.0,6,2,4,0.333,12.1,1.3,3.8,0.348,0.5,1.5,0.333,0.8,1.0,0.833,1.7,2.0,3.7,0.7,0.2,0.8,0.7,0.5,2.2,0.8,4.0,-6.8,13.7,0,0,11.8,525,511,510,432,396,422,364,515,339,352,302,266,298,135,71,309,210,436,524,150,98,172,113,325,398,552,308,257,38,334,1,2023-24,Mouhamed Gueye (2023-24),104.51,158,,
1631217,Moussa Diabaté,Moussa,1610612746,LAC,22.0,11,7,4,0.636,5.8,0.9,1.7,0.526,0.0,0.0,0.0,0.8,1.3,0.643,1.4,0.8,2.2,0.4,0.2,0.5,0.1,0.3,0.4,0.9,2.6,-0.2,7.3,0,0,6.3,485,440,510,108,506,477,508,107,498,541,498,272,243,447,107,487,358,509,518,343,468,325,518,301,466,267,453,257,38,465,1,2023-24,Moussa Diabaté (2023-24),96.39,130,,
1626167,Myles Turner,Myles,1610612754,IND,28.0,77,45,32,0.584,27.0,6.2,11.8,0.524,1.5,4.2,0.358,3.2,4.1,0.773,1.5,5.5,6.9,1.3,1.4,0.5,1.9,0.5,3.0,3.4,17.1,2.9,33.0,17,0,31.5,54,66,137,200,148,76,92,111,136,130,237,53,49,267,90,46,53,289,136,312,10,153,18,48,73,88,69,41,38,75,1,2023-24,Myles Turner (2023-24),102.52,4432,,
1630230,Naji Marshall,Naji,1610612740,NOP,26.0,66,41,25,0.621,19.0,2.6,5.6,0.463,0.9,2.3,0.387,1.0,1.3,0.791,0.8,2.8,3.6,1.9,1.0,0.7,0.2,0.3,1.4,1.0,7.1,3.1,16.1,0,0,15.4,170,97,242,137,261,266,262,240,243,270,133,221,239,235,229,204,213,205,223,190,367,286,312,275,254,76,259,257,38,253,1,2023-24,Naji Marshall (2023-24),100.71,2627,,
1629642,Nassir Little,Nassir,1610612756,PHX,24.0,45,28,17,0.622,10.2,1.3,2.8,0.46,0.5,1.6,0.3,0.4,0.4,0.85,0.3,1.4,1.7,0.5,0.3,0.2,0.2,0.1,0.9,0.4,3.4,-2.0,7.1,0,0,6.9,323,221,359,136,440,434,446,258,349,348,371,414,450,114,439,402,421,487,467,461,338,457,447,455,432,400,459,257,38,452,1,2023-24,Nassir Little (2023-24),101.49,971,,
1630207,Nate Hinton,Nate,1610612745,HOU,25.0,15,8,7,0.533,5.0,0.7,1.7,0.423,0.5,0.9,0.5,0.3,0.3,0.8,0.5,1.0,1.5,0.7,0.2,0.2,0.1,0.1,0.7,0.3,2.2,0.9,5.8,0,0,5.5,467,423,464,280,519,500,507,394,349,427,9,460,472,212,370,449,446,436,511,467,418,457,459,487,489,180,487,257,38,489,1,2023-24,Nate Hinton (2023-24),111.71,172,,
1631466,Nate Williams,Nate,1610612745,HOU,25.0,22,11,11,0.5,5.9,1.2,2.3,0.54,0.1,0.2,0.4,0.3,0.6,0.538,0.5,0.5,1.0,0.3,0.2,0.2,0.0,0.4,0.5,0.4,2.9,1.0,5.1,0,0,4.8,427,392,436,300,505,439,476,85,472,501,87,443,405,490,328,519,492,522,518,480,508,254,510,452,457,167,499,257,38,502,1,2023-24,Nate Williams (2023-24),105.92,287,,
1641877,Nathan Mensah,Nathan,1610612766,CHA,26.0,25,3,22,0.12,12.3,0.5,1.1,0.429,0.0,0.0,0.0,0.4,0.5,0.75,1.2,1.4,2.6,0.4,0.6,0.2,0.6,0.1,2.6,0.8,1.3,-5.3,6.8,0,0,5.9,411,489,302,550,393,536,537,378,498,541,498,423,434,307,135,391,321,512,360,454,142,496,57,346,534,534,467,257,38,478,1,2023-24,Nathan Mensah (2023-24),99.71,633,,
1629675,Naz Reid,Naz,1610612750,MIN,24.0,81,56,25,0.691,24.2,5.0,10.5,0.477,2.1,5.0,0.414,1.3,1.8,0.736,0.9,4.3,5.2,1.3,1.4,0.8,0.9,0.8,2.1,1.4,13.5,3.1,25.4,6,0,25.4,18,10,242,65,194,114,118,204,68,93,56,171,173,343,201,80,103,286,142,179,50,75,127,200,118,79,139,93,38,125,1,2023-24,Naz Reid (2023-24),99.83,4092,,
1629674,Neemias Queta,Neemias,1610612738,BOS,24.0,28,24,4,0.857,11.9,2.4,3.7,0.644,0.0,0.0,0.0,0.7,1.0,0.714,1.9,2.5,4.4,0.7,0.5,0.5,0.8,0.4,1.8,0.9,5.5,4.8,15.0,2,0,13.0,399,257,510,14,399,288,372,25,498,541,498,314,298,369,55,248,148,429,406,341,83,206,195,317,315,32,282,157,38,309,1,2023-24,Neemias Queta (2023-24),98.67,683,,
1629651,Nic Claxton,Nic,1610612751,BKN,25.0,71,27,44,0.38,29.8,5.2,8.2,0.629,0.0,0.1,0.2,1.5,2.8,0.551,2.7,7.2,9.9,2.1,1.3,0.6,2.1,0.6,2.5,3.4,11.8,-3.9,33.7,30,0,29.3,118,231,40,404,99,106,171,30,496,521,460,154,97,487,18,16,15,193,153,234,8,140,65,51,142,501,64,17,38,87,1,2023-24,Nic Claxton (2023-24),98.42,4323,,
1630208,Nick Richards,Nick,1610612766,CHA,26.0,67,14,53,0.209,26.2,3.9,5.6,0.691,0.0,0.0,0.0,2.0,2.7,0.737,2.6,5.5,8.0,0.8,1.1,0.4,1.1,0.6,2.6,2.4,9.7,-6.4,24.0,19,0,21.6,166,361,16,509,163,169,260,8,498,537,498,111,101,342,27,44,35,410,198,372,29,145,51,98,191,547,153,34,38,171,1,2023-24,Nick Richards (2023-24),97.53,3572,,
1641733,Nick Smith Jr.,Nick,1610612766,CHA,20.0,51,9,42,0.176,14.3,2.2,5.7,0.391,1.2,2.9,0.432,0.3,0.3,0.867,0.4,1.1,1.4,1.2,0.8,0.2,0.1,0.2,1.1,0.3,5.9,-3.8,9.6,0,0,10.4,284,412,49,528,350,309,257,467,177,225,31,463,482,83,423,444,456,324,280,473,412,359,397,485,303,496,392,257,38,362,1,2023-24,Nick Smith Jr. (2023-24),97.72,1479,,
1629638,Nickeil Alexander-Walker,Nickeil,1610612750,MIN,25.0,82,56,26,0.683,23.4,2.9,6.6,0.439,1.6,4.1,0.391,0.6,0.8,0.8,0.4,1.6,2.0,2.5,0.9,0.8,0.5,0.4,1.7,1.0,8.0,3.8,17.1,0,0,16.7,2,10,230,69,203,234,225,340,125,134,119,341,353,212,389,360,375,160,232,178,160,260,217,274,227,55,243,257,38,234,1,2023-24,Nickeil Alexander-Walker (2023-24),99.98,4005,,
201587,Nicolas Batum,Nicolas,1610612755,PHI,35.0,60,36,24,0.6,25.5,1.9,4.3,0.453,1.2,3.1,0.395,0.3,0.4,0.714,1.2,3.0,4.1,2.1,0.7,0.8,0.6,0.0,1.8,0.4,5.3,3.0,17.1,0,0,15.7,215,146,263,170,177,337,333,282,184,201,110,464,469,369,133,183,168,185,314,167,111,521,189,444,327,84,242,257,38,247,2,2023-24,Nicolas Batum (2023-24),98.51,3139,,
203999,Nikola Jokić,Nikola,1610612743,DEN,29.0,79,55,24,0.696,34.6,10.4,17.9,0.583,1.1,2.9,0.359,4.5,5.5,0.817,2.8,9.5,12.4,9.0,3.0,1.4,0.9,0.9,2.5,5.4,26.4,8.6,58.3,68,25,53.2,30,14,263,57,28,5,27,54,215,222,230,24,25,181,16,2,4,4,17,20,58,57,67,10,12,1,3,2,2,4,1,2023-24,Nikola Jokić (2023-24),98.05,5599,,
1631107,Nikola Jović,Nikola,1610612748,MIA,21.0,46,24,22,0.522,19.5,2.8,6.1,0.452,1.4,3.5,0.399,0.7,1.0,0.702,0.5,3.6,4.2,2.0,0.9,0.5,0.3,0.2,1.8,1.1,7.7,3.2,17.2,0,0,16.9,315,257,302,294,258,244,244,287,149,171,94,313,293,385,331,125,164,204,235,288,280,424,198,252,237,69,240,257,38,229,1,2023-24,Nikola Jović (2023-24),97.42,1822,,
202696,Nikola Vučević,Nikola,1610612741,CHI,33.0,76,36,40,0.474,34.3,7.7,15.9,0.484,1.2,4.1,0.294,1.4,1.7,0.822,2.8,7.8,10.5,3.3,1.6,0.7,0.8,0.6,2.5,1.9,18.0,-2.4,38.5,45,0,36.0,61,146,67,340,31,46,43,185,186,133,392,165,181,171,17,13,12,113,106,229,71,123,60,137,65,429,41,7,38,49,1,2023-24,Nikola Vučević (2023-24),97.36,5287,,
1641730,Noah Clowney,Noah,1610612751,BKN,19.0,23,10,13,0.435,16.1,2.2,4.0,0.538,0.5,1.4,0.364,0.9,1.3,0.7,1.1,2.4,3.5,0.8,0.7,0.3,0.7,0.3,1.1,1.2,5.8,-2.3,13.7,1,0,12.7,420,403,412,369,316,311,349,90,336,366,213,248,238,388,143,258,227,415,323,394,91,265,393,227,306,427,311,190,38,314,1,2023-24,Noah Clowney (2023-24),99.61,767,,
1626181,Norman Powell,Norman,1610612746,LAC,31.0,76,48,28,0.632,26.2,4.9,10.1,0.486,2.2,5.1,0.435,1.9,2.3,0.831,0.2,2.4,2.6,1.1,0.9,0.6,0.3,0.5,1.8,2.0,13.9,2.8,20.3,0,0,21.4,61,36,193,119,164,123,122,181,60,92,28,121,131,149,496,261,324,344,253,277,290,184,192,129,109,92,197,257,38,173,1,2023-24,Norman Powell (2023-24),100.37,4162,,
1628384,OG Anunoby,OG,1610612752,NYK,26.0,50,31,19,0.62,34.0,5.6,11.5,0.489,2.0,5.3,0.382,1.3,1.8,0.753,0.9,3.2,4.2,2.1,1.6,1.4,0.7,0.8,2.4,1.5,14.7,7.8,27.5,0,0,27.2,291,193,337,139,35,90,99,172,74,76,148,173,175,304,189,160,165,184,100,21,87,68,79,182,100,5,117,257,38,106,2,2023-24,OG Anunoby (2023-24),98.71,3503,,
1630167,Obi Toppin,Obi,1610612754,IND,26.0,82,47,35,0.573,21.1,4.0,7.1,0.573,1.2,3.1,0.403,0.9,1.2,0.77,1.0,2.9,3.9,1.6,0.8,0.6,0.5,0.4,1.7,1.1,10.3,1.7,19.8,1,0,19.2,2,45,105,222,232,162,206,60,173,200,81,244,260,273,163,197,186,245,259,273,157,253,217,264,173,133,205,190,38,204,1,2023-24,Obi Toppin (2023-24),104.97,3786,,
1630534,Ochai Agbaji,Ochai,1610612761,TOR,24.0,78,31,47,0.397,21.0,2.3,5.6,0.411,0.8,2.7,0.294,0.5,0.7,0.661,0.9,1.8,2.8,1.1,0.8,0.6,0.6,0.5,1.5,0.7,5.8,-3.2,13.4,0,0,12.8,43,193,35,391,234,298,264,425,265,234,393,388,374,437,185,332,303,349,265,253,141,165,268,372,304,474,318,257,38,313,2,2023-24,Ochai Agbaji (2023-24),101.56,3472,,
1630846,Olivier Sarr,Olivier,1610612760,OKC,25.0,15,8,7,0.533,6.5,0.7,1.3,0.579,0.1,0.4,0.333,0.7,1.0,0.667,0.7,1.7,2.4,0.1,0.2,0.0,0.5,0.0,1.2,0.7,2.3,0.1,6.5,0,0,5.9,467,423,464,280,498,500,526,57,449,478,302,326,298,424,281,342,332,548,511,539,188,525,356,372,487,245,473,257,38,479,1,2023-24,Olivier Sarr (2023-24),101.42,207,,
1641765,Olivier-Maxence Prosper,Olivier-Maxence,1610612742,DAL,21.0,40,24,16,0.6,8.4,1.0,2.6,0.385,0.3,1.1,0.289,0.7,1.0,0.683,0.6,1.4,2.0,0.6,0.2,0.2,0.1,0.2,0.5,0.7,3.0,-2.2,6.8,0,0,6.4,349,257,375,170,472,460,454,475,399,403,400,319,292,408,293,404,387,467,511,484,459,442,497,360,453,416,465,257,38,460,1,2023-24,Olivier-Maxence Prosper (2023-24),104.65,738,,
1630209,Omer Yurtseven,Omer,1610612762,UTA,26.0,48,17,31,0.354,11.4,2.1,3.8,0.538,0.1,0.5,0.208,0.4,0.6,0.679,1.5,2.8,4.3,0.6,0.8,0.2,0.4,0.3,1.1,0.7,4.6,-2.8,11.6,2,0,10.8,306,331,149,421,413,318,364,89,464,463,456,409,406,414,86,204,150,453,278,489,230,342,395,358,357,458,351,157,38,353,1,2023-24,Omer Yurtseven (2023-24),100.56,1148,,
1641931,Onuralp Bitim,Onuralp,1610612741,CHI,25.0,23,11,12,0.478,11.7,1.4,3.7,0.381,0.5,1.9,0.273,0.2,0.2,0.8,0.3,1.1,1.4,0.6,0.4,0.1,0.1,0.2,1.0,0.3,3.5,-2.0,6.2,0,0,6.4,420,392,422,336,403,412,380,480,336,306,418,490,502,212,470,437,461,461,424,507,475,372,402,467,424,401,478,257,38,462,1,2023-24,Onuralp Bitim (2023-24),99.94,559,,
1630168,Onyeka Okongwu,Onyeka,1610612737,ATL,23.0,55,23,32,0.418,25.5,4.1,6.6,0.611,0.4,1.3,0.333,1.7,2.1,0.793,2.6,4.2,6.8,1.3,0.8,0.5,1.1,0.5,2.9,1.7,10.2,-0.6,24.3,8,0,21.9,258,270,137,372,176,158,221,38,372,382,302,142,143,230,22,87,55,276,266,338,31,183,24,164,176,309,148,73,38,166,1,2023-24,Onyeka Okongwu (2023-24),103.28,3020,,
1631115,Orlando Robinson,Orlando,1610612748,MIA,23.0,36,20,16,0.556,8.4,1.0,2.0,0.5,0.2,0.4,0.533,0.5,0.7,0.76,0.8,1.6,2.3,0.9,0.5,0.2,0.2,0.2,1.0,0.7,2.8,0.3,7.7,1,0,7.1,370,297,375,259,471,460,490,139,424,477,8,373,383,288,235,370,340,379,385,474,338,400,431,362,459,222,439,190,38,447,1,2023-24,Orlando Robinson (2023-24),98.39,618,,
1631131,Oscar Tshiebwe,Oscar,1610612754,IND,24.0,8,2,6,0.25,5.2,1.3,2.5,0.5,0.0,0.0,0.0,0.8,1.0,0.75,1.0,1.0,2.0,0.3,0.0,0.3,0.1,0.5,0.4,0.6,3.3,1.8,7.2,0,0,6.3,510,511,481,474,513,435,458,139,498,541,498,293,298,307,169,449,377,532,550,446,422,172,517,389,440,131,456,257,38,466,1,2023-24,Oscar Tshiebwe (2023-24),108.21,94,,
1629052,Oshae Brissett,Oshae,1610612738,BOS,26.0,55,46,9,0.836,11.5,1.2,2.8,0.444,0.3,1.0,0.273,0.9,1.5,0.602,1.1,1.8,2.9,0.8,0.4,0.3,0.1,0.2,1.0,1.0,3.7,2.1,9.5,0,0,8.6,258,52,444,15,410,438,445,310,412,410,418,249,195,467,148,333,291,411,445,395,402,434,428,269,417,113,397,257,38,406,1,2023-24,Oshae Brissett (2023-24),100.85,1311,,
203490,Otto Porter Jr.,Otto,1610612761,TOR,31.0,15,6,9,0.4,11.6,0.9,2.2,0.424,0.5,1.5,0.348,0.2,0.2,1.0,0.4,1.5,1.9,0.5,0.1,0.3,0.3,0.1,1.3,0.1,2.6,1.5,7.6,0,0,6.9,467,458,444,385,406,475,478,391,330,349,269,479,504,1,404,375,395,471,534,398,256,457,341,521,467,145,444,257,38,450,1,2023-24,Otto Porter Jr. (2023-24),103.13,376,,
1631172,Ousmane Dieng,Ousmane,1610612760,OKC,21.0,33,21,12,0.636,11.1,1.5,3.5,0.422,0.6,2.1,0.3,0.4,0.5,0.875,0.3,1.2,1.5,1.1,0.6,0.2,0.2,0.1,0.7,0.4,4.0,0.0,8.2,0,0,8.1,380,289,422,108,419,401,386,398,304,285,371,396,431,72,442,418,437,332,355,453,392,488,470,446,396,252,432,257,38,418,1,2023-24,Ousmane Dieng (2023-24),100.42,760,,
200782,P.J. Tucker,P.J.,1610612746,LAC,39.0,31,13,18,0.419,15.7,0.6,1.6,0.36,0.4,1.1,0.371,0.1,0.1,1.0,0.9,1.8,2.7,0.5,0.3,0.5,0.2,0.1,1.7,0.4,1.7,-0.8,7.7,0,0,6.8,392,377,348,371,324,518,515,502,371,402,188,514,528,1,200,328,305,473,487,306,335,505,220,465,514,316,440,257,38,453,2,2023-24,P.J. Tucker (2023-24),98.41,992,,
1629023,P.J. Washington,P.J.,1610612742,DAL,25.0,73,30,43,0.411,30.4,4.8,11.1,0.436,1.8,5.7,0.32,1.4,2.0,0.683,1.2,4.5,5.6,1.9,1.3,1.0,0.8,0.6,2.3,1.6,12.9,-1.8,26.6,4,0,25.8,99,201,46,377,93,126,105,345,98,67,347,169,156,409,134,74,78,206,151,90,67,141,88,166,125,394,127,120,38,123,2,2023-24,P.J. Washington (2023-24),100.49,4648,,
1631094,Paolo Banchero,Paolo,1610612753,ORL,21.0,80,46,34,0.575,35.0,8.0,17.6,0.455,1.5,4.4,0.339,5.1,7.0,0.725,1.0,5.9,6.9,5.4,3.1,0.9,0.6,1.1,1.9,4.8,22.6,0.0,40.3,16,2,39.3,23,52,113,218,24,34,29,271,138,126,287,17,11,355,165,34,52,41,15,133,129,21,173,23,32,253,31,43,10,32,1,2023-24,Paolo Banchero (2023-24),98.2,5727,,
1627783,Pascal Siakam,Pascal,1610612754,IND,30.0,80,38,42,0.475,33.2,8.5,15.9,0.536,1.1,3.1,0.346,3.6,5.0,0.732,1.7,5.3,7.1,4.3,1.8,0.8,0.3,0.6,2.4,4.1,21.7,1.4,38.1,15,1,36.3,23,124,49,339,53,26,45,95,213,203,279,41,35,347,66,48,47,75,86,173,272,135,73,37,38,147,45,45,16,48,2,2023-24,Pascal Siakam (2023-24),100.99,5587,,
1626192,Pat Connaughton,Pat,1610612749,MIL,31.0,76,45,31,0.592,22.1,2.0,4.6,0.435,1.1,3.1,0.345,0.6,0.8,0.759,0.7,2.5,3.1,2.1,0.6,0.5,0.3,0.1,1.3,0.8,5.6,-0.2,14.3,0,0,13.5,61,66,149,184,221,332,320,351,208,196,280,354,359,292,279,246,268,187,332,300,313,461,335,339,311,268,295,257,38,296,1,2023-24,Pat Connaughton (2023-24),101.34,3545,,
1630311,Pat Spencer,Pat,1610612744,GSW,27.0,6,4,2,0.667,4.3,0.3,0.7,0.5,0.0,0.3,0.0,0.0,0.0,0.0,0.3,0.3,0.7,0.8,0.2,0.0,0.0,0.0,0.2,0.0,0.7,-1.0,2.6,0,0,2.2,525,482,535,76,531,548,561,139,498,482,498,531,538,531,430,537,527,399,524,539,520,525,550,547,554,335,543,257,38,549,1,2023-24,Pat Spencer (2023-24),102.92,56,,
1631116,Patrick Baldwin Jr.,Patrick,1610612764,WAS,21.0,38,6,32,0.158,13.0,1.6,4.1,0.381,0.8,2.6,0.32,0.5,0.7,0.679,0.4,2.8,3.2,0.8,0.5,0.5,0.4,0.1,1.5,0.7,4.4,-0.6,11.6,2,0,11.0,361,458,137,536,376,385,345,483,258,240,348,378,365,414,382,212,251,418,385,337,223,479,283,379,371,308,352,157,38,348,1,2023-24,Patrick Baldwin Jr. (2023-24),104.75,1079,,
201976,Patrick Beverley,Patrick,1610612749,MIL,35.0,73,43,30,0.589,20.0,2.2,5.2,0.417,0.8,2.5,0.337,1.0,1.2,0.822,0.7,2.6,3.3,2.9,0.9,0.6,0.4,0.2,1.8,1.3,6.2,-0.8,16.6,2,0,15.2,99,79,168,190,246,312,284,408,252,250,294,229,258,169,278,233,247,132,243,259,204,403,213,214,295,325,250,157,38,258,2,2023-24,Patrick Beverley (2023-24),98.44,2993,,
1630172,Patrick Williams,Patrick,1610612741,CHI,22.0,43,19,24,0.442,27.3,3.7,8.3,0.443,1.4,3.4,0.399,1.2,1.5,0.788,1.1,2.8,3.9,1.5,1.3,0.9,0.8,0.7,2.0,1.2,10.0,-0.3,20.7,0,0,20.1,330,307,263,365,140,179,165,318,154,175,95,187,191,242,155,211,191,248,150,104,76,114,151,233,184,282,189,257,38,189,1,2023-24,Patrick Williams (2023-24),97.59,2393,,
201988,Patty Mills,Patty,1610612748,MIA,35.0,32,15,17,0.469,13.0,1.4,4.1,0.351,0.8,2.7,0.276,0.3,0.3,1.0,0.3,0.8,1.1,1.1,0.5,0.6,0.0,0.1,1.0,0.6,4.0,0.2,8.3,0,0,8.2,385,347,359,344,377,408,344,513,277,233,415,430,470,1,457,488,490,351,385,243,515,464,409,398,404,234,427,257,38,414,2,2023-24,Patty Mills (2023-24),100.26,869,,
202331,Paul George,Paul,1610612746,LAC,34.0,74,48,26,0.649,33.8,7.9,16.7,0.471,3.3,7.9,0.413,3.6,3.9,0.907,0.5,4.7,5.2,3.5,2.1,1.5,0.5,0.7,2.7,3.2,22.6,6.2,38.2,3,0,38.7,87,36,230,100,41,36,38,220,8,17,60,43,53,46,346,65,101,103,66,11,164,88,40,55,31,11,44,135,38,34,1,2023-24,Paul George (2023-24),97.47,5080,,
1630194,Paul Reed,Paul,1610612755,PHI,25.0,82,47,35,0.573,19.4,3.2,5.9,0.54,0.3,0.7,0.368,0.7,1.0,0.718,2.4,3.6,6.0,1.3,0.8,0.8,1.0,0.5,2.4,1.2,7.3,1.2,21.2,8,0,18.5,2,45,105,222,260,218,255,88,415,448,201,298,287,365,33,127,73,280,267,161,37,172,72,245,243,160,180,73,38,211,1,2023-24,Paul Reed (2023-24),97.81,3221,,
1630202,Payton Pritchard,Payton,1610612738,BOS,26.0,82,64,18,0.78,22.3,3.6,7.7,0.468,1.8,4.7,0.385,0.6,0.7,0.821,0.9,2.4,3.2,3.4,0.7,0.5,0.1,0.3,1.3,0.8,9.6,5.5,19.5,3,0,19.1,2,1,348,23,218,187,182,226,103,112,139,362,388,172,217,260,253,108,286,334,488,277,338,350,192,20,209,135,38,205,1,2023-24,Payton Pritchard (2023-24),97.16,3673,,
1631250,Pete Nance,Pete,1610612739,CLE,24.0,8,3,5,0.375,3.4,0.1,0.8,0.167,0.1,0.1,1.0,0.0,0.3,0.0,0.0,0.4,0.4,0.0,0.1,0.1,0.0,0.0,0.3,0.1,0.4,-2.9,1.1,0,0,1.1,510,489,494,407,545,558,557,555,453,515,1,531,490,531,545,534,548,553,536,508,520,525,537,523,561,460,564,257,38,562,1,2023-24,Pete Nance (2023-24),92.14,52,,
1631212,Peyton Watson,Peyton,1610612743,DEN,21.0,80,56,24,0.7,18.6,2.6,5.6,0.465,0.6,1.9,0.296,0.9,1.3,0.67,0.7,2.5,3.2,1.1,0.7,0.5,1.1,0.4,1.8,1.0,6.7,-0.9,16.3,0,0,14.8,23,10,263,52,266,261,261,232,323,308,386,252,235,423,264,244,255,346,292,302,30,223,194,273,276,327,255,257,38,266,1,2023-24,Peyton Watson (2023-24),98.88,3043,,
1630173,Precious Achiuwa,Precious,1610612752,NYK,24.0,74,40,34,0.541,21.9,3.2,6.3,0.501,0.4,1.3,0.268,0.9,1.5,0.616,2.6,4.0,6.6,1.3,1.1,0.6,0.9,0.5,1.9,1.1,7.6,-0.6,21.0,9,0,19.0,87,110,113,275,223,215,235,137,390,378,424,245,193,461,25,96,60,285,194,246,48,163,169,250,238,311,184,64,38,208,2,2023-24,Precious Achiuwa (2023-24),96.4,3255,,
1629656,Quentin Grimes,Quentin,1610612765,DET,24.0,51,32,19,0.627,20.1,2.4,6.4,0.372,1.6,4.7,0.338,0.7,0.9,0.756,0.3,1.7,2.0,1.3,0.5,0.7,0.1,0.3,1.5,0.7,7.0,-0.8,13.3,0,0,13.5,284,183,337,125,244,289,232,489,126,106,290,326,333,297,450,349,390,290,369,216,412,306,285,372,255,315,319,257,38,295,2,2023-24,Quentin Grimes (2023-24),97.78,2079,,
1631245,Quenton Jackson,Quenton,1610612754,IND,25.0,3,3,0,1.0,3.5,0.0,0.3,0.0,0.0,0.0,0.0,0.7,0.7,1.0,0.0,1.3,1.3,0.7,0.0,0.3,0.0,0.0,0.3,0.3,0.7,0.0,4.3,0,0,3.3,549,489,560,1,544,561,567,561,498,541,498,326,391,1,545,408,465,436,550,398,520,525,522,469,554,254,513,257,38,523,1,2023-24,Quenton Jackson (2023-24),109.37,24,,
1630181,R.J. Hampton,R.J.,1610612748,MIA,23.0,8,3,5,0.375,9.5,0.5,1.8,0.286,0.1,1.0,0.125,0.1,0.3,0.5,0.3,0.5,0.8,1.0,0.4,0.0,0.0,0.1,1.0,0.1,1.3,2.6,3.3,0,0,3.1,510,489,494,407,448,528,506,543,453,410,484,503,490,494,473,519,524,363,442,539,520,464,409,523,536,97,528,257,38,528,1,2023-24,R.J. Hampton (2023-24),98.5,158,,
1629628,RJ Barrett,RJ,1610612761,TOR,24.0,58,26,32,0.448,31.7,7.5,15.2,0.495,1.6,4.3,0.36,3.6,5.0,0.715,0.9,4.5,5.4,3.3,2.2,0.5,0.4,1.6,2.2,3.6,20.2,-2.6,32.3,2,0,32.3,232,241,137,357,78,48,57,160,131,128,224,42,34,368,193,72,88,115,52,297,228,4,103,44,47,443,76,157,38,72,2,2023-24,RJ Barrett (2023-24),101.83,3889,,
1630564,RaiQuan Gray,RaiQuan,1610612759,SAS,24.0,3,2,1,0.667,13.0,3.3,5.7,0.588,1.0,2.3,0.429,0.0,0.0,0.0,0.7,1.7,2.3,2.0,0.3,0.3,0.3,0.3,0.0,0.0,7.7,4.7,15.1,0,0,14.3,549,511,546,76,372,208,257,51,221,266,34,531,538,531,281,349,340,197,452,398,256,272,556,547,236,37,278,257,38,274,1,2023-24,RaiQuan Gray (2023-24),100.22,82,,
1641712,Rayan Rupert,Rayan,1610612757,POR,20.0,39,7,32,0.179,16.2,1.4,4.1,0.335,0.7,2.0,0.359,0.5,0.6,0.76,0.6,1.7,2.4,1.6,0.8,0.3,0.1,0.5,1.4,0.5,4.0,-3.2,9.5,0,0,9.4,355,440,137,527,313,414,341,520,288,290,234,382,396,288,296,341,338,238,273,410,483,157,296,410,403,472,394,257,38,383,1,2023-24,Rayan Rupert (2023-24),99.68,1317,,
203493,Reggie Bullock Jr.,Reggie,1610612745,HOU,33.0,44,24,20,0.545,9.5,0.8,1.9,0.415,0.6,1.5,0.403,0.0,0.0,1.0,0.1,1.5,1.7,0.3,0.2,0.3,0.1,0.0,0.7,0.1,2.2,-1.2,5.6,0,0,5.6,326,257,321,270,449,496,497,416,315,351,82,529,537,1,521,376,424,513,504,432,442,516,475,537,493,351,491,257,38,486,1,2023-24,Reggie Bullock Jr. (2023-24),101.98,884,,
202704,Reggie Jackson,Reggie,1610612743,DEN,34.0,82,57,25,0.695,22.2,4.0,9.2,0.431,1.2,3.5,0.359,1.0,1.2,0.806,0.4,1.5,1.9,3.8,1.3,0.5,0.1,0.4,1.8,1.2,10.2,1.0,18.8,2,0,18.4,2,4,242,60,219,167,142,369,173,174,232,241,262,202,403,388,398,91,156,295,399,221,188,237,177,174,219,157,38,213,1,2023-24,Reggie Jackson (2023-24),99.58,3780,,
1626158,Richaun Holmes,Richaun,1610612764,WAS,30.0,40,13,27,0.325,13.9,2.1,3.7,0.558,0.0,0.1,0.333,0.9,1.2,0.723,1.8,2.8,4.6,0.6,0.6,0.3,0.5,0.5,1.9,0.9,5.0,-2.3,13.0,4,0,11.7,349,377,213,443,361,319,375,74,490,520,302,262,266,356,61,214,133,447,344,430,181,196,182,308,345,420,322,120,38,338,2,2023-24,Richaun Holmes (2023-24),102.35,1182,,
1641741,Ricky Council IV,Ricky,1610612755,PHI,22.0,32,15,17,0.469,9.0,1.7,3.5,0.482,0.4,1.0,0.375,1.7,2.2,0.746,0.4,1.0,1.4,0.5,0.2,0.3,0.0,0.2,0.5,1.4,5.4,0.4,8.6,1,0,8.3,385,347,359,344,462,363,388,191,381,410,168,143,133,328,387,449,450,474,531,446,515,408,495,199,324,220,420,190,38,412,1,2023-24,Ricky Council IV (2023-24),103.1,618,,
203496,Robert Covington,Robert,1610612755,PHI,33.0,29,20,9,0.69,16.8,1.5,3.4,0.439,0.7,1.9,0.339,0.8,0.9,0.846,1.1,2.3,3.3,0.8,0.4,1.3,0.6,0.2,1.9,0.7,4.4,3.6,15.2,0,0,13.1,397,297,444,66,301,402,401,339,302,302,286,290,328,122,156,274,241,404,441,22,118,352,170,380,375,61,277,257,38,308,2,2023-24,Robert Covington (2023-24),98.87,998,,
1629057,Robert Williams III,Robert,1610612757,POR,26.0,6,2,4,0.333,19.8,2.8,4.3,0.654,0.0,0.0,0.0,1.2,1.5,0.778,1.8,4.5,6.3,0.8,1.2,1.2,1.2,0.7,2.8,1.3,6.8,-5.0,21.5,0,0,18.7,525,511,510,432,250,239,330,21,498,541,498,197,196,259,59,73,69,399,186,48,23,109,31,204,269,526,178,257,38,209,1,2023-24,Robert Williams III (2023-24),101.25,252,,
201577,Robin Lopez,Robin,1610612749,MIL,36.0,16,10,6,0.625,4.0,0.4,1.2,0.368,0.1,0.5,0.25,0.1,0.1,1.0,0.2,0.1,0.3,0.3,0.1,0.1,0.2,0.1,0.4,0.3,1.1,-1.4,2.5,0,0,2.3,461,403,481,128,535,542,530,498,453,463,431,503,518,1,503,554,553,532,536,530,364,507,512,490,541,366,545,257,38,547,1,2023-24,Robin Lopez (2023-24),104.19,143,,
1631199,Ron Harper Jr.,Ron,1610612761,TOR,24.0,1,1,0,1.0,3.7,0.0,0.0,0.0,0.0,0.0,0.0,0.0,0.0,0.0,0.0,0.0,0.0,1.0,0.0,0.0,0.0,0.0,2.0,0.0,0.0,-9.0,1.5,0,0,1.0,565,538,560,1,540,561,569,561,498,541,498,531,538,531,545,557,561,363,550,539,520,525,154,547,563,569,559,257,38,563,1,2023-24,Ron Harper Jr. (2023-24),111.78,8,,
1626220,Royce O'Neale,Royce,1610612756,PHX,31.0,79,38,41,0.481,24.7,2.7,6.8,0.397,2.0,5.3,0.37,0.3,0.4,0.686,0.8,4.0,4.8,2.8,0.9,0.7,0.6,0.2,2.2,0.6,7.7,1.5,20.6,4,0,19.8,30,124,59,334,188,248,212,452,79,75,196,450,452,403,240,95,125,143,233,186,145,386,107,394,235,144,193,120,38,194,2,2023-24,Royce O'Neale (2023-24),100.69,4093,,
203497,Rudy Gobert,Rudy,1610612750,MIN,32.0,76,53,23,0.697,34.1,5.3,8.1,0.661,0.0,0.0,0.0,3.3,5.1,0.638,3.8,9.2,12.9,1.3,1.6,0.7,2.1,0.7,3.1,5.1,14.0,5.4,38.4,54,0,33.9,61,22,292,55,34,101,173,18,498,530,498,49,30,452,4,4,2,277,112,217,6,93,11,17,108,23,42,5,38,56,1,2023-24,Rudy Gobert (2023-24),97.22,5248,,
1629060,Rui Hachimura,Rui,1610612747,LAL,26.0,68,40,28,0.588,26.8,5.3,9.9,0.537,1.4,3.4,0.422,1.5,2.0,0.739,0.9,3.5,4.3,1.2,0.7,0.6,0.4,0.6,1.5,1.4,13.6,1.8,22.8,4,0,22.5,148,110,193,191,151,102,125,91,147,179,43,161,158,340,218,140,153,320,310,252,238,121,276,203,116,127,168,120,38,161,1,2023-24,Rui Hachimura (2023-24),102.01,3890,,
201566,Russell Westbrook,Russell,1610612746,LAC,35.0,68,45,23,0.662,22.5,4.4,9.8,0.454,0.6,2.3,0.273,1.6,2.4,0.688,1.4,3.7,5.0,4.5,2.1,1.1,0.3,0.6,1.8,1.8,11.1,1.5,26.1,8,1,24.1,148,66,292,88,212,146,131,275,314,272,418,147,125,401,105,120,113,68,58,60,254,121,199,147,153,139,133,73,16,136,1,2023-24,Russell Westbrook (2023-24),102.17,3247,,
1627853,Ryan Arcidiacono,Ryan,1610612752,NYK,30.0,20,15,5,0.75,2.3,0.0,0.3,0.0,0.0,0.3,0.0,0.0,0.0,0.0,0.0,0.4,0.4,0.2,0.1,0.1,0.0,0.0,0.3,0.1,0.0,0.1,1.0,0,0,0.8,439,347,494,34,567,561,568,561,498,487,498,531,538,531,545,533,544,541,543,518,520,525,537,532,563,240,566,257,38,566,1,2023-24,Ryan Arcidiacono (2023-24),100.99,95,,
1631157,Ryan Rollins,Ryan,1610612749,MIL,21.0,13,1,12,0.077,6.0,1.1,2.1,0.519,0.2,0.3,0.75,1.0,1.3,0.765,0.2,0.8,1.0,1.1,0.6,0.8,0.2,0.2,0.6,1.1,3.4,4.8,8.6,0,0,7.7,480,538,422,556,503,455,488,114,423,486,5,231,237,279,516,483,493,345,337,182,331,439,480,262,430,34,417,257,38,430,2,2023-24,Ryan Rollins (2023-24),107.9,175,,
1630240,Saben Lee,Saben,1610612756,PHX,25.0,24,15,9,0.625,7.7,0.8,2.3,0.364,0.1,0.7,0.125,1.2,1.6,0.744,0.4,0.9,1.3,1.3,0.3,0.3,0.1,0.3,0.5,1.1,3.0,0.6,7.3,0,0,6.4,416,347,444,128,479,491,475,500,477,449,484,188,185,333,410,472,469,299,452,421,422,309,494,254,455,192,451,257,38,461,1,2023-24,Saben Lee (2023-24),102.11,393,,
1630180,Saddiq Bey,Saddiq,1610612737,ATL,25.0,63,28,35,0.444,32.7,4.6,11.1,0.416,1.8,5.7,0.316,2.7,3.2,0.837,2.7,3.9,6.5,1.5,0.9,0.8,0.2,0.8,1.4,2.2,13.7,-0.3,25.8,8,0,25.4,191,221,105,359,59,138,106,412,101,65,351,68,77,129,20,105,61,265,255,162,375,79,306,111,115,281,135,73,38,124,1,2023-24,Saddiq Bey (2023-24),102.06,4384,,
1630573,Sam Hauser,Sam,1610612738,BOS,26.0,79,62,17,0.785,22.0,3.2,7.1,0.446,2.5,5.9,0.424,0.2,0.2,0.895,0.6,2.9,3.5,1.0,0.4,0.5,0.3,0.1,1.3,0.3,9.0,6.2,16.8,0,0,17.7,30,2,359,21,222,219,205,304,39,57,40,478,494,54,316,187,229,357,436,313,269,453,344,488,203,12,246,257,38,218,1,2023-24,Sam Hauser (2023-24),98.48,3564,,
1630241,Sam Merrill,Sam,1610612739,CLE,28.0,61,36,25,0.59,17.5,2.6,6.4,0.402,2.3,5.8,0.404,0.4,0.5,0.929,0.4,1.6,2.0,1.8,0.3,0.3,0.1,0.2,1.2,0.8,8.0,0.5,13.8,0,0,14.8,206,146,242,187,282,264,231,440,52,63,78,395,442,32,420,361,389,216,466,409,496,376,366,330,229,212,307,257,38,263,1,2023-24,Sam Merrill (2023-24),97.47,2186,,
1630572,Sandro Mamukelashvili,Sandro,1610612759,SAS,25.0,46,12,34,0.261,9.8,1.6,3.4,0.471,0.4,1.4,0.297,0.5,0.7,0.735,1.0,2.2,3.2,1.1,0.4,0.2,0.3,0.2,0.8,0.6,4.1,1.0,10.4,3,0,9.6,315,384,113,470,447,380,404,219,373,372,382,365,363,344,179,286,260,348,431,500,306,354,454,404,391,173,374,135,38,376,1,2023-24,Sandro Mamukelashvili (2023-24),104.36,983,,
1630583,Santi Aldama,Santi,1610612763,MEM,23.0,61,23,38,0.377,26.5,4.0,9.3,0.435,1.7,5.0,0.349,0.9,1.4,0.621,1.2,4.6,5.8,2.3,1.1,0.7,0.9,0.4,1.5,1.4,10.7,-4.5,24.7,5,0,23.7,206,270,77,406,157,161,138,354,106,97,266,253,213,460,132,69,75,177,193,205,55,208,287,192,166,513,144,104,38,139,1,2023-24,Santi Aldama (2023-24),98.41,3318,,
1628426,Sasha Vezenkov,Sasha,1610612758,SAC,28.0,42,22,20,0.524,12.2,2.0,4.5,0.44,1.1,2.9,0.375,0.3,0.4,0.8,0.7,1.6,2.3,0.5,0.3,0.5,0.2,0.2,1.0,0.4,5.4,0.0,10.4,0,0,10.5,341,276,321,293,395,326,321,330,211,226,168,455,468,212,260,367,345,493,475,333,381,374,409,453,326,248,372,257,38,361,1,2023-24,Sasha Vezenkov (2023-24),102.51,1086,,
1630703,Scoot Henderson,Scoot,1610612757,POR,20.0,62,18,44,0.29,28.5,5.0,12.9,0.385,1.4,4.3,0.325,2.7,3.3,0.819,0.9,2.3,3.1,5.4,3.4,0.8,0.2,0.8,3.1,3.4,14.0,-8.0,25.4,8,0,25.9,200,316,40,458,121,121,79,474,151,127,337,69,74,177,216,275,270,40,9,181,350,71,10,52,106,565,138,73,38,122,1,2023-24,Scoot Henderson (2023-24),99.15,3638,,
1630567,Scottie Barnes,Scottie,1610612761,TOR,22.0,60,22,38,0.367,34.9,7.5,15.7,0.475,1.7,4.9,0.341,3.3,4.2,0.781,2.4,5.9,8.2,6.1,2.8,1.3,1.5,0.8,2.0,3.6,19.9,-2.4,44.2,25,4,41.3,215,276,77,414,25,50,48,207,110,100,284,51,47,257,34,35,31,27,23,32,15,72,164,45,51,432,19,22,7,25,1,2023-24,Scottie Barnes (2023-24),101.17,4413,,
1630590,Scotty Pippen Jr.,Scotty,1610612763,MEM,23.0,21,5,16,0.238,25.1,4.8,9.7,0.493,1.4,3.4,0.417,2.0,2.6,0.745,1.0,2.1,3.2,4.7,2.7,1.7,0.5,0.6,2.9,3.1,12.9,-3.4,27.6,0,0,26.6,435,466,375,496,182,132,132,162,148,176,48,113,107,331,161,296,261,65,26,7,179,144,28,58,123,484,115,257,38,113,1,2023-24,Scotty Pippen Jr. (2023-24),100.04,1103,,
203552,Seth Curry,Seth,1610612766,CHA,33.0,44,25,19,0.568,14.0,1.8,4.6,0.392,0.9,2.5,0.352,0.6,0.7,0.903,0.4,1.1,1.5,1.0,0.5,0.5,0.1,0.2,0.9,0.6,5.1,1.4,9.9,0,0,9.8,326,247,337,231,358,350,316,464,247,253,256,340,378,50,399,435,437,363,401,314,414,385,442,385,338,149,383,257,38,373,2,2023-24,Seth Curry (2023-24),100.77,1301,,
1641754,Seth Lundy,Seth,1610612737,ATL,24.0,9,2,7,0.222,5.8,0.4,1.9,0.235,0.3,1.4,0.231,0.3,0.4,0.75,0.1,0.7,0.8,0.0,0.1,0.0,0.0,0.2,0.7,0.3,1.6,-1.4,2.4,0,0,2.7,498,511,464,502,508,540,496,550,392,362,445,434,450,307,527,505,520,553,540,539,520,367,470,469,520,367,548,257,38,539,1,2023-24,Seth Lundy (2023-24),102.49,111,,
1631101,Shaedon Sharpe,Shaedon,1610612757,POR,21.0,32,8,24,0.25,33.1,5.5,13.6,0.406,1.9,5.6,0.333,3.1,3.7,0.824,1.3,3.7,5.0,2.9,2.3,0.9,0.4,1.0,2.8,3.6,15.9,-7.7,27.8,1,0,28.3,385,423,263,474,54,93,71,431,91,69,302,57,58,165,112,119,117,129,50,139,230,29,37,46,83,562,113,190,38,95,1,2023-24,Shaedon Sharpe (2023-24),99.67,2190,,
1628983,Shai Gilgeous-Alexander,Shai,1610612760,OKC,25.0,75,55,20,0.733,34.0,10.6,19.8,0.535,1.3,3.6,0.353,7.6,8.7,0.874,0.9,4.7,5.5,6.2,2.2,2.0,0.9,1.0,2.5,6.4,30.1,8.2,52.5,8,0,48.8,76,14,321,41,36,4,6,96,169,163,252,2,4,73,212,66,81,23,53,3,53,31,68,5,4,4,6,73,38,5,1,2023-24,Shai Gilgeous-Alexander (2023-24),102.45,5447,,
1629003,Shake Milton,Shake,1610612752,NYK,27.0,48,32,16,0.667,12.1,1.6,4.1,0.405,0.4,1.3,0.281,0.8,1.0,0.816,0.3,1.3,1.6,1.3,0.6,0.4,0.1,0.4,1.1,0.9,4.5,-1.0,9.2,0,0,8.7,306,183,375,76,397,372,347,434,381,375,409,266,294,183,452,414,434,299,330,367,422,258,381,297,363,331,404,257,38,398,3,2023-24,Shake Milton (2023-24),103.78,1263,,
1627885,Shaquille Harrison,Shaquille,1610612763,MEM,30.0,3,1,2,0.333,2.0,0.3,0.7,0.5,0.0,0.0,0.0,0.0,0.0,0.0,0.0,0.7,0.7,0.0,0.0,0.0,0.3,0.0,0.0,0.0,0.7,-3.7,2.5,0,0,2.0,549,538,535,432,569,548,561,139,498,541,498,531,538,531,545,505,527,553,550,539,256,525,556,547,554,491,546,257,38,553,1,2023-24,Shaquille Harrison (2023-24),108.6,13,,
1631321,Sidy Cissoko,Sidy,1610612759,SAS,20.0,12,5,7,0.417,11.7,1.3,2.8,0.485,0.1,1.0,0.083,1.0,1.3,0.8,0.7,1.2,1.8,0.8,0.3,0.6,0.3,0.2,1.5,0.9,3.8,2.1,9.5,0,0,8.2,482,466,464,373,402,422,447,183,477,410,497,231,248,212,281,432,404,399,488,264,313,428,268,297,411,112,398,257,38,416,1,2023-24,Sidy Cissoko (2023-24),105.25,308,,
1631323,Simone Fontecchio,Simone,1610612765,DET,28.0,66,29,37,0.439,24.9,3.8,8.3,0.46,2.0,5.1,0.401,0.8,1.0,0.818,1.0,2.8,3.7,1.5,1.0,0.7,0.3,0.5,1.7,0.9,10.5,-0.4,19.3,0,0,19.8,170,213,86,366,185,176,169,256,76,91,85,272,298,178,182,217,204,249,205,223,248,160,230,295,168,288,215,257,38,195,2,2023-24,Simone Fontecchio (2023-24),102.49,3521,,
1630219,Skylar Mays,Skylar,1610612747,LAL,26.0,38,14,24,0.368,11.4,1.7,4.2,0.396,0.4,1.4,0.296,0.3,0.4,0.765,0.3,0.9,1.1,2.2,0.5,0.6,0.1,0.3,0.7,0.5,4.1,-2.7,10.2,2,0,9.2,361,361,263,412,411,370,336,454,369,367,384,431,447,279,467,478,487,180,376,283,453,330,468,433,393,450,375,157,38,388,2,2023-24,Skylar Mays (2023-24),99.6,895,,
203915,Spencer Dinwiddie,Spencer,1610612747,LAL,31.0,76,38,38,0.5,28.3,3.3,8.4,0.392,1.6,4.8,0.337,2.2,2.8,0.805,0.4,2.3,2.7,4.7,1.2,0.7,0.3,0.2,1.8,1.9,10.5,0.9,22.4,4,0,21.4,61,124,77,300,124,209,161,463,119,102,295,95,96,206,406,270,311,64,180,221,290,357,190,136,169,179,172,120,38,174,2,2023-24,Spencer Dinwiddie (2023-24),100.46,4503,,
1630649,Stanley Umude,Stanley,1610612765,DET,25.0,24,4,20,0.167,12.8,1.5,3.5,0.44,1.0,2.2,0.453,1.2,1.3,0.906,0.3,1.8,2.1,0.5,0.6,0.3,0.3,0.2,1.7,0.9,5.3,-3.1,9.8,0,0,10.1,416,482,321,530,381,387,388,328,221,277,21,188,232,47,430,335,363,490,353,398,287,428,230,308,331,471,386,257,38,369,1,2023-24,Stanley Umude (2023-24),103.78,659,,
201939,Stephen Curry,Stephen,1610612744,GSW,36.0,74,43,31,0.581,32.7,8.8,19.5,0.45,4.8,11.8,0.408,4.0,4.4,0.923,0.5,4.0,4.5,5.1,2.8,0.7,0.4,0.7,1.6,3.6,26.4,2.6,40.0,7,0,43.1,87,79,149,205,60,21,9,293,1,1,73,35,43,35,346,99,139,49,20,200,229,102,256,43,11,101,32,84,38,18,1,2023-24,Stephen Curry (2023-24),101.9,5163,,
1629004,Svi Mykhailiuk,Svi,1610612738,BOS,27.0,41,32,9,0.78,10.1,1.4,3.3,0.416,1.0,2.6,0.389,0.1,0.2,0.667,0.3,1.0,1.2,0.9,0.3,0.3,0.0,0.1,0.5,0.3,4.0,3.6,7.3,0,0,7.7,346,183,444,23,443,413,407,413,219,236,125,496,501,424,463,466,475,395,473,438,519,484,508,482,406,58,450,257,38,431,1,2023-24,Svi Mykhailiuk (2023-24),98.98,848,,
204456,T.J. McConnell,T.J.,1610612754,IND,32.0,71,40,31,0.563,18.2,4.6,8.4,0.556,0.3,0.6,0.409,0.7,0.9,0.79,0.5,2.2,2.7,5.5,1.5,1.0,0.1,0.5,1.1,1.5,10.2,1.3,23.6,4,0,20.9,118,110,149,241,274,136,164,75,416,454,70,323,336,236,345,291,312,36,116,76,443,151,386,186,174,151,156,120,38,178,1,2023-24,T.J. McConnell (2023-24),103.62,2784,,
203933,T.J. Warren,T.J.,1610612750,MIN,30.0,11,7,4,0.636,11.3,1.6,3.7,0.439,0.2,1.2,0.154,0.3,0.4,0.75,0.5,1.5,2.0,0.8,0.4,0.4,0.1,0.1,1.0,0.2,3.7,4.6,8.4,0,0,7.6,485,440,510,108,414,374,371,336,435,395,477,457,466,307,375,371,377,407,445,383,468,488,409,510,414,42,426,257,38,433,1,2023-24,T.J. Warren (2023-24),104.72,274,,
201959,Taj Gibson,Taj,1610612765,DET,39.0,20,8,12,0.4,10.2,0.8,1.9,0.405,0.1,0.5,0.2,0.1,0.1,1.0,0.6,1.3,1.9,0.6,0.3,0.2,0.4,0.2,1.6,0.2,1.7,-1.5,6.0,0,0,5.2,439,423,422,385,439,498,498,432,466,463,460,510,523,1,298,416,401,467,488,501,245,442,262,518,513,368,482,257,38,496,2,2023-24,Taj Gibson (2023-24),101.16,428,,
1629659,Talen Horton-Tucker,Talen,1610612762,UTA,23.0,51,14,37,0.275,19.8,3.6,9.1,0.396,1.2,3.6,0.33,1.7,2.1,0.807,0.4,2.0,2.4,3.5,1.3,0.9,0.4,0.5,1.8,1.6,10.1,-2.1,20.7,1,0,19.6,284,361,86,464,254,190,144,456,191,168,330,135,139,200,395,317,334,107,161,136,235,161,183,178,178,411,190,190,38,197,1,2023-24,Talen Horton-Tucker (2023-24),100.57,2117,,
1631106,Tari Eason,Tari,1610612745,HOU,23.0,22,12,10,0.545,21.8,4.0,8.6,0.466,0.8,2.3,0.36,1.0,1.5,0.636,2.1,4.9,7.0,1.2,0.9,1.4,0.9,0.8,2.3,1.1,9.8,4.0,25.9,3,0,23.3,427,384,440,270,224,166,157,230,256,270,224,243,196,453,47,61,50,311,237,16,57,81,87,259,188,52,134,135,38,144,1,2023-24,Tari Eason (2023-24),101.43,1011,,
1627752,Taurean Prince,Taurean,1610612747,LAL,30.0,78,44,34,0.564,27.0,3.2,7.3,0.442,1.8,4.6,0.396,0.6,0.9,0.735,0.3,2.7,2.9,1.5,0.9,0.7,0.4,0.4,1.9,0.9,8.9,-1.5,17.4,0,0,17.6,43,72,113,237,145,213,200,322,99,117,103,339,337,344,461,223,288,251,231,188,196,257,177,311,204,374,235,257,38,219,1,2023-24,Taurean Prince (2023-24),102.61,4506,,
1641707,Taylor Hendricks,Taylor,1610612762,UTA,20.0,40,13,27,0.325,21.4,2.7,6.0,0.45,1.3,3.5,0.379,0.6,0.7,0.793,1.2,3.5,4.6,0.8,0.7,0.7,0.8,0.3,1.9,0.5,7.3,-3.8,17.7,1,0,17.0,349,377,213,443,227,250,248,291,160,173,158,357,370,230,138,139,130,411,312,209,83,303,172,413,245,495,229,190,38,227,1,2023-24,Taylor Hendricks (2023-24),101.11,1802,,
1631386,Taze Moore,Taze,1610612757,POR,26.0,4,1,3,0.25,10.1,2.0,4.8,0.421,0.3,1.8,0.143,0.3,0.5,0.5,1.0,1.0,2.0,1.3,0.8,0.5,0.0,0.0,1.0,0.8,4.5,-5.5,9.5,0,0,9.0,542,538,529,474,442,326,308,400,417,326,478,464,422,494,169,449,377,299,282,314,520,525,409,351,363,536,395,257,38,390,1,2023-24,Taze Moore (2023-24),108.3,92,,
1629611,Terance Mann,Terance,1610612746,LAC,27.0,75,47,28,0.627,25.0,3.4,6.6,0.515,0.9,2.7,0.348,1.1,1.3,0.832,1.2,2.2,3.4,1.6,0.6,0.6,0.2,0.4,1.9,1.1,8.8,0.7,16.9,2,0,16.2,76,45,193,126,183,203,222,118,238,232,268,218,245,148,135,283,240,241,333,272,354,242,168,266,209,190,244,157,38,241,1,2023-24,Terance Mann (2023-24),97.71,3804,,
1631173,Terquavion Smith,Terquavion,1610612755,PHI,21.0,16,8,8,0.5,5.3,1.1,2.9,0.391,0.8,2.2,0.371,0.2,0.3,0.6,0.0,0.3,0.3,0.8,0.4,0.5,0.0,0.2,0.5,0.3,3.3,-0.4,5.7,0,0,6.1,461,423,456,300,511,452,442,466,259,280,188,485,480,469,545,546,556,419,422,314,520,408,497,490,440,289,488,257,38,472,1,2023-24,Terquavion Smith (2023-24),112.48,200,,
1626179,Terry Rozier,Terry,1610612748,MIA,30.0,61,22,39,0.361,33.4,7.2,16.4,0.443,2.4,6.7,0.363,2.8,3.2,0.869,0.6,3.5,4.0,5.6,1.7,1.0,0.3,1.0,1.7,2.9,19.8,-4.8,35.4,4,0,34.6,206,276,73,417,49,56,39,319,43,40,218,64,76,78,310,138,175,34,89,70,250,44,236,68,52,520,57,120,38,54,2,2023-24,Terry Rozier (2023-24),98.41,4184,,
1630678,Terry Taylor,Terry,1610612741,CHI,24.0,31,12,19,0.387,6.1,0.6,1.3,0.513,0.1,0.3,0.222,0.1,0.2,0.8,0.5,0.6,1.2,0.3,0.2,0.2,0.1,0.1,0.5,0.1,1.5,0.5,3.9,0,0,3.5,392,384,337,399,502,509,527,122,482,490,449,502,511,212,326,509,480,521,505,494,497,505,493,534,527,203,517,257,38,519,1,2023-24,Terry Taylor (2023-24),100.15,394,,
201152,Thaddeus Young,Thaddeus,1610612756,PHX,36.0,33,12,21,0.364,13.3,2.0,3.3,0.602,0.0,0.2,0.143,0.2,0.5,0.4,1.4,1.7,3.1,1.7,0.5,0.7,0.2,0.3,1.5,0.5,4.2,-1.2,12.6,0,0,10.7,380,384,312,415,370,334,416,40,488,504,478,487,444,523,96,343,271,219,414,212,392,301,277,441,390,352,331,257,38,354,2,2023-24,Thaddeus Young (2023-24),98.73,902,,
203648,Thanasis Antetokounmpo,Thanasis,1610612749,MIL,31.0,34,21,13,0.618,4.6,0.5,0.9,0.533,0.0,0.0,0.0,0.0,0.1,0.0,0.2,0.2,0.4,0.5,0.4,0.2,0.1,0.1,0.7,0.2,0.9,-1.2,2.7,0,0,2.5,375,289,412,142,525,538,554,97,498,534,498,531,533,531,498,549,547,474,432,465,433,491,465,502,548,347,540,257,38,543,1,2023-24,Thanasis Antetokounmpo (2023-24),101.6,330,,
1630177,Theo Maledon,Theo,1610612756,PHX,23.0,17,5,12,0.294,12.5,1.2,4.1,0.286,0.3,1.8,0.167,0.8,0.9,0.933,0.2,1.2,1.4,1.6,1.1,0.4,0.0,0.4,1.2,1.2,3.5,-3.8,7.8,0,0,7.6,453,466,422,455,386,447,342,543,407,321,473,271,333,31,481,431,456,230,200,356,520,216,347,239,425,497,436,257,38,432,2,2023-24,Theo Maledon (2023-24),104.35,463,,
1628418,Thomas Bryant,Thomas,1610612748,MIA,26.0,38,22,16,0.579,11.6,2.3,3.9,0.577,0.1,0.6,0.182,1.1,1.2,0.872,1.1,2.7,3.7,0.6,0.6,0.3,0.4,0.3,1.2,0.9,5.7,0.3,12.6,2,0,11.5,361,276,375,210,405,302,358,58,463,460,470,214,256,76,158,226,205,452,368,440,209,330,354,312,310,227,332,157,38,340,1,2023-24,Thomas Bryant (2023-24),98.8,905,,
203501,Tim Hardaway Jr.,Tim,1610612742,DAL,32.0,79,49,30,0.62,26.8,5.0,12.4,0.402,2.7,7.6,0.353,1.8,2.1,0.852,0.3,2.9,3.2,1.8,0.9,0.5,0.1,0.4,1.3,2.0,14.4,0.2,21.9,0,0,23.3,30,29,168,138,152,118,87,441,32,22,251,123,138,113,458,186,257,217,251,298,485,214,326,124,104,236,176,257,38,145,1,2023-24,Tim Hardaway Jr. (2023-24),102.05,4516,,
1641851,Timmy Allen,Timmy,1610612763,MEM,24.0,5,0,5,0.0,25.1,1.2,4.6,0.261,0.0,1.4,0.0,0.2,0.4,0.5,0.8,2.6,3.4,1.0,0.4,0.8,0.0,0.2,3.6,1.0,2.6,-13.0,10.2,0,0,8.6,536,560,494,560,181,444,318,546,498,370,498,479,458,494,230,234,236,363,437,167,520,387,1,275,467,572,377,257,38,407,1,2023-24,Timmy Allen (2023-24),99.48,256,,
202699,Tobias Harris,Tobias,1610612755,PHI,31.0,70,41,29,0.586,33.8,6.6,13.6,0.487,1.3,3.7,0.353,2.7,3.0,0.878,1.1,5.3,6.5,3.1,1.3,1.0,0.7,1.1,1.6,2.4,17.2,3.2,33.3,9,0,31.4,128,97,179,197,40,65,70,177,162,152,255,71,86,68,139,47,62,122,149,80,104,22,242,99,71,70,66,64,38,76,1,2023-24,Tobias Harris (2023-24),98.94,4880,,
1628470,Torrey Craig,Torrey,1610612741,CHI,33.0,53,22,31,0.415,19.8,2.0,4.7,0.43,1.1,2.9,0.392,0.5,0.7,0.75,1.3,2.8,4.1,1.1,0.6,0.6,0.4,0.2,2.1,0.7,5.7,-3.4,14.6,1,0,14.0,278,276,149,374,253,320,311,374,201,224,115,377,389,307,118,210,171,336,342,276,222,441,141,361,308,483,289,190,38,286,1,2023-24,Torrey Craig (2023-24),98.28,2136,,
1641787,Tosan Evbuomwan,Tosan,1610612765,DET,23.0,17,1,16,0.059,21.6,2.1,4.2,0.507,0.7,1.9,0.375,1.0,1.5,0.68,1.1,2.5,3.5,0.9,0.5,0.4,0.3,0.3,1.4,1.1,5.9,-7.5,13.0,0,0,12.4,453,538,375,558,226,317,337,131,293,312,168,231,203,410,157,247,225,380,375,391,283,306,321,255,301,560,323,257,38,319,2,2023-24,Tosan Evbuomwan (2023-24),99.06,752,,
1641739,Toumani Camara,Toumani,1610612757,POR,24.0,70,19,51,0.271,24.8,2.8,6.3,0.45,0.8,2.5,0.337,1.1,1.4,0.758,2.0,2.9,4.9,1.2,1.2,0.9,0.5,0.4,2.5,1.6,7.5,-2.7,18.3,2,0,17.3,128,307,23,467,186,241,239,294,254,252,293,215,216,294,52,189,121,306,179,101,186,244,62,167,241,449,226,157,38,220,1,2023-24,Toumani Camara (2023-24),99.35,3589,,
1629027,Trae Young,Trae,1610612737,ATL,25.0,54,22,32,0.407,36.0,8.0,18.7,0.43,3.2,8.7,0.373,6.4,7.5,0.855,0.4,2.3,2.8,10.8,4.4,1.3,0.2,1.0,2.0,6.4,25.7,-2.1,45.5,37,0,45.6,271,276,137,380,9,33,20,377,10,8,181,8,7,106,390,263,304,2,1,23,353,34,152,4,15,415,13,14,38,11,1,2023-24,Trae Young (2023-24),104.95,4241,,
1631218,Trayce Jackson-Davis,Trayce,1610612744,GSW,24.0,68,39,29,0.574,16.6,3.4,4.9,0.702,0.0,0.0,0.0,1.1,1.9,0.561,2.0,3.0,5.0,1.2,0.7,0.4,1.1,0.6,1.6,1.4,7.9,0.5,19.7,6,0,17.3,148,117,179,220,308,201,299,5,498,538,498,213,164,482,53,174,115,315,294,350,28,142,254,201,230,208,206,93,38,221,1,2023-24,Trayce Jackson-Davis (2023-24),100.82,2377,,
1630200,Tre Jones,Tre,1610612759,SAS,24.0,77,21,56,0.273,27.8,3.9,7.8,0.505,0.8,2.5,0.335,1.3,1.5,0.856,0.8,3.0,3.8,6.2,1.5,1.0,0.1,0.4,1.2,1.7,10.0,-0.3,25.7,5,1,23.1,54,289,8,465,133,168,181,134,253,249,300,177,192,103,246,175,202,22,118,79,434,239,358,157,182,279,136,104,16,150,1,2023-24,Tre Jones (2023-24),102.72,4585,,
1630544,Tre Mann,Tre,1610612766,CHA,23.0,41,21,20,0.512,24.1,3.5,7.7,0.459,1.1,3.1,0.373,1.1,1.4,0.763,0.5,3.1,3.6,4.0,1.6,1.2,0.1,0.4,1.2,1.9,9.3,-3.1,22.1,0,0,20.8,346,289,321,297,195,199,187,262,199,204,183,212,210,282,361,167,214,83,105,33,488,215,368,140,197,470,175,257,38,183,2,2023-24,Tre Mann (2023-24),97.33,2007,,
1630570,Trendon Watford,Trendon,1610612751,BKN,23.0,63,25,38,0.397,13.6,2.6,4.9,0.527,0.4,1.1,0.397,1.2,1.5,0.794,0.8,2.3,3.1,1.3,1.0,0.4,0.3,0.4,1.7,1.2,6.9,-1.2,13.5,1,0,13.0,191,247,77,394,368,260,295,106,366,406,101,184,190,228,222,280,276,292,211,381,282,227,228,225,265,346,314,190,38,310,1,2023-24,Trendon Watford (2023-24),98.86,1761,,
1630235,Trent Forrest,Trent,1610612737,ATL,26.0,38,18,20,0.474,10.9,0.9,2.4,0.378,0.1,0.3,0.2,0.3,0.4,0.765,0.3,1.1,1.3,2.4,0.5,0.3,0.1,0.1,0.7,0.4,2.2,-2.5,8.0,0,0,6.7,361,316,321,340,427,480,473,486,484,494,460,431,447,279,454,446,464,163,376,422,482,461,476,459,492,435,434,257,38,455,1,2023-24,Trent Forrest (2023-24),98.72,851,,
1630243,Trevelin Queen,Trevelin,1610612753,ORL,27.0,14,5,9,0.357,11.8,1.0,2.7,0.368,0.2,1.2,0.176,0.6,0.9,0.75,0.2,1.2,1.4,1.3,0.5,0.5,0.4,0.0,1.1,0.8,2.9,-0.6,8.6,0,0,7.5,475,466,444,419,401,460,449,498,428,385,471,337,340,307,492,428,451,292,385,314,243,525,399,340,458,312,419,257,38,436,1,2023-24,Trevelin Queen (2023-24),98.34,333,,
1641998,Trey Jemison III,Trey,1610612763,MEM,24.0,25,5,20,0.2,23.0,3.0,5.4,0.551,0.0,0.0,0.0,0.8,1.0,0.84,2.6,2.8,5.4,1.1,1.4,0.5,1.1,0.6,2.8,1.2,6.8,-4.4,18.3,1,0,16.5,411,466,321,510,208,226,272,84,498,541,498,265,298,124,28,209,92,343,143,331,27,118,36,244,268,512,225,190,38,239,2,2023-24,Trey Jemison III (2023-24),98.01,1161,,
1626168,Trey Lyles,Trey,1610612758,SAC,28.0,58,33,25,0.569,20.0,2.5,5.5,0.445,1.4,3.8,0.384,0.8,1.2,0.7,1.1,3.4,4.4,1.2,0.7,0.3,0.3,0.3,1.5,1.2,7.2,3.1,15.6,1,0,15.6,232,173,242,229,247,281,265,309,146,147,145,264,261,388,159,147,141,307,321,420,263,335,279,240,247,77,266,190,38,250,1,2023-24,Trey Lyles (2023-24),100.73,2427,,
1630530,Trey Murphy III,Trey,1610612740,NOP,24.0,57,35,22,0.614,29.7,4.8,10.9,0.443,3.0,7.8,0.38,2.2,2.6,0.815,0.7,4.2,4.9,2.2,0.6,0.9,0.5,0.3,1.2,1.8,14.8,4.6,27.5,1,0,27.6,241,155,302,154,102,129,111,321,21,20,155,101,104,186,251,90,120,183,349,128,173,319,348,148,98,39,116,190,38,102,1,2023-24,Trey Murphy III (2023-24),99.46,3511,,
202684,Tristan Thompson,Tristan,1610612739,CLE,33.0,49,28,21,0.571,11.2,1.5,2.4,0.613,0.0,0.0,0.0,0.3,1.1,0.288,1.5,2.1,3.6,1.0,0.6,0.2,0.3,0.2,1.2,1.2,3.3,-0.3,10.1,1,0,8.9,302,221,312,225,417,400,467,35,498,535,498,448,283,527,88,302,221,356,350,452,292,366,355,243,438,278,380,190,38,395,1,2023-24,Tristan Thompson (2023-24),97.98,1117,,
1641774,Tristan Vukcevic,Tristan,1610612764,WAS,21.0,10,3,7,0.3,15.3,2.9,6.7,0.433,1.0,3.6,0.278,1.7,2.2,0.773,0.6,3.0,3.6,1.3,1.0,0.5,0.7,0.3,2.8,1.8,8.5,3.2,17.4,0,0,16.8,493,489,464,452,332,233,219,362,221,160,414,140,134,268,298,175,218,288,211,314,88,303,33,145,214,70,236,257,38,231,1,2023-24,Tristan Vukcevic (2023-24),105.6,336,,
1628972,Troy Brown Jr.,Troy,1610612765,DET,24.0,59,30,29,0.508,14.0,1.4,3.8,0.372,0.8,2.4,0.333,0.5,0.6,0.865,0.4,2.0,2.4,1.0,0.5,0.4,0.1,0.3,0.7,0.5,4.2,-2.2,9.5,0,0,9.4,225,201,179,299,357,410,366,491,264,259,302,366,398,88,392,307,328,361,382,359,506,339,464,439,389,417,396,257,38,385,2,2023-24,Troy Brown Jr. (2023-24),100.96,1742,,
1629660,Ty Jerome,Ty,1610612739,CLE,26.0,2,1,1,0.5,7.4,1.0,2.0,0.5,0.0,0.5,0.0,0.0,0.0,0.0,0.5,0.0,0.5,1.5,0.5,0.0,0.0,0.0,1.0,0.0,2.0,-7.0,4.4,0,0,4.0,555,538,546,300,485,460,490,139,498,463,498,531,538,531,346,557,538,253,385,539,520,525,409,547,498,554,510,257,38,511,1,2023-24,Ty Jerome (2023-24),100.43,30,,
1631102,TyTy Washington Jr.,TyTy,1610612749,MIL,22.0,11,5,6,0.455,5.1,0.5,1.8,0.3,0.2,0.5,0.333,0.0,0.0,0.0,0.1,0.4,0.5,0.5,0.2,0.3,0.0,0.0,0.1,0.2,1.3,-1.2,3.1,0,0,2.9,485,466,481,354,517,524,501,536,435,462,302,531,538,531,533,536,542,491,518,432,520,525,554,510,535,348,531,257,38,533,1,2023-24,TyTy Washington Jr. (2023-24),105.15,125,,
1629639,Tyler Herro,Tyler,1610612748,MIA,24.0,42,23,19,0.548,33.5,7.7,17.5,0.441,3.1,7.9,0.396,2.3,2.6,0.856,0.5,4.8,5.3,4.5,2.2,0.7,0.1,1.0,1.5,2.1,20.8,0.7,34.0,2,0,35.3,341,270,337,266,46,45,31,326,13,18,102,93,105,104,379,63,98,69,51,203,490,32,268,115,44,185,63,157,38,52,1,2023-24,Tyler Herro (2023-24),98.48,2888,,
1630169,Tyrese Haliburton,Tyrese,1610612754,IND,24.0,69,40,29,0.58,32.2,7.2,15.2,0.477,2.8,7.8,0.364,2.8,3.3,0.855,0.5,3.4,3.9,10.9,2.3,1.2,0.7,0.8,1.1,2.4,20.1,4.3,44.6,44,1,41.6,138,110,179,209,70,55,56,203,24,21,212,65,75,107,344,145,183,1,47,41,91,65,393,97,48,50,16,8,16,23,1,2023-24,Tyrese Haliburton (2023-24),103.42,4789,,
1630178,Tyrese Maxey,Tyrese,1610612755,PHI,23.0,70,43,27,0.614,37.5,9.1,20.3,0.45,3.0,8.1,0.373,4.7,5.4,0.868,0.5,3.2,3.7,6.2,1.7,1.0,0.5,1.3,2.2,4.1,25.9,4.3,42.4,9,0,41.8,128,79,213,152,2,14,5,295,17,13,185,22,27,81,341,163,207,24,96,92,186,12,119,35,13,47,24,64,38,22,1,2023-24,Tyrese Maxey (2023-24),98.52,5400,,
1626145,Tyus Jones,Tyus,1610612764,WAS,28.0,66,11,55,0.167,29.3,4.9,10.1,0.489,1.6,3.9,0.414,0.5,0.6,0.8,0.3,2.4,2.7,7.3,1.0,1.1,0.3,0.3,0.7,0.7,12.0,-7.5,29.3,9,1,26.3,170,392,11,530,109,122,123,169,122,142,57,386,402,212,442,254,309,12,211,64,298,264,461,354,140,561,96,64,16,115,1,2023-24,Tyus Jones (2023-24),104.37,4204,,
1628962,Udoka Azubuike,Udoka,1610612756,PHX,24.0,16,12,4,0.75,7.1,1.0,1.4,0.696,0.0,0.0,0.0,0.2,0.8,0.231,0.7,1.3,2.0,0.2,0.3,0.1,0.4,0.2,1.1,0.6,2.2,-3.0,5.9,1,0,5.3,461,384,510,34,492,460,524,7,498,541,498,485,351,529,269,411,377,542,488,530,230,408,400,405,491,464,484,190,38,494,1,2023-24,Udoka Azubuike (2023-24),101.68,240,,
1630586,Usman Garuba,Usman,1610612744,GSW,22.0,6,5,1,0.833,3.0,0.2,1.0,0.167,0.0,0.2,0.0,0.2,0.3,0.5,0.5,0.7,1.2,0.2,0.3,0.2,0.5,0.3,0.3,0.2,0.5,-1.8,3.8,0,0,3.2,525,466,546,16,556,557,542,555,498,507,498,492,472,494,346,505,483,545,452,489,164,272,522,514,559,395,518,257,38,526,1,2023-24,Usman Garuba (2023-24),109.32,43,,
203995,Vasilije Micic,Vasilije,1610612766,CHA,30.0,60,34,26,0.567,19.6,2.7,6.2,0.43,0.7,2.6,0.279,1.0,1.3,0.813,0.2,1.2,1.5,4.4,1.7,0.5,0.1,0.6,1.1,1.2,7.0,-1.2,15.6,4,0,14.9,215,165,230,235,256,255,241,376,289,239,413,227,248,191,484,422,446,73,97,305,435,150,378,241,256,354,267,120,38,262,2,2023-24,Vasilije Micic (2023-24),97.78,2395,,
1641705,Victor Wembanyama,Victor,1610612759,SAS,20.0,71,19,52,0.268,29.7,7.8,16.7,0.465,1.8,5.5,0.325,4.1,5.2,0.796,2.3,8.4,10.6,3.9,3.7,1.2,3.6,0.4,2.2,5.4,21.4,-2.0,50.8,43,2,47.4,118,307,19,469,100,42,37,235,100,71,336,31,29,225,37,9,10,87,5,35,1,247,120,11,39,404,7,10,10,7,1,2023-24,Victor Wembanyama (2023-24),103.4,4539,,
1631246,Vince Williams Jr.,Vince,1610612763,MEM,23.0,52,18,34,0.346,27.6,3.3,7.3,0.446,1.5,4.0,0.378,2.0,2.5,0.8,1.1,4.4,5.6,3.4,1.8,0.9,0.7,0.4,2.6,2.6,10.0,-1.8,24.7,3,0,23.6,282,316,113,427,135,211,201,306,134,137,159,107,114,212,141,75,79,110,85,120,107,210,54,84,181,388,145,135,38,140,1,2023-24,Vince Williams Jr. (2023-24),99.07,2964,,
1630249,Vít Krejčí,Vít,1610612737,ATL,24.0,22,9,13,0.409,24.6,2.3,4.7,0.49,1.3,3.1,0.412,0.2,0.3,0.833,0.5,1.9,2.4,2.3,0.9,0.6,0.3,0.3,2.2,0.5,6.1,0.0,14.1,0,0,13.8,427,412,412,379,189,296,312,166,166,199,63,474,485,135,346,324,337,176,237,257,298,286,111,417,296,250,302,257,38,291,1,2023-24,Vít Krejčí (2023-24),97.72,1104,,
1631117,Walker Kessler,Walker,1610612762,UTA,22.0,64,26,38,0.406,23.3,3.6,5.5,0.654,0.1,0.3,0.211,0.9,1.5,0.602,2.6,4.9,7.5,0.9,1.0,0.5,2.4,0.5,2.1,1.3,8.1,-2.3,26.1,7,0,22.4,185,241,77,381,204,194,270,20,483,488,455,256,206,468,26,57,39,382,204,340,2,172,143,209,224,424,131,84,38,162,1,2023-24,Walker Kessler (2023-24),100.78,3132,,
1628976,Wendell Carter Jr.,Wendell,1610612753,ORL,25.0,55,30,25,0.545,25.6,4.1,7.7,0.525,1.2,3.1,0.374,1.7,2.4,0.694,2.0,4.9,6.9,1.7,1.2,0.6,0.5,0.4,2.2,2.5,11.0,0.9,24.1,9,0,23.1,258,201,242,270,175,158,184,110,193,198,178,141,118,394,50,58,51,219,166,238,162,213,108,86,159,177,150,64,38,149,1,2023-24,Wendell Carter Jr. (2023-24),97.46,2864,,
1631111,Wendell Moore Jr.,Wendell,1610612750,MIN,22.0,25,18,7,0.72,3.0,0.4,0.7,0.5,0.0,0.2,0.0,0.0,0.0,0.0,0.0,0.5,0.5,0.2,0.2,0.2,0.0,0.0,0.2,0.0,0.7,-0.2,2.2,0,0,1.9,411,316,464,43,554,545,560,139,498,499,498,531,538,531,545,526,541,537,530,467,510,525,548,546,552,275,550,257,38,556,1,2023-24,Wendell Moore Jr. (2023-24),114.36,180,,
1629117,Wenyen Gabriel,Wenyen,1610612738,BOS,27.0,5,1,4,0.2,16.2,1.6,4.4,0.364,0.2,1.2,0.167,0.0,1.0,0.0,1.4,3.6,5.0,0.6,1.6,0.4,0.4,0.4,2.0,1.2,3.4,-3.2,11.1,0,0,10.8,536,538,510,510,314,377,328,500,431,389,473,531,298,531,95,126,117,454,101,363,219,223,154,235,428,473,360,257,38,352,1,2023-24,Wenyen Gabriel (2023-24),98.35,164,,
202083,Wesley Matthews,Wesley,1610612737,ATL,37.0,36,11,25,0.306,11.5,0.9,2.7,0.351,0.7,1.9,0.348,0.5,0.7,0.75,0.3,1.2,1.5,0.6,0.2,0.4,0.3,0.2,1.2,0.6,3.1,-1.9,7.8,0,0,7.3,370,392,242,451,409,474,451,514,299,305,269,378,391,307,473,426,444,445,506,346,276,428,359,406,450,398,438,257,38,439,1,2023-24,Wesley Matthews (2023-24),101.38,863,,
1629875,Xavier Moon,Xavier,1610612746,LAC,29.0,14,7,7,0.5,8.5,1.1,3.3,0.326,0.1,1.2,0.118,0.1,0.1,0.5,0.6,0.7,1.3,1.5,0.4,0.2,0.2,0.0,0.6,0.2,2.4,-2.6,7.1,0,0,6.1,475,440,464,300,470,457,413,527,445,385,490,518,514,494,312,500,470,253,447,462,347,525,487,499,480,444,460,257,38,469,1,2023-24,Xavier Moon (2023-24),103.65,257,,
1630214,Xavier Tillman,Xavier,1610612738,BOS,25.0,54,30,24,0.556,18.0,2.2,5.2,0.434,0.4,1.5,0.247,0.4,0.9,0.44,1.3,2.6,3.9,1.4,0.6,0.9,0.8,0.4,1.4,0.8,5.3,-1.1,16.7,2,0,14.5,271,201,263,259,278,306,285,359,384,352,440,402,323,521,119,231,185,267,336,100,65,209,309,348,333,343,248,157,38,272,2,2023-24,Xavier Tillman (2023-24),99.29,2015,,
1629139,Yuta Watanabe,Yuta,1610612763,MEM,29.0,34,18,16,0.529,13.7,1.2,3.4,0.353,0.7,2.5,0.294,0.3,0.5,0.588,0.3,1.3,1.6,0.4,0.6,0.4,0.2,0.2,1.1,0.4,3.4,-1.9,7.1,0,0,7.3,375,316,375,287,365,442,399,509,285,245,390,453,422,473,435,415,430,497,362,391,351,421,372,450,426,399,458,257,38,441,2,2023-24,Yuta Watanabe (2023-24),99.95,969,,
1628380,Zach Collins,Zach,1610612759,SAS,26.0,69,19,50,0.275,22.1,4.3,8.9,0.484,0.8,2.6,0.32,1.8,2.3,0.753,1.7,3.7,5.4,2.8,1.9,0.5,0.8,0.6,3.0,2.2,11.2,-5.7,23.7,3,0,22.8,138,307,26,463,220,150,147,187,251,238,343,128,127,302,68,122,91,140,72,326,82,146,19,112,151,541,155,135,38,156,1,2023-24,Zach Collins (2023-24),102.48,3247,,
203897,Zach LaVine,Zach,1610612741,CHI,29.0,25,10,15,0.4,34.9,6.8,15.0,0.452,2.4,6.8,0.349,3.5,4.1,0.854,0.3,4.8,5.2,3.9,2.1,0.8,0.3,0.8,2.3,2.8,19.5,-3.7,33.0,1,0,33.2,411,403,390,385,26,63,58,285,49,38,264,46,48,108,438,62,105,85,65,148,266,72,92,71,56,494,70,190,38,60,1,2023-24,Zach LaVine (2023-24),97.91,1780,,
1630285,Zavier Simpson,Zavier,1610612765,DET,27.0,7,1,6,0.143,23.1,2.4,7.7,0.315,0.7,2.4,0.294,0.4,0.6,0.75,0.6,2.3,2.9,3.6,1.4,1.0,0.4,1.0,1.6,0.4,6.0,-4.1,17.6,0,0,16.0,518,538,481,542,206,284,186,530,291,256,390,394,411,307,312,272,296,99,132,80,201,34,258,445,300,507,231,257,38,244,1,2023-24,Zavier Simpson (2023-24),100.23,337,,
1630192,Zeke Nnaji,Zeke,1610612743,DEN,23.0,58,41,17,0.707,9.9,1.2,2.6,0.463,0.1,0.4,0.261,0.7,1.1,0.677,1.1,1.1,2.2,0.6,0.5,0.3,0.7,0.4,1.4,1.3,3.2,-2.9,8.9,0,0,7.8,232,97,359,49,446,445,457,241,465,479,427,307,281,418,159,439,360,466,404,442,105,228,307,210,445,462,410,257,38,426,1,2023-24,Zeke Nnaji (2023-24),99.31,1180,,
1630533,Ziaire Williams,Ziaire,1610612763,MEM,22.0,51,20,31,0.392,20.3,2.9,7.4,0.397,1.1,3.7,0.307,1.2,1.5,0.827,0.7,2.8,3.5,1.5,1.3,0.7,0.2,0.5,1.7,1.5,8.2,-4.8,16.0,1,0,16.1,284,297,149,396,241,229,198,453,200,150,366,186,203,156,270,203,225,262,154,204,373,161,230,190,220,522,262,190,38,243,1,2023-24,Ziaire Williams (2023-24),100.4,2156,,
1629627,Zion Williamson,Zion,1610612740,NOP,23.0,70,42,28,0.6,31.5,8.9,15.6,0.57,0.1,0.3,0.333,5.0,7.1,0.702,1.7,4.1,5.8,5.0,2.8,1.1,0.7,1.7,2.3,5.2,22.9,2.0,39.9,12,0,37.3,128,88,193,170,82,19,49,65,476,495,302,19,9,383,65,94,74,53,22,61,96,3,94,16,28,114,33,54,38,42,1,2023-24,Zion Williamson (2023-24),101.34,4663,,
1630639,A.J. Lawson,A.J.,1610612761,TOR,24.0,26,14,12,0.538,18.7,3.1,7.3,0.421,1.3,3.9,0.327,1.7,2.4,0.683,0.8,2.5,3.3,1.2,0.6,0.5,0.2,0.5,1.7,1.5,9.1,-0.7,16.5,2,0,16.3,424,364,414,239,305,248,228,388,196,181,319,147,129,419,272,258,271,343,394,355,330,201,247,207,219,300,292,159,44,281,1,2024-25,A.J. Lawson (2024-25),103.71,1050,,
1631260,AJ Green,AJ,1610612749,MIL,25.0,73,44,29,0.603,22.7,2.5,5.8,0.429,2.1,5.0,0.427,0.3,0.4,0.815,0.2,2.1,2.4,1.5,0.5,0.5,0.1,0.0,2.2,0.7,7.4,3.1,13.8,0,0,14.6,86,62,188,164,220,310,298,353,77,112,37,470,486,180,497,326,374,291,408,352,467,520,136,394,278,83,342,281,44,318,1,2024-25,AJ Green (2024-25),100.84,3487,,
1642358,AJ Johnson,AJ,1610612764,WAS,20.0,29,8,21,0.276,22.0,2.8,7.3,0.385,0.8,3.1,0.267,1.1,1.3,0.865,0.3,1.8,2.0,2.6,1.2,0.4,0.1,0.6,1.7,0.9,7.6,-5.2,14.3,0,0,14.1,412,445,297,473,232,275,227,472,298,243,425,239,266,87,483,372,407,148,198,402,449,120,239,321,273,522,332,281,44,328,2,2024-25,AJ Johnson (2024-25),100.83,1342,,
203932,Aaron Gordon,Aaron,1610612743,DEN,29.0,51,33,18,0.647,28.4,5.2,9.7,0.531,1.5,3.4,0.436,2.8,3.5,0.81,1.6,3.3,4.8,3.2,1.4,0.5,0.3,0.7,1.6,2.7,14.7,5.9,26.0,3,0,25.6,275,166,345,101,120,113,139,79,171,219,24,73,76,196,91,163,136,118,147,382,290,84,277,89,98,26,127,134,44,124,1,2024-25,Aaron Gordon (2024-25),101.64,3068,,
1628988,Aaron Holiday,Aaron,1610612745,HOU,28.0,62,39,23,0.629,12.8,1.9,4.3,0.437,1.2,2.9,0.398,0.5,0.7,0.829,0.2,1.0,1.3,1.3,0.6,0.3,0.2,0.2,1.0,0.8,5.5,1.4,9.9,0,0,10.2,192,100,280,124,403,381,374,325,220,258,91,392,412,142,510,456,485,320,382,453,385,415,413,350,363,142,422,281,44,403,1,2024-25,Aaron Holiday (2024-25),103.09,1689,,
1630174,Aaron Nesmith,Aaron,1610612754,IND,25.0,45,29,16,0.644,24.9,4.3,8.4,0.507,1.9,4.3,0.431,1.6,1.8,0.913,0.8,3.1,4.0,1.2,0.8,0.8,0.4,0.5,2.5,1.7,12.0,4.4,21.2,0,0,21.4,318,212,369,102,182,153,173,116,104,151,34,151,194,33,256,179,195,342,306,210,231,182,52,169,147,53,193,281,44,180,1,2024-25,Aaron Nesmith (2024-25),101.64,2373,,
1630598,Aaron Wiggins,Aaron,1610612760,OKC,26.0,76,62,14,0.816,22.9,4.7,9.6,0.488,1.7,4.5,0.383,1.0,1.2,0.831,1.1,2.8,3.9,1.8,0.9,0.8,0.2,0.5,1.3,0.9,12.0,6.8,21.5,2,0,21.4,51,4,392,25,216,137,142,156,136,144,125,262,282,140,171,218,203,246,274,205,327,170,349,326,146,14,187,159,44,177,1,2024-25,Aaron Wiggins (2024-25),101.91,3698,,
1641745,Adam Flagler,Adam,1610612760,OKC,25.0,37,34,3,0.919,5.5,0.7,2.6,0.26,0.4,1.9,0.194,0.0,0.1,0.5,0.2,0.5,0.7,0.3,0.1,0.2,0.1,0.1,0.4,0.0,1.8,0.2,3.9,0,0,3.8,361,157,521,11,519,511,469,544,401,343,479,543,546,506,522,531,534,523,546,492,478,514,521,555,514,222,527,281,44,523,1,2024-25,Adam Flagler (2024-25),100.16,422,,
1641766,Adama Sanogo,Adama,1610612741,CHI,23.0,4,2,2,0.5,5.4,1.0,1.8,0.571,0.0,0.0,0.0,0.0,0.0,0.0,1.3,0.3,1.5,0.3,0.3,0.0,0.0,0.3,0.3,0.3,2.0,-1.3,3.9,0,0,3.8,541,525,532,266,520,476,509,56,499,542,499,544,548,544,134,559,453,534,507,541,519,348,540,521,503,367,526,281,44,524,1,2024-25,Adama Sanogo (2024-25),103.82,48,,
1641737,Adem Bona,Adem,1610612755,PHI,22.0,58,12,46,0.207,15.6,2.3,3.3,0.703,0.0,0.0,0.0,1.2,1.7,0.67,1.6,2.6,4.2,0.5,1.1,0.4,1.2,0.2,2.2,1.6,5.8,-1.9,15.4,3,0,13.8,223,393,32,518,357,337,424,7,499,540,499,220,205,435,89,245,175,495,235,383,30,373,134,192,355,404,312,134,44,334,1,2024-25,Adem Bona (2024-25),100.51,1900,,
1642349,Ajay Mitchell,Ajay,1610612760,OKC,23.0,36,31,5,0.861,16.6,2.5,5.1,0.495,0.6,1.7,0.383,0.8,1.0,0.829,0.5,1.4,1.9,1.8,0.8,0.7,0.1,0.3,1.9,1.5,6.5,3.5,13.0,1,0,12.4,370,186,495,15,339,305,324,147,340,368,128,300,330,145,378,418,417,243,309,248,443,299,199,197,322,75,355,198,44,358,1,2024-25,Ajay Mitchell (2024-25),100.63,1254,,
201143,Al Horford,Al,1610612738,BOS,39.0,60,44,16,0.733,27.6,3.3,7.7,0.423,1.9,5.2,0.363,0.6,0.6,0.895,1.3,4.8,6.2,2.1,0.8,0.6,0.9,0.1,1.4,0.6,9.0,6.6,23.1,7,0,22.1,206,62,369,61,134,228,207,378,101,100,201,385,420,45,123,66,72,197,320,303,67,451,346,419,228,16,164,87,44,164,1,2024-25,Al Horford (2024-25),97.75,3381,,
202692,Alec Burks,Alec,1610612748,MIA,33.0,49,26,23,0.531,17.6,2.3,5.5,0.424,1.8,4.2,0.425,0.8,1.0,0.776,0.3,2.2,2.5,1.1,0.6,0.6,0.1,0.2,0.8,0.9,7.3,2.2,13.5,0,0,14.1,293,240,280,247,320,334,307,373,117,159,39,312,314,262,470,313,359,359,384,319,420,414,467,329,282,114,347,281,44,327,1,2024-25,Alec Burks (2024-25),98.03,1766,,
1627936,Alex Caruso,Alex,1610612760,OKC,31.0,54,44,10,0.815,19.3,2.6,5.8,0.446,1.1,3.1,0.353,0.8,0.9,0.824,0.7,2.2,2.9,2.5,0.7,1.6,0.6,0.3,1.9,1.1,7.1,5.9,20.2,0,0,18.0,258,62,443,26,288,297,297,291,230,238,235,311,339,156,289,310,314,157,351,15,127,339,199,273,294,25,213,281,44,242,1,2024-25,Alex Caruso (2024-25),102.7,2221,,
1642505,Alex Ducas,Alex,1610612760,OKC,24.0,21,20,1,0.952,6.0,0.6,1.4,0.4,0.5,1.0,0.476,0.1,0.1,1.0,0.4,0.8,1.2,0.2,0.2,0.2,0.0,0.0,0.6,0.0,1.7,-1.0,4.1,0,0,4.1,445,296,548,10,514,524,528,445,377,419,14,536,544,1,417,499,487,541,529,481,519,516,499,554,518,343,521,281,44,519,1,2024-25,Alex Ducas (2024-25),102.63,266,,
203458,Alex Len,Alex,1610612747,LAL,32.0,46,21,25,0.457,8.3,0.7,1.4,0.508,0.0,0.2,0.222,0.2,0.4,0.471,0.8,1.2,2.1,0.8,0.4,0.2,0.5,0.2,1.2,0.4,1.6,-3.3,6.8,0,0,5.8,307,280,256,333,477,509,531,112,490,513,463,508,487,530,253,436,404,426,446,498,181,441,376,472,522,470,476,281,44,488,2,2024-25,Alex Len (2024-25),101.55,798,,
1642024,Alex Reese,Alex,1610612755,PHI,26.0,15,4,11,0.267,14.4,1.7,3.6,0.481,1.0,2.7,0.366,0.6,0.8,0.75,0.6,2.5,3.1,0.3,0.4,0.7,0.7,0.1,1.4,0.7,5.1,1.3,12.8,0,0,12.1,476,493,425,480,380,395,408,175,257,276,186,369,375,310,335,261,289,533,454,259,96,505,334,399,378,152,363,281,44,366,2,2024-25,Alex Reese (2024-25),104.64,468,,
1642259,Alex Sarr,Alex,1610612764,WAS,20.0,67,13,54,0.194,27.1,4.9,12.4,0.394,1.6,5.1,0.308,1.7,2.5,0.679,1.9,4.6,6.5,2.4,1.7,0.7,1.5,0.6,2.2,1.8,13.0,-8.1,29.2,10,0,27.8,147,382,8,527,144,125,87,455,159,107,365,141,125,427,65,75,66,164,111,270,14,137,127,152,125,559,105,62,44,106,1,2024-25,Alex Sarr (2024-25),104.3,3939,,
1631214,Alondes Williams,Alondes,1610612746,LAC,26.0,1,0,1,0.0,3.7,2.0,2.0,1.0,1.0,1.0,1.0,0.0,0.0,0.0,0.0,0.0,0.0,1.0,0.0,0.0,0.0,0.0,0.0,0.0,5.0,6.0,6.5,0,0,7.0,562,557,548,557,549,364,492,1,257,419,1,544,548,544,548,564,565,384,551,541,519,522,554,556,380,23,481,281,44,467,1,2024-25,Alondes Williams (2024-25),90.4,7,,
1630578,Alperen Sengun,Alperen,1610612745,HOU,22.0,76,52,24,0.684,31.5,7.5,15.0,0.496,0.3,1.2,0.233,3.9,5.6,0.692,3.4,6.9,10.3,4.9,2.6,1.1,0.8,1.1,2.8,5.3,19.1,5.4,42.0,45,4,38.4,51,19,271,77,80,43,55,143,427,399,455,35,22,403,10,21,12,54,45,76,73,18,31,12,56,32,23,7,9,34,1,2024-25,Alperen Sengun (2024-25),99.47,4978,,
1641708,Amen Thompson,Amen,1610612745,HOU,22.0,69,43,26,0.623,32.3,5.6,10.1,0.557,0.4,1.3,0.275,2.4,3.6,0.684,2.8,5.4,8.2,3.8,2.0,1.4,1.3,0.7,2.4,2.5,14.1,3.9,35.7,21,3,31.8,129,75,237,134,63,89,126,65,402,390,417,92,74,416,25,43,32,91,78,33,23,108,73,100,111,70,58,28,11,76,1,2024-25,Amen Thompson (2024-25),100.0,4626,,
1629599,Amir Coffey,Amir,1610612746,LAC,28.0,72,41,31,0.569,24.3,3.3,7.1,0.471,1.4,3.4,0.409,1.6,1.8,0.891,0.4,1.8,2.2,1.1,0.6,0.6,0.1,0.4,1.7,1.3,9.7,-0.9,15.3,0,0,15.7,95,83,158,214,200,217,239,208,179,214,61,158,190,52,413,363,386,371,372,325,465,242,258,239,200,324,317,281,44,290,1,2024-25,Amir Coffey (2024-25),99.23,3606,,
203083,Andre Drummond,Andre,1610612755,PHI,31.0,40,12,28,0.3,18.8,2.9,5.9,0.5,0.1,0.5,0.15,1.4,2.3,0.622,2.7,5.0,7.8,0.9,1.4,1.0,0.5,0.7,2.4,1.7,7.3,-6.1,20.8,5,0,18.9,342,393,209,456,302,267,295,125,481,483,491,182,141,476,26,57,41,423,158,117,187,85,85,166,279,538,204,106,44,224,1,2024-25,Andre Drummond (2024-25),98.83,1543,,
1641748,Andre Jackson Jr.,Andre,1610612749,MIL,23.0,67,39,28,0.582,14.6,1.4,2.9,0.477,0.4,1.1,0.395,0.2,0.4,0.5,1.0,1.7,2.7,1.2,0.9,0.5,0.2,0.1,1.7,0.4,3.4,-0.5,9.8,0,0,9.3,147,100,209,201,378,430,454,186,382,407,102,506,491,506,199,375,339,335,292,349,358,478,244,471,454,282,423,281,44,421,1,2024-25,Andre Jackson Jr. (2024-25),101.48,2071,,
1629614,Andrew Nembhard,Andrew,1610612754,IND,25.0,65,44,21,0.677,28.9,3.8,8.3,0.458,0.8,2.7,0.291,1.7,2.1,0.794,0.5,2.8,3.3,5.0,1.7,1.2,0.2,0.5,2.3,2.0,10.0,3.1,24.0,2,0,21.9,162,62,297,83,114,179,180,249,307,280,395,146,156,229,373,221,267,50,108,54,397,201,98,132,190,82,155,159,44,168,1,2024-25,Andrew Nembhard (2024-25),101.31,3967,,
203952,Andrew Wiggins,Andrew,1610612748,MIA,30.0,60,27,33,0.45,30.7,6.3,14.0,0.448,2.2,5.8,0.374,3.3,4.3,0.763,1.5,3.0,4.5,2.6,1.7,1.0,0.8,1.1,1.7,2.9,18.0,-1.7,31.1,3,0,30.9,206,232,130,346,88,76,63,282,69,77,159,60,44,286,103,196,160,147,115,101,69,25,250,76,70,392,89,134,44,84,2,2024-25,Andrew Wiggins (2024-25),99.96,3831,,
1629014,Anfernee Simons,Anfernee,1610612757,POR,26.0,70,28,42,0.4,32.7,6.8,16.1,0.426,3.1,8.5,0.363,2.5,2.8,0.902,0.4,2.3,2.7,4.8,2.0,0.9,0.1,0.9,1.7,2.0,19.3,-3.1,30.5,2,0,31.7,118,220,47,389,52,61,45,368,17,16,203,87,110,41,447,292,342,55,75,173,490,38,257,132,53,465,94,159,44,79,1,2024-25,Anfernee Simons (2024-25),99.72,4760,,
1641710,Anthony Black,Anthony,1610612753,ORL,21.0,78,39,39,0.5,24.2,3.4,7.9,0.423,0.8,2.5,0.318,1.9,2.5,0.761,0.7,2.3,2.9,3.1,1.8,1.1,0.6,0.7,2.1,2.3,9.4,-0.5,21.0,1,0,19.7,35,100,68,266,201,215,192,381,306,293,344,126,119,293,309,304,313,126,96,78,113,100,143,114,206,285,199,198,44,206,1,2024-25,Anthony Black (2024-25),97.83,3844,,
203076,Anthony Davis,Anthony,1610612742,DAL,32.0,51,30,21,0.588,33.4,9.2,17.8,0.516,0.7,2.4,0.282,5.6,7.2,0.775,2.6,8.9,11.6,3.5,2.2,1.2,2.2,0.8,1.9,5.4,24.7,0.5,51.7,36,1,47.2,275,196,297,186,43,9,27,97,329,305,407,12,9,263,30,6,7,102,62,65,4,72,187,11,15,194,6,14,20,7,2,2024-25,Anthony Davis (2024-25),98.83,3515,,
1630162,Anthony Edwards,Anthony,1610612750,MIN,23.0,79,48,31,0.608,36.3,9.1,20.4,0.447,4.1,10.3,0.395,5.3,6.3,0.837,0.8,4.9,5.7,4.5,3.2,1.2,0.6,0.7,1.9,4.3,27.6,3.7,43.4,7,0,45.4,23,30,158,160,9,12,6,288,2,4,104,16,16,126,271,63,94,62,14,66,103,97,196,26,5,73,16,87,44,11,1,2024-25,Anthony Edwards (2024-25),98.27,5883,,
1630264,Anthony Gill,Anthony,1610612764,WAS,32.0,51,7,44,0.137,7.8,0.8,1.7,0.489,0.2,0.6,0.323,0.6,1.0,0.66,0.4,0.9,1.3,0.3,0.2,0.2,0.0,0.1,0.6,0.7,2.5,-1.4,5.0,0,0,4.8,275,460,42,543,486,491,512,154,453,476,336,352,327,452,448,478,481,526,528,502,515,464,494,381,483,380,509,281,44,506,1,2024-25,Anthony Gill (2024-25),101.23,835,,
1641817,Anton Watson,Anton,1610612752,NYK,24.0,9,5,4,0.556,2.5,0.4,1.0,0.444,0.0,0.1,0.0,0.0,0.0,0.0,0.1,0.2,0.3,0.2,0.2,0.1,0.0,0.1,0.3,0.0,0.9,-1.0,1.7,0,0,1.7,509,485,507,223,560,539,549,293,499,519,499,544,548,544,540,562,560,543,517,525,519,467,531,556,547,334,560,281,44,560,1,2024-25,Anton Watson (2024-25),111.52,51,,
1641810,Antonio Reeves,Antonio,1610612740,NOP,24.0,44,6,38,0.136,15.0,2.6,5.6,0.456,1.2,2.9,0.395,0.6,0.8,0.8,0.4,1.0,1.4,0.9,0.7,0.5,0.1,0.3,0.9,0.5,6.9,-3.4,11.0,0,0,11.5,322,473,85,544,368,299,304,259,221,257,101,357,378,213,424,459,466,414,352,368,471,291,440,442,302,475,392,281,44,375,1,2024-25,Antonio Reeves (2024-25),101.12,1386,,
1630574,Ariel Hukporti,Ariel,1610612752,NYK,23.0,25,17,8,0.68,8.7,0.8,1.2,0.677,0.0,0.0,0.0,0.2,0.5,0.462,0.6,1.5,2.0,0.4,0.8,0.0,0.6,0.1,1.3,0.5,1.9,-2.5,6.1,0,0,5.7,427,323,459,80,471,492,542,14,499,542,499,493,446,533,351,406,406,500,302,540,119,494,359,439,507,442,488,281,44,489,1,2024-25,Ariel Hukporti (2024-25),102.57,462,,
1642422,Armel Traore,Armel,1610612747,LAL,22.0,9,5,4,0.556,7.4,0.7,2.1,0.316,0.0,0.8,0.0,0.2,0.8,0.286,0.2,1.4,1.7,0.1,0.3,0.4,0.2,0.1,0.7,0.6,1.6,-5.4,5.4,0,0,4.7,509,485,507,223,493,513,489,529,499,459,499,496,384,541,506,410,434,555,479,388,334,467,483,428,525,528,499,281,44,508,1,2024-25,Armel Traore (2024-25),102.24,144,,
1641709,Ausar Thompson,Ausar,1610612765,DET,22.0,59,34,25,0.576,22.5,4.2,7.8,0.535,0.2,0.8,0.224,1.5,2.4,0.641,1.9,3.3,5.1,2.3,1.4,1.7,0.7,0.7,2.8,2.2,10.1,1.1,25.3,3,0,22.3,218,157,256,206,224,158,202,76,458,452,462,166,131,460,64,165,116,178,165,14,93,89,27,123,189,161,137,134,44,160,1,2024-25,Ausar Thompson (2024-25),102.76,2822,,
1630559,Austin Reaves,Austin,1610612747,LAL,27.0,73,46,27,0.63,34.9,6.5,14.2,0.46,2.7,7.3,0.377,4.4,5.0,0.877,0.8,3.7,4.5,5.8,2.4,1.1,0.3,0.6,2.1,4.4,20.2,2.7,36.1,9,1,36.0,86,45,222,121,26,69,62,243,32,30,144,25,32,74,248,120,156,31,54,75,272,112,159,25,50,99,54,71,20,51,1,2024-25,Austin Reaves (2024-25),99.86,5303,,
1630245,Ayo Dosunmu,Ayo,1610612741,CHI,25.0,46,17,29,0.37,30.3,4.8,9.8,0.492,1.3,4.1,0.328,1.3,1.7,0.785,0.6,2.9,3.5,4.5,1.5,0.9,0.4,0.7,2.3,1.4,12.3,-5.1,25.8,1,1,24.3,307,323,188,412,94,130,138,149,187,168,315,196,206,242,348,204,244,64,138,134,224,81,102,230,138,518,130,198,20,138,1,2024-25,Ayo Dosunmu (2024-25),104.63,3039,,
1628389,Bam Adebayo,Bam,1610612748,MIA,27.0,78,36,42,0.462,34.3,6.9,14.3,0.485,1.0,2.8,0.357,3.2,4.2,0.765,2.4,7.2,9.6,4.3,2.1,1.3,0.7,0.6,2.1,4.0,18.1,0.3,39.8,38,1,36.9,35,136,47,327,32,58,60,164,256,267,217,62,50,282,37,15,18,76,72,47,92,133,157,37,68,208,34,11,20,44,1,2024-25,Bam Adebayo (2024-25),97.02,5414,,
1631248,Baylor Scheierman,Baylor,1610612738,BOS,24.0,31,27,4,0.871,12.4,1.3,3.5,0.355,0.8,2.6,0.317,0.3,0.4,0.75,0.6,1.5,2.1,1.1,0.4,0.5,0.1,0.1,0.7,0.6,3.6,0.9,9.2,0,0,8.9,402,232,507,14,415,454,411,505,296,284,346,474,480,310,332,404,403,372,460,335,496,485,476,420,445,173,432,281,44,430,1,2024-25,Baylor Scheierman (2024-25),95.28,761,,
1641767,Ben Sheppard,Ben,1610612754,IND,23.0,63,40,23,0.635,19.5,1.9,4.6,0.418,1.1,3.2,0.342,0.4,0.4,0.889,0.7,2.1,2.8,1.3,0.3,0.6,0.2,0.2,2.0,0.6,5.3,-0.9,12.8,0,0,12.2,185,89,280,111,284,375,364,400,244,236,272,443,467,54,293,330,329,319,473,301,334,389,174,428,371,327,364,281,44,365,1,2024-25,Ben Sheppard (2024-25),102.92,2636,,
1627732,Ben Simmons,Ben,1610612746,LAC,28.0,51,26,25,0.51,22.0,2.3,4.4,0.52,0.0,0.0,0.0,0.5,0.6,0.727,0.9,3.8,4.7,5.6,2.0,0.7,0.5,0.2,2.1,1.1,5.0,-1.1,20.7,1,0,17.7,275,240,256,262,234,342,369,92,499,542,499,415,415,349,223,112,144,34,78,228,186,406,153,277,379,351,207,198,44,252,2,2024-25,Ben Simmons (2024-25),98.17,2283,,
1631097,Bennedict Mathurin,Bennedict,1610612754,IND,23.0,72,43,29,0.597,29.9,5.4,11.8,0.458,1.4,4.0,0.34,3.8,4.6,0.831,1.2,4.1,5.3,1.9,1.9,0.7,0.3,0.9,2.3,3.4,16.1,1.3,26.4,8,0,26.6,95,75,188,175,105,100,99,246,185,174,278,37,39,141,142,95,110,230,91,272,248,36,110,54,88,148,124,77,44,114,1,2024-25,Bennedict Mathurin (2024-25),101.52,4556,,
1641731,Bilal Coulibaly,Bilal,1610612764,WAS,20.0,59,13,46,0.22,33.0,4.5,10.6,0.421,1.1,3.8,0.281,2.3,3.1,0.746,1.5,3.4,5.0,3.4,2.1,1.3,0.7,0.8,2.4,2.4,12.3,-9.9,27.3,3,1,25.8,218,382,32,513,48,144,118,387,247,185,408,98,87,330,95,142,129,111,66,39,88,66,83,106,137,566,115,134,20,123,1,2024-25,Bilal Coulibaly (2024-25),103.22,4183,,
202687,Bismack Biyombo,Bismack,1610612759,SAS,32.0,28,10,18,0.357,18.8,2.4,4.1,0.588,0.0,0.0,0.0,0.4,0.9,0.4,1.5,4.1,5.6,1.1,1.0,0.6,0.8,0.4,1.9,1.0,5.1,-3.6,16.8,3,0,14.7,416,419,345,425,297,328,382,46,499,542,499,451,355,537,96,96,97,364,262,319,71,228,203,300,375,482,285,134,44,314,1,2024-25,Bismack Biyombo (2024-25),100.23,1102,,
1631104,Blake Wesley,Blake,1610612759,SAS,22.0,58,23,35,0.397,11.8,1.4,3.2,0.435,0.3,1.0,0.293,0.7,1.1,0.623,0.3,0.8,1.1,2.0,0.9,0.6,0.1,0.2,0.8,1.0,3.7,-0.2,9.2,0,0,8.5,223,265,116,394,427,433,437,329,422,419,394,351,303,472,477,504,504,221,271,283,449,373,462,312,439,248,431,281,44,438,1,2024-25,Blake Wesley (2024-25),101.92,1443,,
1626171,Bobby Portis,Bobby,1610612749,MIL,30.0,49,30,19,0.612,25.4,5.7,12.1,0.466,1.3,3.6,0.365,1.2,1.5,0.836,1.8,6.6,8.4,2.1,1.2,0.7,0.5,0.6,1.9,1.5,13.9,1.9,29.7,11,0,28.2,293,196,329,150,174,87,93,224,191,192,190,208,235,129,67,24,26,198,208,237,136,116,188,205,115,124,98,55,44,104,1,2024-25,Bobby Portis (2024-25),101.2,2625,,
1641752,Bobi Klintman,Bobi,1610612765,DET,22.0,8,4,4,0.5,5.3,0.8,1.3,0.6,0.3,0.6,0.4,0.1,0.3,0.5,0.1,0.8,0.9,0.9,0.1,0.3,0.1,0.0,1.0,0.3,1.9,0.0,5.2,0,0,4.6,516,493,507,266,522,503,540,40,432,470,78,528,517,506,537,505,523,418,544,471,433,522,416,521,509,236,504,281,44,509,1,2024-25,Bobi Klintman (2024-25),96.83,84,,
203992,Bogdan Bogdanović,Bogdan,1610612746,LAC,32.0,54,33,21,0.611,25.0,3.9,9.1,0.427,1.9,5.4,0.363,1.1,1.2,0.879,0.4,2.5,2.9,2.7,1.4,0.8,0.2,0.2,2.4,1.4,10.8,2.0,19.9,1,0,20.3,258,166,297,153,180,173,153,366,94,95,198,245,274,70,413,269,314,144,160,218,361,376,84,234,165,122,218,198,44,194,2,2024-25,Bogdan Bogdanović (2024-25),101.35,2858,,
1629626,Bol Bol,Bol,1610612756,PHX,25.0,36,10,26,0.278,12.5,2.7,5.1,0.525,0.9,2.6,0.344,0.6,0.7,0.769,0.6,2.3,2.9,0.6,0.6,0.3,0.7,0.0,0.6,0.5,6.8,-1.0,13.4,1,0,13.1,370,419,237,470,411,289,326,89,289,289,262,389,398,273,354,294,319,468,404,471,89,522,502,442,308,341,350,198,44,343,1,2024-25,Bol Bol (2024-25),102.75,960,,
1630538,Bones Hyland,Bones,1610612750,MIN,24.0,24,11,13,0.458,9.9,2.0,4.9,0.398,1.3,3.4,0.39,1.0,1.1,0.885,0.2,0.8,1.0,1.3,1.0,0.8,0.2,0.2,1.2,0.7,6.2,-1.3,11.2,0,0,11.8,432,407,403,329,459,370,337,450,188,215,113,265,298,59,511,493,505,322,238,219,398,388,377,387,336,370,388,281,44,370,2,2024-25,Bones Hyland (2024-25),98.61,490,,
203078,Bradley Beal,Bradley,1610612756,PHX,32.0,53,22,31,0.415,32.1,6.5,13.1,0.497,1.9,5.0,0.386,2.1,2.6,0.803,0.6,2.7,3.3,3.7,1.9,1.1,0.5,0.4,2.6,2.2,17.0,-5.2,29.5,1,0,29.2,263,274,158,377,67,71,79,138,96,111,119,109,116,210,324,235,264,97,92,79,138,226,46,125,77,519,100,198,44,97,1,2024-25,Bradley Beal (2024-25),100.02,3552,,
1642382,Branden Carlson,Branden,1610612760,OKC,26.0,32,29,3,0.906,7.7,1.3,3.0,0.443,0.7,2.1,0.333,0.4,0.6,0.778,0.5,1.2,1.7,0.4,0.2,0.2,0.7,0.1,0.7,0.4,3.8,1.3,8.7,1,0,8.3,397,212,521,12,488,442,447,300,328,330,297,426,438,252,368,447,432,502,520,507,102,458,481,470,438,150,449,198,44,446,1,2024-25,Branden Carlson (2024-25),103.83,529,,
1641764,Brandin Podziemski,Brandin,1610612744,GSW,22.0,64,38,26,0.594,26.8,4.4,9.8,0.445,1.8,4.8,0.372,1.1,1.5,0.758,1.0,4.1,5.1,3.4,1.2,1.1,0.2,0.4,1.5,1.9,11.7,4.1,25.6,2,0,24.5,170,110,237,182,153,146,135,292,115,122,166,230,236,298,180,100,119,107,204,82,362,221,317,146,150,62,132,159,44,136,1,2024-25,Brandin Podziemski (2024-25),100.36,3600,,
1630527,Brandon Boston,Brandon,1610612740,NOP,23.0,42,8,34,0.19,23.6,4.0,9.1,0.436,1.2,3.3,0.35,1.6,2.0,0.788,0.7,2.5,3.2,2.2,1.2,1.3,0.2,0.6,1.7,1.6,10.7,-3.3,21.0,0,0,20.2,330,445,124,531,210,169,155,328,219,220,244,159,163,237,309,266,281,191,188,46,349,141,236,187,168,471,198,281,44,195,1,2024-25,Brandon Boston (2024-25),99.87,2060,,
1629634,Brandon Clarke,Brandon,1610612763,MEM,28.0,64,40,24,0.625,18.9,3.7,5.9,0.621,0.0,0.3,0.059,1.0,1.4,0.701,2.0,3.1,5.1,1.0,0.6,0.8,0.6,0.3,2.3,1.2,8.3,2.8,19.5,2,0,17.2,170,89,271,127,295,189,290,32,498,505,497,266,256,392,57,182,118,381,366,193,125,264,106,252,254,93,231,159,44,263,1,2024-25,Brandon Clarke (2024-25),105.54,2637,,
1627742,Brandon Ingram,Brandon,1610612761,TOR,27.0,18,5,13,0.278,33.1,8.6,18.5,0.465,2.4,6.4,0.374,2.6,3.1,0.855,0.9,4.6,5.6,5.2,3.8,0.9,0.6,1.2,2.5,3.7,22.2,-7.1,37.3,0,0,38.3,462,485,403,470,47,22,17,225,49,46,157,79,95,102,212,77,105,44,4,158,115,12,57,45,32,551,47,281,44,36,1,2024-25,Brandon Ingram (2024-25),97.49,1209,,
1641706,Brandon Miller,Brandon,1610612766,CHA,22.0,27,8,19,0.296,34.2,7.3,18.2,0.403,3.9,10.9,0.355,2.5,2.9,0.861,0.9,3.9,4.9,3.6,2.8,1.1,0.7,0.8,2.7,2.7,21.0,-4.6,34.9,2,0,37.0,421,445,329,461,34,49,19,437,4,3,226,85,100,92,220,109,135,100,32,84,78,67,34,91,43,509,64,159,44,42,1,2024-25,Brandon Miller (2024-25),98.77,1903,,
1630314,Brandon Williams,Brandon,1610612742,DAL,25.0,33,15,18,0.455,14.8,3.0,5.7,0.521,0.7,1.8,0.4,1.7,2.0,0.833,0.4,1.4,1.8,2.3,1.2,0.7,0.2,0.6,1.0,1.7,8.3,0.3,15.4,0,0,14.9,390,349,345,339,373,261,302,90,317,356,78,142,165,131,442,417,426,176,203,232,412,125,416,165,256,214,315,281,44,308,1,2024-25,Brandon Williams (2024-25),104.74,1064,,
1630296,Braxton Key,Braxton,1610612744,GSW,28.0,3,3,0,1.0,3.6,0.0,1.3,0.0,0.0,0.3,0.0,1.0,2.0,0.5,0.3,0.3,0.7,0.0,0.3,0.7,0.0,0.3,0.0,1.0,1.0,-2.7,3.5,0,0,3.0,549,508,561,1,550,558,535,558,499,495,499,255,165,506,456,553,536,558,479,259,519,270,554,300,541,444,534,281,44,537,1,2024-25,Braxton Key (2024-25),130.81,30,,
1641729,Brice Sensabaugh,Brice,1610612762,UTA,21.0,71,14,57,0.197,20.2,3.9,8.4,0.459,2.2,5.2,0.422,0.9,1.0,0.89,0.6,2.4,3.0,1.5,1.5,0.6,0.1,0.4,1.6,0.8,10.9,-4.0,17.5,0,0,19.1,108,364,4,524,268,175,171,245,63,99,42,279,310,53,338,288,312,281,137,280,442,239,291,362,164,497,270,281,44,218,1,2024-25,Brice Sensabaugh (2024-25),103.21,3084,,
1642355,Bronny James,Bronny,1610612747,LAL,20.0,27,17,10,0.63,6.7,0.8,2.5,0.313,0.3,1.2,0.281,0.4,0.5,0.786,0.1,0.5,0.7,0.8,0.5,0.3,0.1,0.2,0.5,0.4,2.3,-2.6,5.2,0,0,5.0,421,323,443,123,505,497,475,531,408,398,408,434,447,239,534,533,536,431,425,434,443,412,513,481,492,443,506,281,44,501,1,2024-25,Bronny James (2024-25),99.45,375,,
201572,Brook Lopez,Brook,1610612749,MIL,37.0,80,47,33,0.588,31.8,4.9,9.7,0.509,1.7,4.7,0.373,1.4,1.7,0.826,1.4,3.6,5.0,1.8,1.1,0.6,1.9,0.3,2.1,1.7,13.0,1.7,28.1,4,0,26.5,16,36,130,191,73,122,140,107,127,131,162,179,204,150,108,126,124,242,236,288,6,348,141,176,124,133,111,116,44,115,1,2024-25,Brook Lopez (2024-25),100.24,5325,,
1628971,Bruce Brown,Bruce,1610612740,NOP,28.0,41,15,26,0.366,22.5,3.2,7.5,0.421,0.7,2.0,0.333,1.3,1.6,0.815,1.0,3.0,4.0,2.0,1.0,0.8,0.2,0.5,1.7,1.2,8.3,-5.5,18.4,0,0,17.1,336,349,237,416,225,238,218,391,337,341,297,200,222,179,197,195,191,203,265,184,319,155,238,268,258,529,256,281,44,264,2,2024-25,Bruce Brown (2024-25),100.19,1925,,
1628981,Bruno Fernando,Bruno,1610612761,TOR,26.0,17,2,15,0.118,8.6,1.5,2.9,0.531,0.0,0.0,0.0,0.4,0.5,0.75,1.2,1.8,3.0,1.1,0.8,0.2,0.5,0.4,1.6,0.6,3.4,-1.3,10.1,0,0,9.0,464,525,382,549,472,421,455,81,499,542,499,453,459,310,138,370,300,376,304,484,137,220,282,418,455,371,415,281,44,425,1,2024-25,Bruno Fernando (2024-25),100.37,305,,
1631121,Bryce McGowens,Bryce,1610612757,POR,22.0,13,8,5,0.615,2.5,0.3,1.1,0.286,0.0,0.3,0.0,0.4,0.5,0.833,0.2,0.1,0.2,0.2,0.3,0.1,0.0,0.1,0.2,0.4,1.0,-0.3,1.4,0,0,1.5,489,445,495,144,561,549,548,539,499,503,499,441,461,131,532,563,564,551,492,537,519,495,545,475,541,259,562,281,44,561,1,2024-25,Bryce McGowens (2024-25),102.7,69,,
1642267,Bub Carrington,Bub,1610612764,WAS,19.0,82,18,64,0.22,30.0,3.7,9.1,0.401,1.7,5.0,0.339,0.8,1.0,0.812,0.4,3.8,4.2,4.4,1.7,0.7,0.3,0.3,2.3,1.4,9.8,-9.7,22.5,5,0,22.0,1,312,1,514,102,192,152,444,142,113,281,286,308,192,425,114,181,71,109,269,306,324,94,233,198,564,177,106,44,167,1,2024-25,Bub Carrington (2024-25),103.06,5279,,
1627741,Buddy Hield,Buddy,1610612744,GSW,32.0,82,48,34,0.585,22.7,4.0,9.6,0.417,2.5,6.7,0.37,0.6,0.8,0.828,0.6,2.6,3.2,1.6,1.1,0.8,0.3,0.4,1.6,0.6,11.1,1.7,19.7,0,0,20.7,1,30,124,195,221,167,141,402,42,41,174,353,383,146,329,247,279,266,222,178,285,241,275,426,157,132,226,281,44,188,1,2024-25,Buddy Hield (2024-25),100.82,3937,,
203468,CJ McCollum,CJ,1610612740,NOP,33.0,56,17,39,0.304,32.7,7.9,17.9,0.444,3.1,8.2,0.373,2.2,3.1,0.717,0.8,3.0,3.8,4.1,1.9,0.8,0.4,0.7,2.2,2.4,21.1,-5.0,33.6,0,0,34.5,246,323,68,454,53,35,26,297,18,20,163,102,92,373,273,193,211,85,87,190,201,96,121,105,41,513,69,281,44,60,1,2024-25,CJ McCollum (2024-25),101.56,3874,,
1630595,Cade Cunningham,Cade,1610612765,DET,23.0,70,38,32,0.543,35.0,9.8,20.8,0.469,2.1,6.0,0.356,4.5,5.3,0.846,0.8,5.3,6.1,9.1,4.4,1.0,0.8,1.4,2.8,4.0,26.1,2.5,48.0,31,9,47.0,118,110,143,236,23,4,4,212,75,63,219,24,26,115,262,47,78,4,2,99,76,3,26,36,9,105,8,18,5,8,1,2024-25,Cade Cunningham (2024-25),101.57,5201,,
1631216,Caleb Houstan,Caleb,1610612753,ORL,22.0,58,29,29,0.5,13.6,1.4,3.3,0.421,1.1,2.8,0.4,0.3,0.3,0.882,0.3,1.0,1.3,0.6,0.2,0.4,0.1,0.1,1.1,0.3,4.1,-1.1,7.8,0,0,8.1,223,212,188,266,394,434,429,388,233,272,78,485,508,62,460,473,482,469,516,418,449,479,404,504,420,355,464,281,44,450,1,2024-25,Caleb Houstan (2024-25),96.82,1589,,
1628997,Caleb Martin,Caleb,1610612742,DAL,29.0,45,17,28,0.378,27.1,2.9,6.8,0.424,0.8,2.3,0.359,1.4,2.2,0.622,1.2,2.8,3.9,2.1,1.2,1.0,0.5,0.3,1.9,1.8,7.9,-3.4,19.2,1,0,17.8,318,323,209,405,147,273,253,374,299,317,212,194,146,474,147,228,197,200,184,97,146,270,185,156,266,477,237,198,44,245,2,2024-25,Caleb Martin (2024-25),98.64,2504,,
1642353,Cam Christie,Cam,1610612746,LAC,19.0,13,10,3,0.769,4.5,0.5,1.8,0.292,0.2,1.0,0.154,0.2,0.3,0.5,0.2,0.7,0.9,0.5,0.2,0.4,0.1,0.1,0.3,0.2,1.4,-0.8,4.4,0,0,3.8,489,419,521,51,535,530,502,537,463,419,490,516,503,506,502,514,519,496,538,416,483,495,536,525,534,311,516,281,44,520,1,2024-25,Cam Christie (2024-25),103.12,126,,
1629629,Cam Reddish,Cam,1610612747,LAL,25.0,33,15,18,0.455,17.9,1.2,2.8,0.404,0.4,1.4,0.277,0.5,0.8,0.615,0.5,1.5,2.0,0.7,0.4,1.0,0.3,0.2,1.3,0.7,3.2,-2.8,10.1,0,0,8.8,390,349,345,339,317,463,457,436,396,385,415,410,380,478,376,403,410,451,466,101,270,442,357,391,463,447,413,281,44,432,1,2024-25,Cam Reddish (2024-25),100.53,1240,,
1642285,Cam Spencer,Cam,1610612763,MEM,25.0,25,14,11,0.56,10.1,1.4,3.3,0.415,0.8,2.1,0.365,0.8,0.8,1.0,0.5,0.7,1.2,1.4,0.2,0.4,0.0,0.0,0.9,0.6,4.2,1.6,8.7,0,0,8.4,427,364,425,221,456,437,428,407,309,328,189,317,390,1,396,508,491,315,512,428,513,521,434,427,411,134,451,281,44,443,1,2024-25,Cam Spencer (2024-25),103.04,543,,
1630560,Cam Thomas,Cam,1610612751,BKN,23.0,25,8,17,0.32,31.2,8.0,18.2,0.438,2.7,7.8,0.349,5.3,6.0,0.881,0.6,2.7,3.3,3.8,2.5,0.6,0.1,1.1,1.8,4.6,24.0,-3.7,33.1,1,0,35.1,427,445,360,446,85,33,20,315,33,24,250,13,18,66,335,232,268,92,49,303,480,16,228,23,24,486,74,198,44,55,1,2024-25,Cam Thomas (2024-25),96.1,1563,,
1641715,Cam Whitmore,Cam,1610612745,HOU,20.0,51,30,21,0.588,16.2,3.5,7.9,0.444,1.3,3.6,0.355,1.1,1.4,0.75,0.7,2.3,3.0,1.0,0.9,0.6,0.3,0.6,0.9,0.9,9.4,0.0,16.0,2,0,16.3,275,196,297,186,345,203,195,296,195,201,224,248,248,310,288,306,311,402,276,297,307,134,451,325,211,239,299,159,44,283,1,2024-25,Cam Whitmore (2024-25),100.93,1729,,
1629661,Cameron Johnson,Cameron,1610612751,BKN,29.0,57,21,36,0.368,31.6,6.2,13.1,0.475,2.8,7.2,0.39,3.5,3.9,0.893,0.9,3.4,4.3,3.4,1.7,0.9,0.4,0.6,1.8,3.0,18.8,-3.5,31.4,2,0,32.0,232,280,106,414,79,78,78,194,31,33,115,44,63,51,209,149,166,109,103,138,197,117,215,71,60,480,87,159,44,75,1,2024-25,Cameron Johnson (2024-25),97.41,3657,,
1626166,Cameron Payne,Cameron,1610612752,NYK,30.0,72,46,26,0.639,15.1,2.5,6.2,0.401,1.3,3.6,0.363,0.7,0.8,0.907,0.2,1.3,1.4,2.8,0.7,0.5,0.2,0.2,1.5,0.8,6.9,2.8,14.5,0,0,14.0,95,45,237,106,364,311,279,441,194,206,199,348,393,36,521,432,465,138,335,337,334,426,303,338,300,92,327,281,44,330,1,2024-25,Cameron Payne (2024-25),100.23,2275,,
1627747,Caris LeVert,Caris,1610612737,ATL,30.0,64,46,18,0.719,24.9,4.4,9.4,0.467,1.7,4.4,0.373,1.7,2.4,0.71,0.6,2.5,3.2,3.4,1.2,0.9,0.5,0.4,1.5,1.7,12.1,4.0,24.0,1,0,23.1,170,45,345,66,181,146,145,220,145,145,160,137,130,386,325,264,284,113,201,156,142,213,302,172,142,66,154,198,44,150,2,2024-25,Caris LeVert (2024-25),103.21,3437,,
1641717,Cason Wallace,Cason,1610612760,OKC,21.0,68,55,13,0.809,27.6,3.4,7.2,0.474,1.1,3.1,0.356,0.4,0.5,0.811,1.0,2.3,3.4,2.5,0.9,1.8,0.5,0.5,2.1,0.6,8.4,5.4,22.2,0,0,19.9,138,11,403,30,135,209,234,197,241,248,222,425,441,193,175,299,260,156,289,8,144,193,142,412,253,30,181,281,44,202,1,2024-25,Cason Wallace (2024-25),101.87,3967,,
1629646,Charles Bassey,Charles,1610612759,SAS,24.0,36,14,22,0.389,10.4,1.9,3.3,0.581,0.0,0.0,0.0,0.6,0.9,0.636,1.6,2.7,4.2,0.5,0.6,0.4,0.8,0.2,1.4,0.7,4.4,-3.6,13.2,2,0,11.5,370,364,288,397,452,379,432,49,499,542,499,376,348,463,93,239,176,493,369,412,69,408,338,382,403,484,353,159,44,376,1,2024-25,Charles Bassey (2024-25),105.46,826,,
1631096,Chet Holmgren,Chet,1610612760,OKC,23.0,32,26,6,0.813,27.4,5.2,10.7,0.49,1.4,3.6,0.379,3.2,4.2,0.754,1.5,6.5,8.0,2.0,1.8,0.7,2.2,1.1,2.3,3.0,15.0,9.2,34.6,11,0,32.2,397,240,481,27,138,112,116,151,184,193,138,64,51,305,100,25,35,219,98,236,3,21,110,73,95,2,66,55,44,72,1,2024-25,Chet Holmgren (2024-25),103.83,1891,,
1628449,Chris Boucher,Chris,1610612761,TOR,32.0,50,18,32,0.36,17.2,3.6,7.4,0.492,1.4,3.9,0.363,1.4,1.7,0.782,1.4,3.1,4.5,0.7,0.6,0.5,0.5,0.4,1.4,1.4,10.0,0.1,18.8,3,0,18.5,283,312,143,424,328,194,226,150,180,183,202,192,201,246,110,185,161,459,391,367,149,240,344,226,191,229,247,134,44,236,1,2024-25,Chris Boucher (2024-25),99.28,1787,,
1630537,Chris Duarte,Chris,1610612741,CHI,28.0,17,4,13,0.235,4.4,0.7,1.5,0.462,0.4,0.9,0.4,0.4,0.5,0.75,0.3,0.9,1.2,0.5,0.1,0.0,0.0,0.1,0.4,0.4,2.1,0.7,4.3,0,0,4.2,464,493,403,503,543,507,524,233,404,447,78,453,459,310,475,487,494,484,550,541,519,509,520,484,498,183,518,281,44,518,1,2024-25,Chris Duarte (2024-25),108.61,172,,
1641753,Chris Livingston,Chris,1610612749,MIL,21.0,21,15,6,0.714,5.0,0.4,1.3,0.333,0.0,0.4,0.0,0.6,0.8,0.75,0.5,1.2,1.7,0.2,0.3,0.2,0.0,0.2,0.4,0.5,1.4,-1.4,4.2,0,0,3.8,445,349,481,68,527,540,538,514,499,492,499,384,389,310,397,442,434,541,499,481,519,363,528,457,533,376,520,281,44,522,1,2024-25,Chris Livingston (2024-25),104.34,230,,
101108,Chris Paul,Chris,1610612759,SAS,40.0,82,34,48,0.415,28.0,3.0,7.1,0.427,1.7,4.5,0.377,1.0,1.1,0.924,0.4,3.2,3.6,7.4,1.6,1.3,0.3,0.1,1.8,1.0,8.8,0.0,27.2,12,0,24.6,1,157,23,378,125,252,237,365,137,141,143,251,290,28,425,169,234,8,128,48,298,472,209,296,233,233,116,53,44,135,1,2024-25,Chris Paul (2024-25),100.48,4817,,
1631128,Christian Braun,Christian,1610612743,DEN,24.0,79,48,31,0.608,33.9,6.0,10.4,0.58,1.1,2.8,0.397,2.2,2.7,0.827,1.2,3.9,5.2,2.6,1.0,1.1,0.5,0.8,2.2,1.8,15.4,6.1,29.1,6,0,27.4,23,30,158,160,37,81,119,50,228,266,93,100,112,148,137,105,114,153,245,83,173,65,135,155,90,22,106,93,44,108,1,2024-25,Christian Braun (2024-25),101.04,5639,,
1631132,Christian Koloko,Christian,1610612747,LAL,25.0,37,23,14,0.622,9.2,1.1,1.8,0.606,0.0,0.1,0.0,0.3,0.4,0.714,0.9,1.5,2.5,0.4,0.3,0.2,0.4,0.2,1.2,0.6,2.4,-0.2,7.7,0,0,6.6,361,265,392,136,463,469,507,36,499,520,499,481,484,374,210,401,364,503,488,492,199,382,383,424,488,249,466,281,44,473,1,2024-25,Christian Koloko (2024-25),101.19,721,,
1629643,Chuma Okeke,Chuma,1610612739,CLE,26.0,9,2,7,0.222,21.9,2.2,4.4,0.5,1.2,3.1,0.393,0.2,0.3,0.667,2.3,2.9,5.2,1.7,0.3,0.6,0.4,0.1,0.6,0.8,5.9,-3.1,17.3,1,0,16.0,509,525,467,509,236,346,367,125,203,242,109,496,496,438,40,208,113,262,479,325,192,467,502,354,350,462,274,198,44,286,2,2024-25,Chuma Okeke (2024-25),99.08,405,,
203991,Clint Capela,Clint,1610612737,ATL,31.0,55,27,28,0.491,21.4,4.0,7.1,0.559,0.0,0.0,0.0,0.9,1.8,0.536,3.2,5.4,8.5,1.1,0.9,0.6,1.0,0.7,1.9,1.6,8.9,-1.4,24.7,11,0,21.7,253,232,209,297,244,168,238,62,499,539,499,270,196,501,14,44,25,358,297,292,53,107,186,183,231,382,143,55,44,171,1,2024-25,Clint Capela (2024-25),105.23,2575,,
1629632,Coby White,Coby,1610612741,CHI,25.0,74,35,39,0.473,33.1,6.9,15.1,0.453,2.9,7.9,0.37,3.7,4.1,0.902,0.3,3.4,3.7,4.5,2.4,0.9,0.2,1.0,2.1,3.6,20.4,-1.9,32.6,2,0,33.8,71,149,68,311,46,59,53,267,25,22,173,39,52,40,455,153,224,67,56,136,345,26,154,47,47,401,78,159,44,65,1,2024-25,Coby White (2024-25),105.37,5375,,
1628998,Cody Martin,Cody,1610612756,PHX,29.0,53,16,37,0.302,22.1,2.6,6.1,0.418,0.8,2.8,0.285,0.8,1.2,0.705,1.0,3.2,4.2,2.0,1.0,1.1,0.6,0.3,1.8,1.2,6.8,-2.0,18.8,0,0,17.1,263,340,96,455,230,300,284,399,302,264,405,296,285,389,183,166,174,217,263,86,117,321,222,272,309,407,244,281,44,267,2,2024-25,Cody Martin (2024-25),101.2,2462,,
1642262,Cody Williams,Cody,1610612762,UTA,20.0,50,9,41,0.18,21.2,1.7,5.1,0.323,0.7,2.7,0.259,0.6,0.8,0.725,0.5,1.7,2.3,1.2,0.9,0.5,0.3,0.3,1.9,0.6,4.6,-6.8,10.5,0,0,10.3,283,434,54,534,252,405,320,524,324,279,430,379,375,355,363,377,381,346,284,375,260,268,194,411,392,545,405,281,44,398,1,2024-25,Cody Williams (2024-25),103.19,2284,,
1641732,Colby Jones,Colby,1610612764,WAS,23.0,39,12,27,0.308,13.2,1.5,3.3,0.457,0.4,1.3,0.327,0.6,0.9,0.657,0.5,1.7,2.2,1.1,0.6,0.7,0.3,0.3,0.9,0.8,4.0,-2.9,10.8,1,0,9.8,353,393,222,450,398,424,426,254,392,395,320,374,352,453,364,384,388,356,385,259,248,344,430,339,427,453,397,198,44,409,2,2024-25,Colby Jones (2024-25),99.47,1066,,
1630175,Cole Anthony,Cole,1610612763,MEM,25.0,67,35,32,0.522,18.4,3.4,8.1,0.424,1.1,3.3,0.353,1.4,1.7,0.823,0.7,2.4,3.0,2.9,1.5,0.7,0.5,0.2,2.3,1.6,9.4,-0.2,19.2,0,0,18.7,147,149,143,254,313,206,186,376,223,227,234,185,212,159,302,290,297,134,132,258,169,387,109,191,210,252,235,281,44,228,1,2024-25,Cole Anthony (2024-25),97.7,2519,,
1631306,Cole Swider,Cole,1610612754,IND,26.0,10,5,5,0.5,17.0,2.2,6.3,0.349,1.5,4.7,0.319,0.0,0.1,0.0,0.5,2.2,2.7,0.3,0.4,0.4,0.2,0.4,1.2,0.3,5.9,5.4,11.0,0,0,11.6,503,485,495,266,334,348,276,509,164,128,342,544,543,544,378,318,342,527,454,407,364,223,378,508,349,31,393,281,44,374,2,2024-25,Cole Swider (2024-25),104.92,372,,
1630658,Colin Castleton,Colin,1610612761,TOR,25.0,26,15,11,0.577,16.6,1.8,3.8,0.469,0.1,0.6,0.125,1.1,1.5,0.763,2.0,2.7,4.7,1.1,0.9,0.3,0.4,0.5,2.0,1.2,4.7,-1.2,13.2,0,0,12.0,424,349,425,204,338,393,396,213,480,474,493,236,238,285,53,243,145,368,283,449,226,201,181,265,388,357,352,281,44,367,3,2024-25,Colin Castleton (2024-25),102.22,915,,
1631221,Collin Gillespie,Collin,1610612756,PHX,26.0,33,12,21,0.364,14.0,2.1,4.8,0.43,1.2,2.7,0.433,0.6,0.7,0.864,0.7,1.7,2.4,2.4,0.5,0.6,0.2,0.3,0.9,0.8,5.9,-0.9,14.1,1,0,13.4,390,393,297,419,385,360,347,346,213,278,28,380,406,89,309,383,377,170,412,284,412,300,440,365,352,321,336,198,44,342,1,2024-25,Collin Gillespie (2024-25),98.66,947,,
1629012,Collin Sexton,Collin,1610612762,UTA,26.0,63,14,49,0.222,27.9,6.6,13.8,0.48,1.7,4.3,0.406,3.4,4.0,0.865,1.0,1.8,2.7,4.2,2.5,0.7,0.1,1.2,2.3,3.5,18.4,-4.5,27.9,2,0,28.7,185,364,19,509,126,66,69,178,123,155,67,50,59,88,207,371,340,79,46,227,468,9,100,51,66,508,113,159,44,101,1,2024-25,Collin Sexton (2024-25),101.38,3709,,
1630557,Corey Kispert,Corey,1610612764,WAS,26.0,61,14,47,0.23,26.3,4.2,9.3,0.451,2.0,5.4,0.364,1.2,1.4,0.852,0.6,2.4,3.0,1.7,1.0,0.4,0.2,0.6,1.6,1.0,11.6,-4.5,18.6,0,0,19.5,201,364,29,507,159,157,147,274,91,94,195,210,243,103,339,285,310,259,237,399,331,148,278,310,152,507,254,281,44,210,1,2024-25,Corey Kispert (2024-25),102.68,3433,,
202709,Cory Joseph,Cory,1610612753,ORL,33.0,50,26,24,0.52,12.2,1.2,3.1,0.403,0.8,2.1,0.364,0.3,0.4,0.778,0.3,1.1,1.5,1.4,0.4,0.5,0.1,0.1,1.0,0.8,3.5,0.7,8.9,0,0,8.4,283,240,271,256,420,458,444,438,308,324,194,477,488,252,454,452,459,297,468,345,480,483,416,363,450,184,441,281,44,442,1,2024-25,Cory Joseph (2024-25),98.59,1252,,
1641854,Craig Porter Jr.,Craig,1610612739,CLE,25.0,51,40,11,0.784,10.1,1.4,2.7,0.514,0.4,0.9,0.438,0.5,0.6,0.719,0.4,0.9,1.3,1.4,0.7,0.3,0.3,0.4,0.5,0.5,3.7,-0.9,8.5,0,0,8.1,275,89,425,43,457,429,464,103,391,439,21,420,421,366,440,478,479,312,327,434,275,229,512,462,443,322,454,281,44,452,1,2024-25,Craig Porter Jr. (2024-25),100.91,1084,,
1642385,Cui Cui,Cui,1610612751,BKN,22.0,5,2,3,0.4,2.1,0.2,1.4,0.143,0.0,0.6,0.0,0.2,0.4,0.5,0.0,0.4,0.4,0.0,0.0,0.0,0.0,0.2,0.0,0.2,0.6,0.4,1.1,0,0,1.0,535,525,521,389,565,555,530,553,499,477,499,503,476,506,548,550,559,558,551,541,519,396,554,528,557,200,566,281,44,564,1,2024-25,Cui Cui (2024-25),118.62,26,,
1626156,D'Angelo Russell,D'Angelo,1610612751,BKN,29.0,58,26,32,0.448,25.5,4.3,11.0,0.39,1.9,6.2,0.314,2.1,2.5,0.834,0.3,2.4,2.8,5.1,1.9,1.0,0.4,0.2,2.0,2.4,12.6,0.0,25.9,4,0,25.2,223,240,143,348,172,152,111,468,93,55,353,107,123,130,452,278,333,47,93,122,222,359,175,109,130,236,129,116,44,128,2,2024-25,D'Angelo Russell (2024-25),99.59,3092,,
1630618,D.J. Carton,D.J.,1610612761,TOR,24.0,4,1,3,0.25,8.3,0.3,1.8,0.143,0.0,0.8,0.0,0.3,0.3,1.0,0.0,1.0,1.0,0.8,1.0,0.5,0.0,0.5,0.3,0.3,0.8,3.0,3.6,0,0,3.5,541,539,521,489,476,551,509,553,499,461,499,488,517,1,548,460,510,445,250,355,519,172,540,521,552,86,532,281,44,530,1,2024-25,D.J. Carton (2024-25),110.7,78,,
1629610,DaQuan Jeffries,DaQuan,1610612766,CHA,27.0,47,9,38,0.191,22.8,2.5,6.2,0.405,1.2,3.5,0.335,0.5,0.6,0.8,0.8,2.1,2.9,1.1,0.7,0.6,0.5,0.4,2.1,0.6,6.7,-5.9,14.4,0,0,14.0,298,434,85,529,218,307,280,432,217,210,292,397,418,213,268,332,323,357,328,331,135,253,150,416,310,536,331,281,44,329,1,2024-25,DaQuan Jeffries (2024-25),98.04,2179,,
1631342,Daeqwon Plowden,Daeqwon,1610612737,ATL,26.0,6,3,3,0.5,11.9,2.7,4.2,0.64,1.5,2.8,0.529,0.3,0.3,1.0,0.7,1.2,1.8,0.3,0.7,0.0,0.0,0.0,1.7,0.2,7.2,4.8,9.2,0,0,10.8,524,508,521,266,424,289,381,27,164,267,6,456,496,1,309,445,419,520,357,541,519,522,258,531,290,39,433,281,44,388,1,2024-25,Daeqwon Plowden (2024-25),101.64,151,,
1630227,Daishen Nix,Daishen,1610612750,MIN,23.0,3,3,0,1.0,4.4,0.0,0.3,0.0,0.0,0.3,0.0,0.3,0.7,0.5,0.0,1.3,1.3,1.0,1.3,0.0,0.0,0.0,0.3,0.3,0.3,3.0,2.1,0,0,2.7,549,508,561,1,540,558,562,558,499,495,499,456,406,506,548,421,474,384,169,541,519,522,531,490,559,86,555,281,44,542,1,2024-25,Daishen Nix (2024-25),108.82,31,,
1630625,Dalano Banton,Dalano,1610612757,POR,25.0,67,28,39,0.418,16.7,3.0,7.6,0.391,1.1,3.3,0.324,1.4,1.9,0.728,0.4,1.6,2.0,2.4,1.3,0.6,0.5,0.5,0.9,1.4,8.3,-0.8,16.5,0,0,16.1,147,220,68,374,336,264,213,466,245,223,328,193,185,348,411,397,409,166,179,282,148,163,450,229,255,315,290,281,44,285,1,2024-25,Dalano Banton (2024-25),101.21,2353,,
1631207,Dalen Terry,Dalen,1610612741,CHI,22.0,73,33,40,0.452,13.5,1.6,3.7,0.448,0.5,1.4,0.356,0.7,0.9,0.71,0.5,1.2,1.7,1.3,0.7,0.6,0.2,0.2,1.6,0.8,4.5,-2.4,10.2,0,0,9.6,86,166,59,345,396,406,401,286,365,384,222,349,338,385,374,443,431,326,332,302,360,367,293,368,398,432,412,281,44,413,1,2024-25,Dalen Terry (2024-25),106.51,2188,,
1642261,Dalton Knecht,Dalton,1610612747,LAL,24.0,78,47,31,0.603,19.2,3.3,7.1,0.461,1.6,4.4,0.376,0.8,1.1,0.762,0.5,2.3,2.8,0.8,0.5,0.3,0.1,0.3,1.2,0.7,9.1,-0.9,14.4,0,0,15.1,35,36,158,165,290,224,236,235,148,150,145,291,299,288,399,301,334,424,426,449,454,262,381,377,221,326,329,281,44,304,1,2024-25,Dalton Knecht (2024-25),98.26,3063,,
203081,Damian Lillard,Damian,1610612749,MIL,34.0,58,32,26,0.552,36.1,7.7,17.1,0.448,3.4,9.0,0.376,6.2,6.8,0.921,0.5,4.2,4.7,7.1,2.8,1.2,0.2,0.7,1.7,5.2,24.9,0.9,42.5,14,2,42.9,223,179,237,228,12,38,31,287,10,11,147,6,12,30,378,89,146,14,35,56,393,79,255,14,14,174,21,40,15,17,1,2024-25,Damian Lillard (2024-25),100.86,4407,,
1641878,Damion Baugh,Damion,1610612766,CHA,24.0,15,1,14,0.067,24.7,2.8,8.7,0.323,0.8,3.7,0.214,0.9,1.0,0.867,0.9,2.4,3.3,3.7,2.1,1.0,0.1,0.6,1.5,1.2,7.3,-11.3,18.2,0,0,17.4,476,539,392,556,187,277,165,523,304,187,467,283,314,85,216,282,265,93,71,101,429,127,323,259,281,569,258,281,44,257,1,2024-25,Damion Baugh (2024-25),99.5,769,,
1627814,Damion Lee,Damion,1610612756,PHX,32.0,25,6,19,0.24,5.8,1.1,3.0,0.365,0.4,1.5,0.243,0.8,0.8,0.952,0.1,0.7,0.8,0.4,0.4,0.2,0.0,0.1,0.2,0.5,3.3,1.0,5.3,0,0,5.4,427,473,329,501,516,470,452,496,403,378,447,302,367,24,539,516,529,500,454,480,519,462,544,456,458,168,503,281,44,495,1,2024-25,Damion Lee (2024-25),104.99,318,,
1629655,Daniel Gafford,Daniel,1610612742,DAL,26.0,57,28,29,0.491,21.5,5.0,7.1,0.702,0.0,0.0,0.0,2.4,3.4,0.689,2.7,4.1,6.8,1.4,1.2,0.4,1.8,0.5,2.7,2.7,12.3,0.6,28.0,8,0,24.9,232,220,188,295,241,121,241,8,499,542,499,97,79,410,27,99,59,308,211,406,7,160,36,87,139,189,112,77,44,129,1,2024-25,Daniel Gafford (2024-25),101.73,2597,,
1628464,Daniel Theis,Daniel,1610612740,NOP,33.0,38,10,28,0.263,16.3,1.6,3.4,0.473,0.2,1.0,0.243,0.8,1.0,0.838,1.2,3.2,4.3,1.6,0.7,0.5,0.5,0.2,1.8,1.2,4.3,-1.6,14.2,1,0,12.4,357,419,209,483,343,416,418,203,441,435,447,293,329,123,151,175,168,277,363,372,140,413,207,266,408,388,333,198,44,359,1,2024-25,Daniel Theis (2024-25),102.26,1331,,
1642450,Daniss Jenkins,Daniss,1610612765,DET,23.0,7,3,4,0.429,3.2,0.4,1.4,0.3,0.1,1.0,0.143,0.0,0.3,0.0,0.0,0.3,0.3,0.4,0.1,0.0,0.0,0.0,0.3,0.3,1.0,-1.3,1.8,0,0,1.9,521,508,507,365,556,540,528,533,467,419,492,544,512,544,548,557,563,504,540,541,519,522,539,512,541,369,557,281,44,558,1,2024-25,Daniss Jenkins (2024-25),97.06,43,,
203957,Dante Exum,Dante,1610612742,DAL,29.0,20,7,13,0.35,18.6,3.2,6.7,0.478,1.2,2.7,0.434,1.2,1.6,0.742,0.2,1.5,1.7,2.8,1.1,0.6,0.2,0.7,1.7,1.6,8.7,-2.4,16.0,0,0,15.8,448,460,403,430,309,235,257,182,222,283,26,221,226,332,514,409,438,139,224,303,415,95,245,193,242,437,301,281,44,289,1,2024-25,Dante Exum (2024-25),101.4,786,,
203967,Dario Saric,Dario,1610612743,DEN,31.0,16,7,9,0.438,13.1,1.3,3.6,0.362,0.4,1.6,0.269,0.4,0.6,0.7,0.9,2.3,3.1,1.4,0.9,0.4,0.1,0.5,1.2,0.9,3.5,-3.1,10.0,1,0,9.5,469,460,454,357,399,448,404,499,386,373,424,426,422,393,232,307,290,298,269,397,499,172,384,319,452,460,418,198,44,416,1,2024-25,Dario Saric (2024-25),99.59,437,,
1641727,Dariq Whitehead,Dariq,1610612751,BKN,20.0,20,6,14,0.3,12.3,2.0,4.8,0.406,1.7,3.7,0.446,0.2,0.3,0.6,0.2,1.3,1.5,0.6,0.8,0.3,0.1,0.3,1.1,0.4,5.7,-3.2,8.6,0,0,10.1,448,473,392,456,419,371,344,426,146,188,17,520,517,482,514,432,463,470,323,454,506,302,398,487,359,466,452,281,44,404,1,2024-25,Dariq Whitehead (2024-25),103.67,529,,
1629636,Darius Garland,Darius,1610612739,CLE,25.0,75,60,15,0.8,30.7,7.4,15.7,0.472,2.8,7.1,0.401,3.0,3.4,0.878,0.6,2.2,2.9,6.7,2.5,1.2,0.1,0.6,1.9,3.0,20.6,6.7,35.7,7,0,35.7,59,5,382,32,89,47,49,207,29,36,77,70,80,72,327,312,325,17,48,55,418,139,193,68,45,15,60,87,44,52,1,2024-25,Darius Garland (2024-25),101.32,4865,,
1630561,David Duke Jr.,David,1610612759,SAS,25.0,6,0,6,0.0,5.6,1.0,2.3,0.429,0.5,1.0,0.5,0.2,0.3,0.5,0.2,0.7,0.8,0.7,0.3,0.2,0.0,0.0,0.2,0.3,2.7,4.7,4.8,0,0,5.0,524,557,481,557,518,476,482,355,366,419,7,509,496,506,526,518,526,451,479,504,519,522,548,490,477,42,512,281,44,501,1,2024-25,David Duke Jr. (2024-25),104.64,74,,
1631223,David Roddy,David,1610612745,HOU,24.0,33,9,24,0.273,12.4,1.7,3.8,0.456,0.6,1.8,0.311,0.6,0.8,0.769,0.4,2.2,2.5,1.1,0.7,0.4,0.3,0.3,0.6,0.6,4.6,-2.3,10.7,0,0,10.2,390,434,271,475,412,396,394,258,351,352,357,368,380,273,432,324,358,375,357,400,293,328,493,415,390,428,401,281,44,402,3,2024-25,David Roddy (2024-25),104.43,890,,
1630558,Davion Mitchell,Davion,1610612748,MIA,26.0,74,25,49,0.338,27.4,3.0,6.4,0.468,1.1,2.9,0.398,0.8,1.1,0.69,0.5,1.8,2.3,4.9,1.7,1.0,0.2,0.3,2.5,1.8,7.9,0.0,19.9,1,0,18.6,71,252,19,436,137,254,270,217,225,263,90,310,288,407,401,366,382,53,104,119,345,281,57,160,264,243,220,198,44,232,2,2024-25,Davion Mitchell (2024-25),98.76,4164,,
1630549,Day'Ron Sharpe,Day'Ron,1610612751,BKN,23.0,50,14,36,0.28,18.1,3.3,6.3,0.521,0.2,0.9,0.244,1.1,1.5,0.757,3.0,3.6,6.6,1.8,1.3,0.8,0.8,0.5,2.3,1.5,7.9,1.3,22.3,4,0,19.9,283,364,106,469,315,221,275,91,445,444,446,234,237,300,18,124,63,236,182,192,68,154,107,208,265,151,179,116,44,203,1,2024-25,Day'Ron Sharpe (2024-25),97.35,1852,,
1628368,De'Aaron Fox,De'Aaron,1610612759,SAS,27.0,62,27,35,0.435,36.1,8.7,18.8,0.463,1.9,6.1,0.31,4.2,5.1,0.827,0.9,3.9,4.8,6.3,2.8,1.5,0.4,0.9,2.6,4.2,23.5,-1.1,41.6,9,0,40.3,192,232,116,361,10,20,14,229,99,56,363,26,29,149,234,108,139,20,34,27,216,41,41,30,28,353,25,71,44,26,2,2024-25,De'Aaron Fox (2024-25),102.22,4768,,
1629631,De'Andre Hunter,De'Andre,1610612739,CLE,27.0,64,38,26,0.594,27.2,5.6,11.9,0.47,2.5,6.1,0.405,3.4,4.0,0.846,0.7,3.3,4.0,1.4,1.3,0.8,0.2,0.6,2.4,3.3,17.0,1.4,25.7,2,0,26.9,170,110,237,182,142,91,98,210,44,58,74,56,60,112,298,156,188,298,180,209,362,123,72,59,78,145,131,159,44,110,2,2024-25,De'Andre Hunter (2024-25),104.77,3803,,
1629001,De'Anthony Melton,De'Anthony,1610612751,BKN,27.0,6,4,2,0.667,20.2,3.7,9.0,0.407,2.2,5.8,0.371,0.8,1.3,0.625,1.0,2.3,3.3,2.8,1.7,1.2,0.3,0.2,3.0,1.2,10.3,4.5,21.4,1,0,21.7,524,493,532,84,269,191,156,422,69,75,168,287,259,469,183,294,265,137,113,61,248,426,10,270,179,49,188,198,44,173,1,2024-25,De'Anthony Melton (2024-25),105.54,265,,
201599,DeAndre Jordan,DeAndre,1610612743,DEN,36.0,56,37,19,0.661,12.3,1.6,2.5,0.65,0.0,0.0,0.0,0.5,1.1,0.422,1.5,3.6,5.1,0.9,0.7,0.3,0.5,0.3,1.3,1.2,3.7,-0.8,12.8,3,0,11.3,246,124,329,91,418,410,473,23,499,542,499,411,287,536,100,131,120,404,339,463,168,348,351,254,441,316,362,134,44,380,1,2024-25,DeAndre Jordan (2024-25),100.07,1440,,
201942,DeMar DeRozan,DeMar,1610612758,SAC,35.0,77,38,39,0.494,35.9,8.1,17.0,0.477,1.1,3.3,0.328,4.9,5.7,0.857,0.6,3.2,3.9,4.4,1.4,0.8,0.4,0.7,1.9,4.1,22.2,1.4,35.8,3,0,34.1,43,110,68,288,15,29,33,187,239,222,314,19,20,95,322,168,205,70,164,196,211,80,183,32,33,141,57,134,44,62,1,2024-25,DeMar DeRozan (2024-25),99.35,5740,,
1629731,Dean Wade,Dean,1610612739,CLE,28.0,59,47,12,0.797,21.2,1.9,4.6,0.413,1.4,3.8,0.36,0.3,0.5,0.533,0.9,3.4,4.2,1.3,0.4,0.7,0.3,0.2,1.7,0.5,5.4,4.8,15.2,1,0,14.4,218,36,414,37,248,377,362,410,186,186,209,479,450,502,238,152,177,329,463,240,247,440,242,433,364,40,320,198,44,322,1,2024-25,Dean Wade (2024-25),101.1,2639,,
1629028,Deandre Ayton,Deandre,1610612757,POR,26.0,40,17,23,0.425,30.1,6.6,11.7,0.566,0.2,0.8,0.188,1.0,1.5,0.667,3.1,7.1,10.2,1.6,1.7,0.8,1.0,0.4,2.2,1.5,14.4,-4.1,32.5,20,0,29.8,342,323,280,368,98,64,102,59,465,454,481,255,232,438,15,19,14,273,106,212,48,242,123,204,104,499,79,32,44,92,1,2024-25,Deandre Ayton (2024-25),98.94,2489,,
1627749,Dejounte Murray,Dejounte,1610612740,NOP,28.0,31,9,22,0.29,32.6,6.3,15.9,0.393,1.7,5.6,0.299,3.3,4.0,0.823,0.5,5.9,6.5,7.4,3.4,2.0,0.4,0.6,2.0,2.6,17.5,-6.7,40.1,8,1,37.8,402,434,288,462,56,77,46,457,143,89,382,59,58,160,361,36,67,10,9,3,225,111,179,92,74,544,33,77,20,37,1,2024-25,Dejounte Murray (2024-25),102.86,2165,,
1626153,Delon Wright,Delon,1610612752,NYK,33.0,40,22,18,0.55,15.9,1.1,3.3,0.344,0.5,1.8,0.274,0.4,0.6,0.6,0.7,1.0,1.7,1.9,0.6,0.9,0.3,0.2,0.6,0.8,3.1,0.0,11.0,0,0,9.6,342,274,345,231,351,464,430,512,366,355,418,445,422,482,306,470,438,227,406,163,273,418,491,356,464,235,394,281,44,414,2,2024-25,Delon Wright (2024-25),98.84,1308,,
1630166,Deni Avdija,Deni,1610612757,POR,24.0,72,33,39,0.458,30.0,5.6,11.7,0.476,1.7,4.8,0.365,4.0,5.2,0.78,1.5,5.7,7.3,3.9,2.7,1.0,0.5,0.9,2.4,4.1,16.9,-1.1,33.2,17,2,32.8,95,166,68,329,100,92,101,190,129,126,187,30,28,251,98,37,49,87,37,114,165,42,78,33,79,347,73,34,15,69,1,2024-25,Deni Avdija (2024-25),99.86,4479,,
203471,Dennis Schröder,Dennis,1610612765,DET,31.0,75,37,38,0.493,28.1,4.5,11.0,0.406,1.7,4.9,0.342,2.4,2.9,0.838,0.4,2.3,2.6,5.4,1.9,0.9,0.2,0.8,2.4,2.8,13.1,-1.0,25.5,7,0,24.9,59,124,85,290,122,143,110,425,140,116,271,94,102,122,445,305,351,40,86,162,403,73,74,82,123,329,133,87,44,130,3,2024-25,Dennis Schröder (2024-25),100.49,4393,,
1641726,Dereck Lively II,Dereck,1610612742,DAL,21.0,36,21,15,0.583,23.1,3.7,5.3,0.702,0.0,0.0,0.0,1.3,2.0,0.63,2.9,4.6,7.5,2.4,1.1,0.6,1.6,0.6,2.8,1.4,8.7,3.4,26.5,8,0,22.8,370,280,382,197,215,186,310,9,499,542,499,202,162,468,21,77,45,171,214,325,12,114,28,216,238,77,122,77,44,152,1,2024-25,Dereck Lively II (2024-25),100.99,1746,,
1627884,Derrick Jones Jr.,Derrick,1610612746,LAC,28.0,77,48,29,0.623,24.3,4.0,7.6,0.526,1.0,2.8,0.356,1.1,1.5,0.703,1.2,2.2,3.4,0.8,0.9,1.0,0.4,0.3,2.0,1.3,10.1,3.2,18.9,0,0,18.3,43,30,188,132,199,164,209,86,255,265,221,244,227,391,143,317,253,439,295,95,201,280,170,237,185,80,240,281,44,241,1,2024-25,Derrick Jones Jr. (2024-25),99.72,3886,,
1628401,Derrick White,Derrick,1610612738,BOS,30.0,76,58,18,0.763,33.9,5.6,12.6,0.442,3.5,9.1,0.384,1.8,2.1,0.839,0.9,3.6,4.5,4.8,1.7,0.9,1.1,0.3,1.8,2.2,16.4,7.1,33.2,4,0,33.1,51,7,345,53,38,93,85,305,7,10,124,134,153,121,230,125,159,57,107,126,38,301,217,126,82,11,71,116,44,66,1,2024-25,Derrick White (2024-25),97.89,5251,,
1630217,Desmond Bane,Desmond,1610612753,ORL,27.0,69,38,31,0.551,32.0,7.1,14.8,0.484,2.4,6.1,0.392,2.6,2.9,0.894,0.9,5.2,6.1,5.3,2.4,1.2,0.4,1.1,2.4,2.0,19.2,2.1,36.8,10,1,36.1,129,110,158,230,69,54,57,166,51,59,110,82,104,50,225,51,79,41,52,62,214,19,77,139,54,118,51,62,20,50,1,2024-25,Desmond Bane (2024-25),104.58,4809,,
1626164,Devin Booker,Devin,1610612756,PHX,28.0,75,35,40,0.467,37.3,8.7,18.9,0.461,2.4,7.3,0.332,5.8,6.4,0.894,1.0,3.1,4.1,7.1,2.9,0.9,0.2,0.8,2.6,5.4,25.6,-2.4,41.5,16,0,41.4,59,149,59,319,3,19,12,239,46,29,307,10,14,49,182,190,187,15,22,154,351,57,42,10,12,434,26,35,44,22,1,2024-25,Devin Booker (2024-25),98.72,5752,,
1642269,Devin Carter,Devin,1610612758,SAC,23.0,36,18,18,0.5,11.0,1.3,3.5,0.37,0.5,1.7,0.295,0.7,1.2,0.591,0.5,1.6,2.1,1.1,0.5,0.6,0.1,0.1,1.1,1.3,3.8,1.2,9.7,0,0,9.0,370,312,345,266,441,449,412,492,366,365,392,333,274,492,372,393,400,353,415,313,443,449,403,244,436,159,425,281,44,429,1,2024-25,Devin Carter (2024-25),100.14,831,,
1630170,Devin Vassell,Devin,1610612759,SAS,24.0,64,24,40,0.375,31.0,6.2,13.9,0.443,2.5,6.7,0.368,1.5,1.9,0.792,0.5,3.5,4.0,2.9,1.4,1.3,0.5,0.5,1.7,1.5,16.3,-4.1,29.4,2,0,29.2,170,261,59,407,87,79,65,302,43,40,177,169,184,232,368,140,194,133,158,42,142,205,248,195,84,500,102,159,44,96,1,2024-25,Devin Vassell (2024-25),100.8,4163,,
1628415,Dillon Brooks,Dillon,1610612745,HOU,29.0,75,49,26,0.653,31.8,5.1,11.9,0.429,2.5,6.3,0.397,1.3,1.6,0.818,1.0,2.7,3.7,1.7,1.0,0.8,0.2,0.5,3.2,1.5,14.0,2.8,23.0,0,0,23.9,59,25,237,98,72,114,96,354,41,53,97,198,218,169,183,239,227,256,248,199,351,189,6,210,112,96,167,281,44,142,1,2024-25,Dillon Brooks (2024-25),98.94,4913,,
1641794,Dillon Jones,Dillon,1610612760,OKC,23.0,54,45,9,0.833,10.2,0.9,2.5,0.383,0.3,1.2,0.254,0.3,0.5,0.607,0.6,1.7,2.2,1.1,0.5,0.3,0.1,0.2,1.0,0.4,2.5,1.4,7.4,1,0,6.9,258,56,454,21,454,484,477,475,420,401,437,466,447,481,354,385,385,370,411,456,489,393,416,473,485,144,470,198,44,470,1,2024-25,Dillon Jones (2024-25),101.09,1164,,
1627734,Domantas Sabonis,Domantas,1610612758,SAC,29.0,70,36,34,0.514,34.7,7.5,12.8,0.59,0.9,2.2,0.417,3.1,4.1,0.754,3.8,10.1,13.9,6.0,2.9,0.7,0.4,0.8,3.3,4.0,19.1,2.1,45.1,61,10,42.1,118,136,124,259,28,41,83,45,278,319,47,65,53,302,4,1,1,24,26,255,232,54,5,38,55,119,11,1,3,20,1,2024-25,Domantas Sabonis (2024-25),99.78,5054,,
1631230,Dominick Barlow,Dominick,1610612737,ATL,22.0,35,13,22,0.371,10.7,1.7,3.2,0.531,0.2,0.8,0.259,0.6,0.9,0.636,1.0,1.4,2.4,0.5,0.1,0.3,0.5,0.2,1.3,0.8,4.2,-0.1,10.0,1,0,8.8,381,382,288,410,446,398,435,80,451,460,430,369,340,463,183,411,369,482,540,470,180,396,348,347,412,245,419,198,44,433,1,2024-25,Dominick Barlow (2024-25),104.7,823,,
1642270,Donovan Clingan,Donovan,1610612757,POR,21.0,67,29,38,0.433,19.8,2.7,5.0,0.539,0.2,0.7,0.286,0.9,1.6,0.596,3.2,4.6,7.9,1.1,1.1,0.5,1.6,0.3,2.8,1.5,6.5,0.0,23.0,8,0,20.0,147,212,85,362,277,288,333,73,448,464,396,274,225,488,13,76,37,351,229,349,9,265,22,206,321,241,166,77,44,197,1,2024-25,Donovan Clingan (2024-25),101.68,2801,,
1628378,Donovan Mitchell,Donovan,1610612739,CLE,28.0,71,55,16,0.775,31.4,8.2,18.6,0.443,3.3,8.9,0.368,4.2,5.1,0.823,0.8,3.7,4.5,5.0,2.1,1.3,0.2,0.7,2.0,3.9,24.0,7.4,39.5,6,0,39.9,108,11,369,49,82,26,16,303,11,12,180,28,31,158,261,117,154,52,67,38,325,94,177,39,25,9,38,93,44,29,1,2024-25,Donovan Mitchell (2024-25),102.21,4762,,
1628978,Donte DiVincenzo,Donte,1610612750,MIN,28.0,62,37,25,0.597,25.9,4.0,9.6,0.422,2.8,7.1,0.397,0.8,1.0,0.778,0.5,3.2,3.7,3.6,1.6,1.2,0.3,0.4,1.8,1.4,11.7,2.8,24.3,1,0,24.7,192,124,256,178,165,162,143,386,30,35,94,306,312,252,375,174,226,101,124,60,291,257,211,221,151,94,148,198,44,132,1,2024-25,Donte DiVincenzo (2024-25),100.17,3352,,
1627827,Dorian Finney-Smith,Dorian,1610612747,LAL,32.0,63,36,27,0.571,28.9,3.1,6.9,0.448,2.0,5.0,0.411,0.5,0.7,0.667,1.3,2.7,3.9,1.4,0.9,0.9,0.4,0.4,2.2,0.7,8.7,4.9,18.5,0,0,18.7,185,136,222,210,115,247,249,281,83,110,57,412,400,438,131,244,199,302,280,143,235,237,130,399,240,38,255,281,44,230,2,2024-25,Dorian Finney-Smith (2024-25),98.14,3711,,
203926,Doug McDermott,Doug,1610612758,SAC,33.0,42,21,21,0.5,8.1,1.2,2.8,0.427,1.0,2.4,0.436,0.1,0.1,0.6,0.1,0.5,0.5,0.2,0.1,0.1,0.0,0.1,0.7,0.1,3.5,0.6,4.7,0,0,5.5,330,280,297,266,481,461,462,362,249,306,25,541,540,482,544,546,550,548,540,530,508,502,473,552,452,187,514,281,44,492,1,2024-25,Doug McDermott (2024-25),101.3,728,,
203110,Draymond Green,Draymond,1610612744,GSW,35.0,68,42,26,0.618,29.2,3.2,7.5,0.424,1.2,3.6,0.325,1.5,2.2,0.687,1.1,5.0,6.1,5.6,2.6,1.5,1.0,0.3,3.2,2.6,9.0,4.0,29.7,6,1,26.9,138,81,237,143,113,237,221,372,214,194,325,168,149,412,168,59,76,32,44,29,40,297,7,96,224,65,99,93,20,111,1,2024-25,Draymond Green (2024-25),101.35,4186,,
1629234,Drew Eubanks,Drew,1610612746,LAC,28.0,61,25,36,0.41,12.2,1.9,3.2,0.593,0.0,0.1,0.5,0.8,1.2,0.662,1.0,2.7,3.7,0.9,0.7,0.2,0.6,0.4,1.0,1.0,4.6,-2.1,12.2,0,0,10.9,201,252,106,384,421,382,440,43,488,521,7,314,283,449,195,231,222,415,356,496,108,212,412,293,393,415,373,281,44,386,2,2024-25,Drew Eubanks (2024-25),102.72,1598,,
1641809,Drew Peterson,Drew,1610612738,BOS,25.0,25,17,8,0.68,7.4,0.7,1.6,0.415,0.5,1.3,0.394,0.3,0.4,0.778,0.4,1.2,1.6,0.5,0.3,0.2,0.1,0.1,0.7,0.3,2.2,1.8,5.4,0,0,5.4,427,323,459,80,492,510,518,407,362,389,105,477,488,252,445,435,443,485,490,494,480,462,472,515,496,127,500,281,44,496,1,2024-25,Drew Peterson (2024-25),96.96,375,,
1631166,Drew Timme,Drew,1610612751,BKN,24.0,9,3,6,0.333,28.2,5.0,11.3,0.441,1.0,3.9,0.257,1.1,1.8,0.625,1.9,5.3,7.2,2.2,1.7,0.4,0.1,0.2,2.3,2.4,12.1,-7.3,24.1,3,0,23.7,509,508,481,437,121,118,106,306,257,180,436,237,194,469,62,45,51,186,113,388,443,376,88,104,143,553,149,134,44,145,1,2024-25,Drew Timme (2024-25),100.3,531,,
1630696,Dru Smith,Dru,1610612748,MIA,27.0,14,8,6,0.571,19.2,2.2,4.4,0.508,1.1,2.1,0.533,0.6,0.9,0.75,0.9,1.7,2.6,1.6,1.2,1.5,0.4,0.1,2.1,0.8,6.2,2.7,16.3,0,0,15.4,482,445,481,210,289,347,371,110,224,322,5,354,362,310,239,378,355,265,196,23,201,445,137,352,335,97,295,281,44,296,1,2024-25,Dru Smith (2024-25),100.58,562,,
1629130,Duncan Robinson,Duncan,1610612748,MIA,31.0,74,30,44,0.405,24.1,3.9,9.0,0.437,2.6,6.5,0.393,0.6,0.7,0.887,0.2,2.0,2.3,2.4,1.2,0.5,0.1,0.4,1.8,0.8,11.0,0.9,18.0,0,0,19.5,71,196,42,387,202,170,158,321,39,45,107,358,399,57,499,338,382,167,209,340,478,230,216,348,160,175,262,281,44,211,1,2024-25,Duncan Robinson (2024-25),97.68,3661,,
1641871,Duop Reath,Duop,1610612757,POR,29.0,46,19,27,0.413,10.2,1.5,3.6,0.422,0.7,2.3,0.321,0.4,0.5,0.909,1.0,1.0,2.0,0.6,0.3,0.3,0.3,0.2,0.9,0.4,4.2,-1.2,8.8,0,0,8.7,307,302,222,382,455,423,407,384,315,315,339,429,457,34,204,457,410,478,474,469,267,407,446,482,413,364,444,281,44,435,1,2024-25,Duop Reath (2024-25),102.71,1009,,
203939,Dwight Powell,Dwight,1610612742,DAL,33.0,55,25,30,0.455,10.0,0.8,1.1,0.689,0.0,0.1,0.4,0.5,0.8,0.651,0.9,1.3,2.1,1.0,0.3,0.3,0.4,0.1,1.4,0.9,2.1,-0.3,7.9,0,0,6.7,253,252,176,339,458,502,546,13,493,523,78,398,382,456,243,428,395,384,486,441,227,473,342,330,500,255,460,281,44,472,1,2024-25,Dwight Powell (2024-25),102.17,1172,,
1630700,Dyson Daniels,Dyson,1610612737,ATL,22.0,76,37,39,0.487,33.8,6.0,12.1,0.493,1.1,3.1,0.34,1.1,1.8,0.593,1.6,4.3,5.9,4.4,2.0,3.0,0.7,0.6,2.3,1.7,14.1,-0.9,37.0,9,0,32.9,51,124,68,301,39,83,92,148,248,245,276,241,186,491,85,87,86,74,77,1,82,131,96,167,108,319,50,71,44,67,1,2024-25,Dyson Daniels (2024-25),104.17,5574,,
1630604,E.J. Liddell,E.J.,1610612741,CHI,24.0,12,6,6,0.5,4.4,0.7,1.3,0.533,0.3,0.8,0.3,0.2,0.2,1.0,0.3,0.5,0.8,0.3,0.2,0.1,0.1,0.0,0.9,0.1,1.8,-0.7,3.4,0,0,3.3,498,473,481,266,541,513,540,77,432,451,379,509,530,1,491,534,532,534,532,534,474,522,436,548,515,301,535,281,44,534,1,2024-25,E.J. Liddell (2024-25),110.79,123,,
203901,Elfrid Payton,Elfrid,1610612740,NOP,31.0,24,3,21,0.125,21.3,1.7,5.1,0.328,0.0,0.3,0.167,0.2,0.3,0.571,0.6,2.7,3.3,6.9,2.5,1.0,0.5,0.4,1.5,0.5,3.5,-6.2,19.8,2,0,16.7,432,508,297,545,247,404,326,519,492,506,486,509,509,497,328,239,273,16,51,101,179,219,314,461,449,539,221,159,44,271,2,2024-25,Elfrid Payton (2024-25),101.3,1076,,
1641989,Elijah Harkless,Elijah,1610612762,UTA,25.0,10,1,9,0.1,13.8,1.1,3.5,0.314,0.7,2.5,0.28,0.3,0.6,0.5,0.9,1.2,2.1,0.8,0.3,1.0,0.1,0.0,1.8,1.2,3.2,3.1,9.9,0,0,9.0,503,539,454,551,389,467,413,530,324,293,411,471,429,506,224,439,401,435,497,101,457,522,220,259,462,84,420,281,44,425,1,2024-25,Elijah Harkless (2024-25),99.3,287,,
1641801,Emanuel Miller,Emanuel,1610612741,CHI,25.0,6,4,2,0.667,4.1,0.7,1.3,0.5,0.0,0.2,0.0,0.3,0.3,1.0,0.7,0.7,1.3,0.3,0.0,0.2,0.0,0.0,0.5,0.2,1.7,-1.3,4.3,0,0,3.7,524,493,532,84,545,513,535,125,499,514,499,456,496,1,309,518,474,520,551,504,519,522,509,531,519,374,517,281,44,525,1,2024-25,Emanuel Miller (2024-25),106.74,54,,
1641734,Emoni Bates,Emoni,1610612739,CLE,21.0,10,9,1,0.9,7.5,1.3,3.8,0.342,1.1,3.0,0.367,0.0,0.0,0.0,0.0,0.7,0.7,0.8,0.2,0.1,0.1,0.0,0.4,0.0,3.7,-3.4,6.1,0,0,6.7,503,434,548,13,491,450,393,513,236,253,184,544,548,544,548,512,535,435,524,529,457,522,522,556,442,474,487,281,44,471,1,2024-25,Emoni Bates (2024-25),104.3,163,,
1642402,Enrique Freeman,Enrique,1610612754,IND,24.0,22,7,15,0.318,8.2,0.7,1.7,0.432,0.0,0.5,0.1,0.6,0.9,0.684,0.5,0.9,1.4,0.4,0.3,0.1,0.1,0.1,1.0,0.7,2.1,-0.9,4.9,0,0,4.5,441,460,382,447,478,506,516,338,489,486,496,373,361,416,378,489,470,507,504,514,425,450,429,396,499,320,511,281,44,513,1,2024-25,Enrique Freeman (2024-25),107.55,409,,
201569,Eric Gordon,Eric,1610612755,PHI,36.0,39,12,27,0.308,19.7,2.2,5.2,0.426,1.4,3.5,0.409,0.9,1.2,0.75,0.2,1.0,1.2,1.7,0.7,0.7,0.3,0.4,0.8,0.8,6.8,-1.8,12.9,0,0,13.1,353,393,222,450,279,345,315,367,175,208,62,275,273,310,513,471,492,262,338,259,263,254,459,339,307,398,360,281,44,344,1,2024-25,Eric Gordon (2024-25),99.62,1601,,
1630596,Evan Mobley,Evan,1610612739,CLE,24.0,71,58,13,0.817,30.5,7.1,12.8,0.557,1.2,3.2,0.37,3.1,4.3,0.725,2.3,7.0,9.3,3.2,2.0,0.9,1.6,0.7,2.0,3.4,18.5,7.7,39.8,37,0,37.1,108,7,403,24,91,55,82,64,210,228,175,66,43,358,41,20,21,120,76,171,11,87,173,57,64,6,36,13,44,41,1,2024-25,Evan Mobley (2024-25),102.16,4609,,
1630532,Franz Wagner,Franz,1610612753,ORL,23.0,60,33,27,0.55,33.7,9.0,19.4,0.463,1.7,5.9,0.295,4.5,5.2,0.871,0.9,4.8,5.7,4.7,2.3,1.3,0.4,1.3,2.5,4.2,24.2,4.1,40.6,3,0,39.5,206,166,222,231,40,15,11,232,130,71,388,23,27,82,216,68,93,58,59,49,244,7,63,31,23,61,30,134,44,30,1,2024-25,Franz Wagner (2024-25),97.65,4116,,
1627832,Fred VanVleet,Fred,1610612745,HOU,31.0,60,41,19,0.683,35.2,4.8,12.7,0.378,2.7,7.7,0.345,1.9,2.3,0.81,0.5,3.2,3.7,5.6,1.5,1.6,0.4,0.4,2.3,1.9,14.1,4.4,31.3,4,0,29.9,206,83,329,78,21,133,84,482,34,26,257,130,137,195,367,176,225,36,145,18,209,251,88,144,110,53,88,116,44,91,1,2024-25,Fred VanVleet (2024-25),98.18,4316,,
1641713,GG Jackson,GG,1610612763,MEM,20.0,29,19,10,0.655,15.8,2.6,6.9,0.372,1.1,3.3,0.337,1.0,1.4,0.725,0.9,2.2,3.2,1.0,1.1,0.4,0.2,0.5,1.0,1.1,7.2,-2.3,13.2,0,0,13.7,412,302,443,95,353,302,252,490,233,224,288,255,253,355,219,309,283,384,231,402,393,165,410,285,284,431,351,281,44,338,1,2024-25,GG Jackson (2024-25),102.73,977,,
1629216,Gabe Vincent,Gabe,1610612747,LAL,29.0,72,46,26,0.639,21.2,2.3,5.8,0.4,1.5,4.3,0.353,0.2,0.3,0.714,0.3,1.0,1.3,1.4,0.6,0.7,0.2,0.2,2.1,0.6,6.4,0.7,12.1,0,0,12.3,95,45,237,106,250,335,296,445,163,156,239,501,509,374,481,460,484,314,397,241,381,426,147,408,328,186,375,281,44,363,1,2024-25,Gabe Vincent (2024-25),100.07,3190,,
202066,Garrett Temple,Garrett,1610612761,TOR,39.0,28,11,17,0.393,8.1,0.6,2.1,0.3,0.2,1.0,0.214,0.4,0.4,0.917,0.3,0.7,1.0,1.1,0.4,0.6,0.1,0.1,0.8,0.5,1.9,-1.0,6.5,0,0,5.6,416,407,360,396,482,520,487,533,447,419,467,440,467,31,462,509,507,364,469,298,490,445,458,435,508,334,482,281,44,491,1,2024-25,Garrett Temple (2024-25),105.94,498,,
1629726,Garrison Mathews,Garrison,1610612737,ATL,28.0,47,21,26,0.447,17.6,2.2,5.5,0.397,1.8,4.6,0.39,1.4,1.7,0.821,0.3,1.6,1.9,1.3,0.7,0.6,0.3,0.1,1.7,1.4,7.5,-1.3,13.6,0,0,14.2,298,280,237,351,319,353,308,453,113,132,114,191,213,167,482,395,418,332,362,331,261,492,240,212,274,368,345,281,44,324,1,2024-25,Garrison Mathews (2024-25),105.43,1824,,
203914,Gary Harris,Gary,1610612753,ORL,30.0,48,28,20,0.583,14.8,1.1,2.8,0.383,0.8,2.1,0.356,0.1,0.3,0.583,0.4,0.9,1.3,0.6,0.4,0.5,0.3,0.1,0.9,0.1,3.0,1.8,7.6,0,0,7.3,297,220,318,197,372,473,463,475,311,326,220,522,517,493,421,481,474,463,471,337,309,444,432,539,467,128,468,281,44,464,1,2024-25,Gary Harris (2024-25),99.58,1465,,
1627780,Gary Payton II,Gary,1610612744,GSW,32.0,62,36,26,0.581,15.0,2.8,4.8,0.574,0.5,1.5,0.326,0.4,0.6,0.711,0.9,2.1,3.0,1.3,0.6,0.8,0.3,0.3,1.7,0.6,6.5,0.7,14.8,0,0,13.5,192,136,237,202,370,282,343,55,366,376,321,428,427,383,242,327,307,320,371,179,291,287,233,420,325,181,325,281,44,340,1,2024-25,Gary Payton II (2024-25),102.12,1963,,
1629018,Gary Trent Jr.,Gary,1610612749,MIL,26.0,74,44,30,0.595,25.6,3.8,8.9,0.431,2.4,5.9,0.416,1.1,1.2,0.848,0.3,2.0,2.3,1.2,0.6,1.0,0.1,0.1,1.7,1.0,11.1,0.9,18.1,0,0,19.1,71,62,176,181,170,177,159,342,47,74,50,249,270,110,484,339,380,348,398,119,504,443,254,313,156,172,260,281,44,221,1,2024-25,Gary Trent Jr. (2024-25),100.75,3972,,
1627777,Georges Niang,Georges,1610612737,ATL,32.0,79,55,24,0.696,21.5,3.6,7.8,0.461,2.1,5.2,0.406,0.6,0.7,0.793,0.6,2.8,3.4,1.4,1.0,0.4,0.2,0.3,2.5,0.7,9.9,2.5,16.7,1,0,17.9,23,11,271,74,242,197,198,236,80,103,69,377,397,230,337,214,249,307,240,432,386,332,48,379,194,109,288,198,44,244,2,2024-25,Georges Niang (2024-25),102.45,3633,,
203507,Giannis Antetokounmpo,Giannis,1610612749,MIL,30.0,67,40,27,0.597,34.2,11.8,19.7,0.601,0.2,0.9,0.222,6.5,10.6,0.617,2.2,9.7,11.9,6.5,3.1,0.9,1.2,1.1,2.3,7.6,30.4,5.0,57.4,55,11,53.0,147,89,222,177,36,1,9,39,448,440,463,3,1,477,50,4,6,18,15,169,31,14,95,1,2,36,2,5,2,2,1,2024-25,Giannis Antetokounmpo (2024-25),100.18,4772,,
1629048,Goga Bitadze,Goga,1610612753,ORL,25.0,70,38,32,0.543,20.4,3.0,4.8,0.611,0.0,0.4,0.107,1.2,1.9,0.639,2.4,4.2,6.6,2.0,1.0,0.7,1.4,0.3,2.1,1.7,7.2,1.1,23.3,15,0,20.0,118,110,143,236,264,263,341,34,491,490,495,212,181,461,36,88,62,223,244,245,19,277,137,168,288,160,161,37,44,199,1,2024-25,Goga Bitadze (2024-25),95.8,2855,,
1641711,Gradey Dick,Gradey,1610612761,TOR,21.0,54,15,39,0.278,29.4,4.9,12.0,0.41,2.1,6.0,0.35,2.5,2.9,0.858,0.8,2.8,3.6,1.8,1.5,0.9,0.2,0.7,2.2,2.4,14.4,-3.9,23.1,0,0,24.0,258,349,68,470,111,123,95,417,78,60,246,91,103,94,258,227,237,237,133,158,376,104,119,113,105,491,165,281,44,140,1,2024-25,Gradey Dick (2024-25),101.36,3345,,
1629684,Grant Williams,Grant,1610612766,CHA,26.0,16,6,10,0.375,29.9,3.4,7.7,0.439,1.7,4.6,0.365,1.9,2.3,0.838,1.1,4.0,5.1,2.3,1.8,1.1,0.8,0.4,2.9,2.7,10.4,0.6,24.1,0,0,23.4,469,473,443,407,103,213,206,311,141,133,191,123,136,123,158,102,117,175,98,71,72,242,21,88,176,188,151,281,44,148,1,2024-25,Grant Williams (2024-25),99.95,995,,
1628960,Grayson Allen,Grayson,1610612756,PHX,29.0,64,29,35,0.453,24.1,3.4,7.6,0.448,2.3,5.5,0.426,1.5,1.8,0.816,0.5,2.5,3.0,2.1,1.2,0.8,0.3,0.3,1.5,1.7,10.6,-1.2,19.7,1,0,20.4,170,212,116,344,203,208,210,285,56,93,38,174,193,178,368,269,298,196,204,177,274,322,317,180,169,366,225,198,44,193,1,2024-25,Grayson Allen (2024-25),100.84,3255,,
1627824,Guerschon Yabusele,Guerschon,1610612755,PHI,29.0,70,23,47,0.329,27.1,4.0,8.0,0.501,1.5,3.9,0.38,1.4,2.0,0.725,1.9,3.7,5.6,2.1,1.2,0.8,0.3,0.4,2.3,1.9,11.0,-1.7,23.2,3,0,22.6,118,265,29,443,146,163,188,123,167,179,137,177,174,357,60,118,97,199,185,185,246,206,87,149,162,393,163,134,44,154,1,2024-25,Guerschon Yabusele (2024-25),97.28,3842,,
1630611,Gui Santos,Gui,1610612744,GSW,23.0,56,36,20,0.643,13.6,1.5,3.2,0.458,0.6,1.8,0.33,0.5,0.8,0.69,1.3,1.8,3.1,1.4,0.8,0.4,0.2,0.2,1.6,0.7,4.1,2.9,11.0,0,0,10.4,246,136,318,103,392,426,438,250,346,354,309,396,393,407,127,365,294,302,323,385,382,437,272,380,426,90,391,281,44,397,1,2024-25,Gui Santos (2024-25),99.78,1582,,
203084,Harrison Barnes,Harrison,1610612759,SAS,33.0,82,34,48,0.415,27.2,4.2,8.3,0.508,1.9,4.4,0.433,2.0,2.4,0.809,1.2,2.6,3.8,1.7,0.6,0.5,0.2,0.3,0.9,1.8,12.3,-0.3,20.7,1,0,21.0,1,157,23,378,141,155,178,111,100,147,28,118,128,201,146,247,213,264,377,370,395,267,437,157,136,258,206,198,44,184,1,2024-25,Harrison Barnes (2024-25),100.08,4662,,
1631127,Harrison Ingram,Harrison,1610612759,SAS,22.0,5,0,5,0.0,7.0,0.4,0.8,0.5,0.0,0.2,0.0,0.0,0.0,0.0,0.4,1.4,1.8,0.6,0.2,0.6,0.0,0.0,0.4,0.0,0.8,6.0,5.5,0,0,4.4,535,557,495,557,501,544,557,125,499,511,499,544,548,544,427,414,424,470,524,303,519,522,522,556,549,23,498,281,44,515,1,2024-25,Harrison Ingram (2024-25),103.6,75,,
1629312,Haywood Highsmith,Haywood,1610612748,MIA,28.0,74,35,39,0.473,24.6,2.4,5.3,0.458,1.2,3.1,0.382,0.4,0.6,0.721,1.0,2.4,3.4,1.5,0.7,0.9,0.5,0.2,2.2,0.6,6.5,0.8,16.3,0,0,15.4,71,149,68,311,189,324,312,253,208,237,131,432,432,365,198,279,254,286,330,144,149,395,120,407,324,178,294,281,44,297,1,2024-25,Haywood Highsmith (2024-25),97.33,3691,,
1630529,Herbert Jones,Herbert,1610612740,NOP,26.0,20,5,15,0.25,32.4,3.8,8.6,0.436,1.1,3.6,0.306,1.7,2.0,0.825,1.1,2.8,3.9,3.3,1.8,1.9,0.5,0.5,3.3,2.0,10.3,-1.0,25.0,0,0,23.1,448,485,382,489,61,182,167,327,236,199,372,148,165,152,165,221,201,116,98,4,187,172,4,142,181,334,140,281,44,151,1,2024-25,Herbert Jones (2024-25),100.76,1356,,
1641816,Hunter Tyson,Hunter,1610612743,DEN,25.0,51,30,21,0.588,7.8,0.9,2.4,0.375,0.5,1.5,0.311,0.4,0.5,0.75,0.5,1.0,1.5,0.4,0.3,0.2,0.1,0.2,0.9,0.4,2.6,-1.9,5.7,0,0,5.6,275,196,297,186,485,488,481,485,381,379,360,433,440,310,390,458,452,511,503,497,440,383,451,484,478,403,497,281,44,490,1,2024-25,Hunter Tyson (2024-25),104.6,867,,
1630193,Immanuel Quickley,Immanuel,1610612761,TOR,26.0,33,12,21,0.364,27.8,5.6,13.3,0.42,2.6,6.8,0.378,3.4,3.9,0.867,0.5,3.1,3.5,5.8,1.8,0.7,0.1,0.8,1.8,2.9,17.1,-1.2,30.7,2,0,30.6,390,393,297,419,132,94,77,392,38,39,141,55,65,84,394,188,239,30,97,247,439,74,204,77,76,362,93,159,44,86,1,2024-25,Immanuel Quickley (2024-25),101.44,1936,,
1642403,Isaac Jones,Isaac,1610612758,SAC,24.0,40,19,21,0.475,7.6,1.4,2.1,0.651,0.1,0.2,0.375,0.6,0.9,0.639,0.6,0.9,1.4,0.3,0.4,0.1,0.3,0.3,0.8,0.8,3.4,-1.6,6.2,0,0,5.9,342,302,297,308,489,438,491,21,481,511,150,381,351,462,358,488,467,527,454,518,309,279,469,369,457,387,484,281,44,485,1,2024-25,Isaac Jones (2024-25),102.68,652,,
1630171,Isaac Okoro,Isaac,1610612739,CLE,24.0,55,44,11,0.8,19.1,2.3,4.9,0.464,1.0,2.7,0.371,0.6,0.8,0.717,0.9,1.5,2.4,1.2,0.4,0.6,0.3,0.3,1.9,0.8,6.1,4.6,13.0,0,0,12.5,253,62,425,32,291,344,340,227,251,275,171,369,368,371,226,407,377,336,453,315,280,263,197,349,339,43,357,281,44,356,1,2024-25,Isaac Okoro (2024-25),100.08,2187,,
1642268,Isaiah Collier,Isaiah,1610612762,UTA,20.0,71,14,57,0.197,25.9,3.3,7.8,0.422,0.6,2.4,0.249,1.5,2.2,0.682,0.5,2.9,3.3,6.3,2.9,0.9,0.2,0.8,2.1,1.9,8.7,-5.7,22.6,11,0,21.2,108,364,4,524,164,223,200,385,348,309,445,170,147,421,409,212,270,21,23,139,332,69,152,147,245,535,175,55,44,182,1,2024-25,Isaiah Collier (2024-25),102.44,3927,,
1642384,Isaiah Crawford,Isaiah,1610612758,SAC,23.0,15,7,8,0.467,3.0,0.3,0.7,0.455,0.1,0.3,0.2,0.1,0.3,0.5,0.1,0.5,0.5,0.1,0.1,0.1,0.1,0.0,0.1,0.1,0.9,1.5,2.1,0,0,1.9,476,460,459,319,558,546,558,262,485,495,471,527,516,506,545,543,548,557,549,538,429,522,551,553,548,137,554,281,44,556,1,2024-25,Isaiah Crawford (2024-25),103.01,100,,
1628392,Isaiah Hartenstein,Isaiah,1610612760,OKC,27.0,57,49,8,0.86,27.9,4.9,8.4,0.581,0.0,0.3,0.0,1.4,2.1,0.675,2.9,7.9,10.7,3.8,1.7,0.8,1.1,0.5,3.0,1.6,11.2,7.3,33.9,28,0,29.6,232,25,459,16,129,124,174,48,499,495,499,187,159,430,23,10,10,90,112,188,36,153,10,181,155,10,68,22,44,93,1,2024-25,Isaiah Hartenstein (2024-25),101.56,3355,,
1630543,Isaiah Jackson,Isaiah,1610612754,IND,23.0,5,1,4,0.2,16.8,2.8,4.6,0.609,0.0,0.0,0.0,1.4,2.8,0.5,2.2,3.4,5.6,1.0,1.0,0.6,1.6,0.4,2.8,1.4,7.0,2.0,20.8,0,0,18.0,535,539,507,520,335,277,359,35,499,542,499,182,107,506,49,147,101,384,250,303,10,223,23,220,296,121,203,281,44,242,1,2024-25,Isaiah Jackson (2024-25),105.29,184,,
1630198,Isaiah Joe,Isaiah,1610612760,OKC,25.0,74,63,11,0.851,21.7,3.5,7.9,0.44,2.6,6.3,0.412,0.6,0.8,0.821,0.6,2.1,2.6,1.6,0.5,0.6,0.1,0.3,1.5,1.4,10.2,7.4,17.6,0,0,18.6,71,2,425,17,238,204,194,308,36,50,54,362,391,163,356,331,349,271,413,279,438,343,310,228,184,7,269,281,44,233,1,2024-25,Isaiah Joe (2024-25),102.23,3420,,
1630600,Isaiah Mobley,Isaiah,1610612755,PHI,25.0,1,0,1,0.0,17.4,2.0,7.0,0.286,1.0,3.0,0.333,1.0,2.0,0.5,1.0,3.0,4.0,5.0,0.0,1.0,1.0,0.0,3.0,1.0,6.0,-6.0,24.3,0,0,20.0,562,557,548,557,327,364,243,539,257,253,297,255,165,506,183,196,191,51,551,101,42,522,10,300,342,537,147,281,44,198,1,2024-25,Isaiah Mobley (2024-25),111.94,41,,
1641815,Isaiah Stevens,Isaiah,1610612748,MIA,24.0,3,3,0,1.0,1.8,0.0,0.7,0.0,0.0,0.3,0.0,0.0,0.0,0.0,0.0,0.7,0.7,0.0,0.0,0.3,0.0,0.0,0.0,0.0,0.0,1.3,1.8,0,0,1.3,549,508,561,1,567,558,560,558,499,495,499,544,548,544,548,518,536,558,551,434,519,522,554,556,561,147,558,281,44,563,1,2024-25,Isaiah Stevens (2024-25),112.43,13,,
1630191,Isaiah Stewart,Isaiah,1610612765,DET,24.0,72,38,34,0.528,19.9,2.4,4.4,0.559,0.2,0.7,0.321,0.9,1.2,0.759,1.8,3.7,5.5,1.7,0.9,0.4,1.4,0.2,2.5,1.3,6.0,0.1,19.7,2,0,17.1,95,110,124,250,272,318,368,63,442,463,339,278,278,297,71,116,106,253,268,412,18,426,49,246,340,226,228,159,44,265,1,2024-25,Isaiah Stewart (2024-25),101.75,3036,,
1631209,Isaiah Wong,Isaiah,1610612766,CHA,24.0,20,2,18,0.1,13.3,2.1,5.3,0.39,0.7,1.7,0.394,1.3,1.7,0.735,0.7,0.9,1.6,1.4,0.9,0.6,0.0,0.7,1.1,1.2,6.0,-0.3,10.8,0,0,10.8,448,525,345,551,397,361,314,467,338,372,105,205,209,339,291,484,443,309,277,333,519,109,407,259,342,257,398,281,44,391,1,2024-25,Isaiah Wong (2024-25),98.35,548,,
1627826,Ivica Zubac,Ivica,1610612746,LAC,28.0,80,50,30,0.625,32.8,7.4,11.8,0.628,0.0,0.0,0.0,2.0,3.0,0.661,3.8,8.9,12.6,2.7,1.6,0.7,1.1,0.7,2.1,3.0,16.8,6.4,39.8,59,1,35.7,16,23,176,127,51,46,100,30,499,542,499,120,99,450,5,7,4,146,126,252,34,85,151,69,81,19,35,2,20,53,1,2024-25,Ivica Zubac (2024-25),98.55,5392,,
1631120,JD Davison,JD,1610612738,BOS,22.0,16,13,3,0.813,5.8,0.8,2.1,0.353,0.3,1.1,0.222,0.3,0.4,0.714,0.1,0.7,0.8,0.8,0.8,0.3,0.1,0.0,0.1,0.3,2.1,-1.8,4.6,0,0,4.7,469,382,521,27,515,503,488,506,432,408,463,467,465,374,537,515,527,432,308,446,499,522,552,503,501,397,515,281,44,507,1,2024-25,JD Davison (2024-25),94.28,181,,
1630550,JT Thor,JT,1610612764,WAS,22.0,20,10,10,0.5,12.5,1.3,3.0,0.424,0.3,1.1,0.286,0.8,1.1,0.682,1.0,1.4,2.4,0.3,0.5,0.4,0.5,0.2,0.9,0.8,3.6,-4.8,9.0,0,0,8.3,448,419,443,266,410,455,453,375,416,415,396,321,295,421,183,414,373,527,439,407,187,396,454,369,448,512,439,281,44,446,2,2024-25,JT Thor (2024-25),98.57,515,,
1629630,Ja Morant,Ja,1610612763,MEM,25.0,50,30,20,0.6,30.4,8.1,17.8,0.454,1.8,5.7,0.309,5.3,6.4,0.824,0.7,3.4,4.1,7.3,3.7,1.2,0.2,1.0,2.3,5.0,23.2,4.5,39.7,13,1,39.2,283,196,318,168,93,30,28,263,121,81,364,15,15,154,304,145,185,12,6,52,323,28,107,17,30,48,37,46,20,31,1,2024-25,Ja Morant (2024-25),105.74,3346,,
1642266,Ja'Kobe Walter,Ja'Kobe,1610612761,TOR,20.0,52,19,33,0.365,21.2,3.1,7.6,0.405,1.3,3.6,0.349,1.3,1.6,0.795,1.1,1.9,3.1,1.6,1.0,0.8,0.2,0.8,1.8,1.4,8.6,-1.6,16.8,1,0,16.6,267,302,130,418,249,250,216,435,199,202,248,203,220,228,156,350,293,279,264,186,372,75,214,222,247,386,287,198,44,272,1,2024-25,Ja'Kobe Walter (2024-25),101.29,2316,,
1631095,Jabari Smith Jr.,Jabari,1610612745,HOU,22.0,57,40,17,0.702,30.1,4.4,9.9,0.438,1.7,4.9,0.354,1.8,2.2,0.825,1.8,5.2,7.0,1.1,1.1,0.4,0.7,0.5,2.2,2.1,12.2,4.4,24.6,8,0,24.3,232,89,360,71,99,148,131,318,135,121,232,132,143,151,66,52,55,377,230,393,83,160,132,129,140,55,144,77,44,137,1,2024-25,Jabari Smith Jr. (2024-25),100.0,3569,,
1631133,Jabari Walker,Jabari,1610612757,POR,22.0,60,23,37,0.383,12.5,2.0,3.8,0.515,0.5,1.2,0.389,0.8,1.2,0.69,1.0,2.5,3.5,0.6,0.6,0.6,0.1,0.5,1.5,1.0,5.2,0.3,11.7,1,0,11.1,206,265,96,403,408,369,392,100,380,397,116,292,280,409,196,261,243,467,399,333,457,166,327,297,373,216,382,198,44,384,1,2024-25,Jabari Walker (2024-25),103.86,1624,,
1629098,Jack McVeigh,Jack,1610612745,HOU,29.0,9,5,4,0.556,4.8,0.6,1.9,0.294,0.4,1.4,0.308,0.0,0.0,0.0,0.2,0.3,0.6,0.1,0.2,0.0,0.2,0.0,0.3,0.0,1.6,-1.1,2.8,0,0,3.1,509,485,507,223,531,526,500,536,383,380,366,544,548,544,506,553,545,555,517,541,334,522,531,556,525,352,542,281,44,536,1,2024-25,Jack McVeigh (2024-25),109.32,98,,
1642050,Jackson Rowe,Jackson,1610612744,GSW,28.0,6,4,2,0.667,8.6,1.3,2.8,0.471,0.5,1.7,0.3,0.5,1.0,0.5,0.5,1.3,1.8,0.7,0.2,0.7,0.0,0.0,0.7,0.5,3.7,3.8,8.7,0,0,8.0,524,493,532,84,473,443,459,208,366,368,379,400,314,506,378,421,419,451,532,259,519,522,483,442,444,71,450,281,44,453,1,2024-25,Jackson Rowe (2024-25),109.95,122,,
1631210,Jacob Toppin,Jacob,1610612737,ATL,25.0,17,13,4,0.765,4.4,0.5,1.3,0.409,0.3,0.6,0.5,0.0,0.0,0.0,0.2,0.7,0.9,0.4,0.2,0.1,0.0,0.2,0.2,0.0,1.4,-1.5,3.1,0,0,3.1,464,382,507,52,538,531,537,419,421,479,7,544,548,544,525,511,522,519,531,523,519,416,547,556,535,384,537,281,44,535,2,2024-25,Jacob Toppin (2024-25),101.56,158,,
1630702,Jaden Hardy,Jaden,1610612742,DAL,22.0,57,30,27,0.526,15.9,3.2,7.3,0.435,1.3,3.5,0.386,1.1,1.5,0.698,0.2,1.4,1.6,1.4,1.4,0.5,0.1,0.4,1.6,1.2,8.7,-1.1,13.0,0,0,14.2,232,196,222,251,350,241,229,332,188,212,121,250,229,396,531,413,449,304,146,364,473,214,286,264,241,356,359,281,44,326,1,2024-25,Jaden Hardy (2024-25),102.83,1943,,
1631093,Jaden Ivey,Jaden,1610612765,DET,23.0,30,14,16,0.467,29.9,6.3,13.8,0.46,2.1,5.1,0.409,2.8,3.9,0.733,1.3,2.8,4.1,4.0,3.0,0.9,0.4,0.9,2.2,3.2,17.6,-2.1,29.4,0,0,30.4,409,364,369,319,104,74,68,242,81,105,60,74,66,345,118,221,183,86,19,135,234,50,115,63,72,416,103,281,44,89,1,2024-25,Jaden Ivey (2024-25),99.52,1868,,
1630183,Jaden McDaniels,Jaden,1610612750,MIN,24.0,82,49,33,0.598,31.9,4.9,10.2,0.477,1.2,3.7,0.33,1.3,1.6,0.813,1.6,4.2,5.7,2.0,1.2,1.3,0.9,0.5,2.7,1.7,12.2,2.1,27.6,10,0,25.6,1,25,130,173,71,126,123,185,206,190,310,204,224,186,90,93,91,216,210,37,60,172,32,177,141,117,114,62,44,125,1,2024-25,Jaden McDaniels (2024-25),98.07,5323,,
1630531,Jaden Springer,Jaden,1610612762,UTA,22.0,43,22,21,0.512,8.5,0.8,2.1,0.389,0.3,1.1,0.25,0.6,0.9,0.711,0.4,1.0,1.3,0.8,0.4,0.6,0.1,0.1,1.0,0.9,2.5,-0.7,6.9,0,0,6.2,328,274,297,261,475,494,490,470,426,409,439,361,357,383,431,475,472,443,464,323,470,489,427,333,482,308,475,281,44,479,2,2024-25,Jaden Springer (2024-25),102.79,779,,
203109,Jae Crowder,Jae,1610612758,SAC,34.0,9,3,6,0.333,11.4,0.8,2.4,0.318,0.4,1.7,0.267,0.6,0.7,0.833,0.7,1.6,2.2,0.7,0.4,0.3,0.0,0.1,1.1,0.3,2.6,-2.0,6.8,0,0,6.6,509,508,481,437,434,497,479,527,383,368,425,389,406,131,309,398,389,451,441,434,519,467,396,490,481,409,477,281,44,475,1,2024-25,Jae Crowder (2024-25),100.89,215,,
1630256,Jae'Sean Tate,Jae'Sean,1610612745,HOU,29.0,52,38,14,0.731,11.3,1.3,2.8,0.473,0.3,0.9,0.348,0.6,0.9,0.681,1.0,1.3,2.3,0.9,0.4,0.5,0.1,0.3,1.6,1.0,3.6,1.0,9.2,0,0,8.3,267,110,392,63,436,440,458,202,412,446,251,363,350,424,202,429,384,410,452,355,427,298,287,298,446,169,435,281,44,444,1,2024-25,Jae'Sean Tate (2024-25),103.16,1251,,
1626143,Jahlil Okafor,Jahlil,1610612754,IND,29.0,1,0,1,0.0,3.4,0.0,0.0,0.0,0.0,0.0,0.0,0.0,0.0,0.0,0.0,1.0,1.0,1.0,0.0,0.0,0.0,0.0,0.0,0.0,0.0,5.0,2.7,0,0,2.0,562,557,548,557,555,558,567,558,499,542,499,544,548,544,548,460,510,384,551,541,519,522,554,556,561,35,544,281,44,552,1,2024-25,Jahlil Okafor (2024-25),114.06,8,,
1642443,Jahmir Young,Jahmir,1610612741,CHI,24.0,6,4,2,0.667,4.9,0.7,0.8,0.8,0.2,0.3,0.5,0.3,0.3,1.0,0.2,0.3,0.5,1.0,0.2,0.0,0.0,0.2,0.3,0.2,1.8,-1.2,3.8,0,0,3.5,524,493,532,84,529,513,556,2,461,495,7,456,496,1,526,553,551,384,532,541,519,426,531,531,512,360,530,281,44,530,1,2024-25,Jahmir Young (2024-25),111.64,70,,
1631170,Jaime Jaquez Jr.,Jaime,1610612748,MIA,24.0,66,32,34,0.485,20.7,3.2,7.0,0.461,0.6,1.8,0.311,1.6,2.2,0.754,1.3,3.1,4.4,2.5,1.5,0.9,0.2,0.9,1.2,1.5,8.6,-2.3,19.6,3,1,18.4,156,179,124,303,261,232,243,237,353,357,359,152,150,306,130,181,164,158,141,141,353,39,371,200,246,428,229,134,20,239,1,2024-25,Jaime Jaquez Jr. (2024-25),99.18,2835,,
1631222,Jake LaRavia,Jake,1610612758,SAC,23.0,66,40,26,0.606,20.4,2.4,5.1,0.475,0.9,2.2,0.423,1.2,1.7,0.678,1.4,2.6,3.9,2.4,1.3,0.9,0.3,0.4,2.0,1.4,6.9,1.9,17.8,2,0,16.7,156,89,237,163,263,322,325,195,283,321,41,216,200,429,114,252,198,165,177,131,245,227,169,227,301,125,264,159,44,270,2,2024-25,Jake LaRavia (2024-25),103.86,2926,,
1627751,Jakob Poeltl,Jakob,1610612761,TOR,29.0,57,21,36,0.368,29.6,6.4,10.2,0.627,0.0,0.1,0.333,1.7,2.5,0.674,3.3,6.3,9.6,2.8,1.9,1.2,1.2,0.6,3.1,2.3,14.5,-0.6,35.4,23,0,31.6,232,280,106,414,109,72,125,31,497,532,297,139,118,433,11,29,19,140,81,64,26,122,9,118,102,299,62,27,44,80,1,2024-25,Jakob Poeltl (2024-25),101.44,3557,,
1641779,Jalen Bridges,Jalen,1610612756,PHX,24.0,8,1,7,0.125,3.8,0.3,0.9,0.286,0.3,0.9,0.286,0.4,0.5,0.75,0.0,0.5,0.5,0.0,0.5,0.0,0.0,0.0,0.0,0.4,1.1,0.9,1.2,0,0,1.9,516,539,467,545,548,551,555,539,432,448,396,445,451,310,548,534,551,558,415,541,519,522,554,478,539,176,564,281,44,557,1,2024-25,Jalen Bridges (2024-25),98.77,63,,
1628973,Jalen Brunson,Jalen,1610612752,NYK,28.0,65,40,25,0.615,35.4,9.0,18.5,0.488,2.3,6.1,0.383,5.7,6.9,0.821,0.4,2.5,2.9,7.3,2.5,0.9,0.1,0.8,2.1,6.3,26.0,2.2,41.0,14,0,40.6,162,89,256,144,17,13,18,158,53,57,129,11,11,163,423,274,320,11,47,142,437,70,145,2,10,113,28,40,44,24,1,2024-25,Jalen Brunson (2024-25),97.79,4697,,
1631105,Jalen Duren,Jalen,1610612765,DET,21.0,78,43,35,0.551,26.1,4.8,7.0,0.692,0.0,0.0,0.0,2.1,3.1,0.669,3.6,6.8,10.3,2.7,1.7,0.7,1.1,0.7,3.2,2.6,11.8,0.5,32.0,41,0,28.5,35,75,116,229,161,127,243,11,499,542,499,108,91,436,7,22,11,145,102,251,32,93,8,95,149,197,83,9,44,102,1,2024-25,Jalen Duren (2024-25),101.29,4278,,
1630224,Jalen Green,Jalen,1610612745,HOU,23.0,82,52,30,0.634,32.9,7.4,17.5,0.423,2.9,8.1,0.354,3.3,4.1,0.813,0.5,4.0,4.6,3.4,2.5,0.9,0.3,1.3,1.5,3.0,21.0,2.0,32.8,4,0,34.3,1,19,176,112,49,45,30,377,28,21,231,58,56,186,360,101,151,106,50,168,256,6,299,70,44,120,76,116,44,61,1,2024-25,Jalen Green (2024-25),99.75,5610,,
1641720,Jalen Hood-Schifino,Jalen,1610612755,PHI,22.0,15,3,12,0.2,21.0,2.5,6.5,0.378,0.9,3.1,0.304,1.2,1.4,0.857,0.2,1.6,1.8,2.5,1.2,0.3,0.5,0.3,1.7,1.1,7.1,-6.4,14.1,0,0,13.9,476,508,414,520,256,316,264,483,277,247,375,213,249,95,514,389,424,162,199,434,174,331,258,278,295,541,335,281,44,332,2,2024-25,Jalen Hood-Schifino (2024-25),101.36,670,,
1630552,Jalen Johnson,Jalen,1610612737,ATL,23.0,36,18,18,0.5,35.7,7.5,15.1,0.5,1.2,3.9,0.312,2.6,3.5,0.746,1.7,8.3,10.0,5.0,2.9,1.6,1.0,1.1,1.9,2.8,18.9,1.5,43.1,20,1,40.2,370,312,345,266,16,42,54,125,203,178,355,79,77,329,78,8,16,49,21,19,42,22,201,86,59,138,19,32,20,27,1,2024-25,Jalen Johnson (2024-25),106.68,2858,,
1629667,Jalen McDaniels,Jalen,1610612758,SAC,27.0,4,2,2,0.5,1.8,0.0,0.0,0.0,0.0,0.0,0.0,0.0,0.0,0.0,0.0,0.0,0.0,0.3,0.0,0.3,0.0,0.0,0.0,0.0,0.0,-0.3,1.1,0,0,0.8,541,525,532,266,568,558,567,558,499,542,499,544,548,544,548,564,565,534,551,471,519,522,554,556,561,253,565,281,44,567,1,2024-25,Jalen McDaniels (2024-25),111.25,16,,
1629618,Jalen Pickett,Jalen,1610612743,DEN,25.0,49,31,18,0.633,13.6,1.6,3.7,0.428,0.8,2.1,0.396,0.1,0.2,0.75,0.3,1.1,1.4,2.2,0.5,0.4,0.1,0.1,0.8,0.2,4.1,1.1,10.1,1,1,9.5,293,186,345,114,393,418,400,360,300,331,98,533,534,310,470,451,464,192,423,414,455,482,465,535,424,163,414,198,20,415,1,2024-25,Jalen Pickett (2024-25),99.25,1383,,
1630188,Jalen Smith,Jalen,1610612741,CHI,25.0,64,28,36,0.438,15.0,3.0,6.4,0.466,1.1,3.5,0.324,1.1,1.4,0.809,1.4,4.2,5.6,1.0,0.6,0.3,0.7,0.2,1.5,1.3,8.2,-0.6,18.7,4,0,17.8,170,220,106,357,366,262,273,223,229,211,328,230,250,203,112,90,102,382,392,467,91,381,317,242,261,290,251,116,44,248,1,2024-25,Jalen Smith (2024-25),106.06,2122,,
1630591,Jalen Suggs,Jalen,1610612753,ORL,24.0,35,20,15,0.571,28.6,5.6,13.7,0.41,2.2,6.9,0.314,2.8,3.1,0.882,0.7,3.4,4.0,3.7,2.9,1.5,0.9,0.5,2.8,3.7,16.2,0.1,30.8,0,0,30.9,381,296,382,210,117,88,70,418,67,38,352,75,86,64,319,150,189,96,24,28,55,185,23,44,87,231,91,281,44,85,1,2024-25,Jalen Suggs (2024-25),99.02,2060,,
1631114,Jalen Williams,Jalen,1610612760,OKC,24.0,69,55,14,0.797,32.4,8.2,16.9,0.484,1.8,4.9,0.365,3.4,4.3,0.789,0.9,4.5,5.3,5.1,2.2,1.6,0.7,0.9,2.3,3.6,21.6,6.6,40.4,3,0,38.4,129,11,392,36,60,28,36,167,114,118,193,52,42,236,241,84,108,46,64,16,96,52,99,48,37,17,32,134,44,35,1,2024-25,Jalen Williams (2024-25),102.44,4760,,
1630592,Jalen Wilson,Jalen,1610612751,BKN,24.0,79,25,54,0.316,25.7,3.1,7.8,0.397,1.5,4.6,0.337,1.7,2.1,0.818,0.9,2.5,3.4,1.8,1.0,0.5,0.1,0.5,2.1,1.5,9.5,-3.3,17.0,0,0,17.4,23,252,8,448,169,244,198,454,161,137,287,138,157,169,208,273,251,235,250,354,498,196,158,194,205,469,280,281,44,256,1,2024-25,Jalen Wilson (2024-25),97.23,4122,,
1631288,Jamal Cain,Jamal,1610612740,NOP,26.0,37,6,31,0.162,13.6,1.8,4.3,0.43,0.7,2.2,0.325,0.9,1.4,0.68,0.7,1.6,2.3,0.6,0.6,0.6,0.2,0.0,1.2,1.0,5.3,-3.6,10.9,0,0,10.6,361,473,158,537,395,387,378,346,323,320,326,276,257,426,281,396,379,474,383,290,320,522,370,300,370,481,395,281,44,395,1,2024-25,Jamal Cain (2024-25),100.49,1052,,
1627750,Jamal Murray,Jamal,1610612743,DEN,28.0,67,41,26,0.612,36.1,7.9,16.7,0.474,2.3,5.9,0.393,3.3,3.7,0.886,0.7,3.2,3.9,6.0,2.1,1.4,0.5,0.7,1.9,3.1,21.4,4.9,38.6,5,0,37.4,147,83,237,152,11,36,39,198,55,67,108,61,72,58,308,167,202,25,73,35,161,99,190,64,39,37,41,106,44,38,1,2024-25,Jamal Murray (2024-25),100.72,5075,,
1642347,Jamal Shead,Jamal,1610612761,TOR,22.0,75,28,47,0.373,19.6,2.7,6.7,0.405,1.0,3.0,0.323,0.7,0.9,0.768,0.4,1.1,1.5,4.2,1.6,0.8,0.1,0.4,2.1,1.3,7.1,-3.1,16.4,1,0,15.6,59,220,29,409,282,285,256,434,275,256,335,340,346,277,427,453,450,78,129,213,429,233,149,238,291,464,293,198,44,292,1,2024-25,Jamal Shead (2024-25),102.18,3127,,
1631123,Jamaree Bouyea,Jamaree,1610612749,MIL,26.0,5,4,1,0.8,12.3,1.2,2.4,0.5,0.2,1.0,0.2,0.8,1.2,0.667,0.2,0.8,1.0,2.0,1.6,0.8,0.4,0.2,0.4,1.2,3.4,0.4,9.6,0,0,9.0,535,493,548,32,417,460,480,125,451,419,471,302,279,438,514,500,510,208,123,199,217,396,522,259,456,200,426,281,44,425,1,2024-25,Jamaree Bouyea (2024-25),100.75,130,,
201935,James Harden,James,1610612746,LAC,35.0,79,50,29,0.633,35.3,6.7,16.4,0.41,3.0,8.5,0.352,6.4,7.3,0.874,0.7,5.1,5.8,8.7,4.3,1.5,0.7,0.8,2.1,4.7,22.8,4.4,45.0,38,3,44.6,23,23,188,113,20,62,42,416,23,17,242,5,8,79,295,55,89,5,3,24,87,58,162,21,31,56,12,11,11,12,1,2024-25,James Harden (2024-25),98.82,5737,,
201949,James Johnson,James,1610612754,IND,38.0,12,5,7,0.417,3.1,0.3,0.9,0.364,0.0,0.3,0.0,0.0,0.1,0.0,0.0,0.5,0.5,0.3,0.3,0.0,0.2,0.0,0.4,0.1,0.7,-0.8,1.9,0,0,1.8,498,485,467,375,557,546,554,497,499,506,499,544,545,544,548,534,551,520,479,541,398,522,517,548,556,309,556,281,44,559,1,2024-25,James Johnson (2024-25),100.28,77,,
1630164,James Wiseman,James,1610612754,IND,24.0,1,1,0,1.0,4.6,2.0,4.0,0.5,0.0,1.0,0.0,2.0,2.0,1.0,0.0,1.0,1.0,0.0,0.0,0.0,0.0,0.0,0.0,1.0,6.0,-4.0,7.2,0,0,7.0,562,539,561,1,532,364,386,125,499,419,499,112,165,1,548,460,510,558,551,541,519,522,554,300,342,495,472,281,44,467,1,2024-25,James Wiseman (2024-25),119.14,11,,
1642419,Jamison Battle,Jamison,1610612761,TOR,24.0,59,21,38,0.356,17.7,2.5,5.9,0.429,1.8,4.4,0.405,0.3,0.3,0.889,0.6,2.1,2.7,0.9,0.5,0.3,0.2,0.2,1.6,0.4,7.1,-3.1,12.6,0,0,13.4,218,280,85,426,318,306,293,352,119,148,70,479,506,54,326,335,345,412,435,462,396,364,294,464,292,461,369,281,44,341,1,2024-25,Jamison Battle (2024-25),102.32,2222,,
1641716,Jarace Walker,Jarace,1610612754,IND,21.0,75,45,30,0.6,15.8,2.3,4.8,0.472,1.0,2.5,0.405,0.6,0.9,0.667,0.3,2.7,3.1,1.5,1.0,0.7,0.3,0.1,1.5,0.8,6.1,-1.9,14.1,0,0,13.8,59,56,176,168,352,343,344,206,257,302,70,367,346,438,456,232,296,292,239,235,248,451,307,341,338,405,334,281,44,335,1,2024-25,Jarace Walker (2024-25),103.23,2544,,
1630215,Jared Butler,Jared,1610612755,PHI,24.0,60,6,54,0.1,17.4,3.4,7.6,0.448,1.0,2.8,0.355,1.3,1.5,0.824,0.4,1.4,1.8,3.7,1.3,0.7,0.2,0.6,1.6,1.2,9.0,-2.2,18.1,1,0,17.4,206,473,8,551,326,212,217,283,257,269,225,205,228,155,421,412,419,98,169,245,344,115,274,253,223,423,261,198,44,259,2,2024-25,Jared Butler (2024-25),102.6,2232,,
1642272,Jared McCain,Jared,1610612755,PHI,21.0,23,7,16,0.304,25.7,5.5,11.9,0.46,2.2,5.8,0.383,2.1,2.4,0.875,0.6,1.9,2.4,2.6,1.6,0.7,0.0,0.5,1.6,2.0,15.3,-1.2,22.5,1,0,23.9,438,460,369,453,168,97,97,244,62,78,126,104,127,77,348,357,368,152,122,273,519,190,276,141,91,361,178,198,44,143,1,2024-25,Jared McCain (2024-25),98.18,1210,,
1631197,Jared Rhoden,Jared,1610612761,TOR,25.0,14,8,6,0.571,16.2,3.0,6.2,0.483,0.9,2.8,0.308,1.6,1.8,0.88,1.0,2.0,3.0,1.1,0.6,0.7,0.1,0.4,1.4,1.1,8.4,4.6,15.7,1,0,15.1,482,445,481,210,347,255,278,171,293,270,366,162,192,68,183,339,300,352,365,237,420,207,329,289,251,45,308,198,44,303,2,2024-25,Jared Rhoden (2024-25),103.89,486,,
1628991,Jaren Jackson Jr.,Jaren,1610612763,MEM,25.0,74,42,32,0.568,29.8,8.0,16.4,0.488,2.0,5.3,0.375,4.2,5.4,0.781,1.2,4.4,5.6,2.0,2.1,1.2,1.5,1.2,3.5,4.5,22.2,4.5,38.2,6,0,37.3,71,81,143,216,106,32,43,155,88,98,149,27,24,247,139,85,100,208,70,50,13,10,1,24,35,50,42,93,44,40,1,2024-25,Jaren Jackson Jr. (2024-25),105.56,4863,,
1629020,Jarred Vanderbilt,Jarred,1610612747,LAL,26.0,36,25,11,0.694,16.1,1.6,3.4,0.488,0.3,0.9,0.281,0.6,1.0,0.556,1.9,3.2,5.1,1.1,0.8,1.0,0.3,0.5,1.9,1.1,4.1,1.0,14.8,0,0,13.0,370,252,425,76,349,407,421,157,432,445,408,389,314,500,62,172,122,353,309,121,287,192,201,286,423,170,323,281,44,346,1,2024-25,Jarred Vanderbilt (2024-25),100.61,1215,,
1628386,Jarrett Allen,Jarrett,1610612739,CLE,27.0,82,64,18,0.78,28.0,5.5,7.8,0.706,0.0,0.1,0.0,2.4,3.4,0.718,2.6,7.1,9.7,1.9,1.2,0.9,0.9,0.6,1.5,3.1,13.5,6.3,32.3,40,0,28.8,1,1,345,44,123,95,201,6,499,528,499,93,81,368,28,18,17,226,202,132,63,140,299,65,118,21,80,10,44,100,1,2024-25,Jarrett Allen (2024-25),101.43,4853,,
1629750,Javonte Green,Javonte,1610612739,CLE,31.0,68,24,44,0.353,18.5,1.8,4.2,0.429,0.7,2.1,0.326,0.8,1.1,0.724,0.9,2.3,3.2,0.8,0.5,1.0,0.5,0.2,1.4,1.1,5.1,-3.1,14.0,0,0,12.6,138,261,42,428,311,388,379,355,332,329,322,298,292,360,236,293,280,428,428,124,184,390,328,291,377,463,338,281,44,352,2,2024-25,Javonte Green (2024-25),101.97,2671,,
1629637,Jaxson Hayes,Jaxson,1610612747,LAL,25.0,56,38,18,0.679,19.5,2.9,4.0,0.722,0.0,0.1,0.0,1.1,1.8,0.622,1.4,3.4,4.8,1.0,0.8,0.6,0.9,0.2,2.4,2.0,6.8,1.6,17.8,2,0,15.6,246,110,345,82,285,272,387,5,499,531,499,242,198,474,111,146,140,380,319,330,58,405,67,132,306,135,266,159,44,293,1,2024-25,Jaxson Hayes (2024-25),100.51,2301,,
1630643,Jay Huff,Jay,1610612763,MEM,27.0,64,37,27,0.578,11.7,2.5,4.8,0.515,1.3,3.1,0.405,0.7,0.9,0.786,0.5,1.5,2.0,0.6,0.5,0.3,0.9,0.1,1.2,0.7,6.9,0.4,13.0,0,0,13.0,170,124,222,203,430,317,348,101,197,239,72,347,359,239,402,400,408,475,410,471,66,458,375,393,305,202,358,281,44,349,1,2024-25,Jay Huff (2024-25),106.71,1668,,
1627759,Jaylen Brown,Jaylen,1610612738,BOS,28.0,63,46,17,0.73,34.3,8.2,17.7,0.463,1.8,5.7,0.324,3.9,5.1,0.764,1.3,4.5,5.8,4.5,2.6,1.2,0.3,1.1,2.4,4.6,22.2,6.4,37.8,5,0,37.3,185,45,360,64,33,27,29,230,111,82,332,34,30,284,126,82,88,63,42,63,271,23,65,22,34,20,43,106,44,39,1,2024-25,Jaylen Brown (2024-25),98.57,4424,,
1641740,Jaylen Clark,Jaylen,1610612750,MIN,23.0,40,28,12,0.7,13.0,1.4,3.0,0.467,0.6,1.3,0.431,0.7,0.9,0.784,0.7,0.7,1.3,0.7,0.2,0.9,0.1,0.3,1.5,0.8,4.1,1.1,9.3,0,0,8.5,342,220,414,72,400,431,448,221,354,394,33,332,344,243,321,517,478,461,524,150,506,348,311,369,425,162,430,281,44,440,1,2024-25,Jaylen Clark (2024-25),101.98,1101,,
1641798,Jaylen Martin,Jaylen,1610612764,WAS,21.0,16,3,13,0.188,14.9,1.9,4.6,0.419,0.4,1.4,0.304,0.6,0.6,0.9,0.7,2.1,2.8,1.1,0.8,0.6,0.0,0.3,0.9,0.5,4.9,-8.2,10.7,0,0,10.3,469,508,403,532,371,372,357,397,386,382,375,386,422,42,298,333,336,373,323,322,519,295,448,442,386,560,400,281,44,401,2,2024-25,Jaylen Martin (2024-25),100.58,502,,
1629669,Jaylen Nowell,Jaylen,1610612764,WAS,25.0,8,1,7,0.125,21.0,3.3,9.1,0.356,1.0,3.4,0.296,0.9,1.4,0.636,0.8,1.8,2.5,2.3,1.0,0.1,0.5,0.4,1.1,1.1,8.4,-5.3,15.6,0,0,15.4,516,539,467,545,255,228,151,503,257,218,385,282,254,463,273,374,363,183,250,518,149,242,394,280,252,523,309,281,44,298,1,2024-25,Jaylen Nowell (2024-25),96.24,338,,
1631301,Jaylen Sims,Jaylen,1610612766,CHA,26.0,6,0,6,0.0,18.6,2.0,4.7,0.429,1.0,2.5,0.4,2.0,2.5,0.8,0.5,0.5,1.0,2.0,1.3,0.5,0.2,0.2,1.7,1.8,7.0,-7.8,11.9,0,0,12.3,524,557,481,557,308,364,355,355,257,293,78,112,123,213,378,534,510,208,169,355,398,426,258,153,296,558,380,281,44,362,1,2024-25,Jaylen Sims (2024-25),100.89,235,,
1642377,Jaylen Wells,Jaylen,1610612763,MEM,21.0,79,47,32,0.595,25.9,3.6,8.6,0.425,1.7,5.0,0.352,1.4,1.7,0.822,1.1,2.3,3.4,1.7,0.9,0.6,0.1,0.4,1.8,1.9,10.4,2.4,18.2,1,0,18.6,23,36,143,180,166,196,169,371,122,114,241,181,207,161,164,303,255,252,287,324,456,218,205,148,174,111,259,198,44,234,1,2024-25,Jaylen Wells (2024-25),104.64,4444,,
1631119,Jaylin Williams,Jaylin,1610612760,OKC,23.0,47,40,7,0.851,16.7,2.1,4.7,0.439,1.3,3.3,0.399,0.5,0.6,0.767,1.0,4.6,5.6,2.6,0.7,0.5,0.6,0.1,1.7,0.9,5.9,6.4,18.9,4,3,17.5,298,89,467,18,337,359,352,312,192,226,88,407,418,280,178,81,103,155,328,373,112,475,251,328,348,18,239,116,11,254,1,2024-25,Jaylin Williams (2024-25),102.7,1678,,
1642281,Jaylon Tyson,Jaylon,1610612739,CLE,22.0,47,37,10,0.787,9.6,1.4,3.2,0.43,0.4,1.2,0.345,0.4,0.5,0.792,0.8,1.3,2.0,0.9,0.6,0.3,0.1,0.2,1.1,0.5,3.6,0.0,7.9,1,0,7.6,298,124,443,39,462,436,441,350,388,396,258,436,449,232,268,431,405,406,405,466,497,366,406,436,447,244,462,198,44,461,1,2024-25,Jaylon Tyson (2024-25),101.31,957,,
1628369,Jayson Tatum,Jayson,1610612738,BOS,27.0,72,53,19,0.736,36.4,9.2,20.3,0.452,3.5,10.1,0.343,5.0,6.1,0.814,0.7,8.0,8.7,6.0,2.9,1.1,0.5,0.8,2.2,4.3,26.8,7.4,48.0,31,2,48.1,95,17,329,60,8,10,7,272,8,5,266,18,17,184,309,9,24,27,25,88,139,67,126,28,6,8,7,18,15,6,1,2024-25,Jayson Tatum (2024-25),98.14,5368,,
1641789,Jazian Gortman,Jazian,1610612742,DAL,22.0,16,8,8,0.5,3.5,0.6,1.4,0.391,0.3,0.7,0.364,0.1,0.3,0.5,0.1,0.3,0.3,0.4,0.3,0.1,0.1,0.1,0.6,0.1,1.5,0.7,2.7,0,0,2.8,469,445,459,266,552,525,527,459,432,466,195,528,517,506,546,559,562,514,491,518,499,507,501,542,528,185,546,281,44,540,1,2024-25,Jazian Gortman (2024-25),109.79,132,,
1630288,Jeff Dowtin Jr.,Jeff,1610612755,PHI,28.0,41,10,31,0.244,15.1,2.7,5.6,0.487,0.7,1.7,0.4,0.8,1.1,0.733,0.3,1.2,1.5,1.9,0.4,0.6,0.3,0.3,0.7,0.9,7.0,-2.5,13.8,0,0,12.8,336,419,158,499,363,284,305,161,330,364,78,301,296,342,478,444,461,228,465,312,278,308,477,322,299,440,340,281,44,351,1,2024-25,Jeff Dowtin Jr. (2024-25),99.32,1291,,
201145,Jeff Green,Jeff,1610612745,HOU,38.0,32,20,12,0.625,12.4,1.9,3.8,0.504,0.9,2.5,0.367,0.7,0.8,0.808,0.3,1.5,1.8,0.6,0.3,0.2,0.1,0.1,1.0,0.6,5.4,-1.2,9.1,0,0,9.3,397,296,414,127,413,374,395,118,284,301,183,350,373,204,453,408,423,463,502,500,433,507,416,425,366,363,437,281,44,420,1,2024-25,Jeff Green (2024-25),100.43,827,,
203924,Jerami Grant,Jerami,1610612757,POR,31.0,47,22,25,0.468,32.4,4.6,12.2,0.373,2.3,6.3,0.365,3.0,3.5,0.849,0.6,2.9,3.5,2.1,1.4,0.9,1.0,0.9,2.3,2.6,14.4,-4.3,26.0,0,0,26.0,298,274,256,318,59,142,89,488,58,49,191,69,75,107,357,206,247,194,155,166,46,45,93,97,103,504,128,281,44,120,1,2024-25,Jerami Grant (2024-25),100.41,3183,,
1630526,Jeremiah Robinson-Earl,Jeremiah,1610612740,NOP,24.0,66,17,49,0.258,18.8,2.4,5.3,0.455,0.8,2.5,0.341,0.7,0.8,0.836,1.7,3.1,4.8,1.3,0.8,0.6,0.1,0.3,1.2,0.7,6.3,-5.0,15.4,4,0,14.7,156,323,19,487,301,327,313,260,295,298,273,345,369,127,82,184,142,322,318,311,448,328,379,378,331,515,314,116,44,313,1,2024-25,Jeremiah Robinson-Earl (2024-25),100.95,2595,,
1631110,Jeremy Sochan,Jeremy,1610612759,SAS,22.0,54,21,33,0.389,25.3,4.6,8.7,0.535,0.5,1.7,0.308,1.6,2.3,0.696,2.4,4.2,6.5,2.4,1.6,0.8,0.5,0.9,2.4,1.9,11.4,-1.6,25.2,8,0,23.5,258,280,130,397,177,139,164,75,363,367,366,154,135,397,38,92,65,169,130,182,149,53,70,143,153,390,138,77,44,147,1,2024-25,Jeremy Sochan (2024-25),101.53,2880,,
1630579,Jericho Sims,Jericho,1610612749,MIL,26.0,53,34,19,0.642,11.9,0.8,1.3,0.634,0.0,0.0,0.0,0.2,0.2,0.615,1.3,2.4,3.7,0.6,0.6,0.2,0.4,0.2,1.2,0.4,1.8,0.5,8.3,0,0,7.3,263,157,329,105,425,490,534,29,499,542,499,519,522,478,116,284,219,466,376,499,240,424,372,465,510,196,457,281,44,465,2,2024-25,Jericho Sims (2024-25),98.7,1295,,
1642399,Jesse Edwards,Jesse,1610612750,MIN,25.0,2,2,0,1.0,2.3,0.0,0.0,0.0,0.0,0.0,0.0,0.0,0.0,0.0,0.0,0.0,0.0,0.5,0.0,0.0,0.0,0.0,1.0,0.5,0.0,-5.0,0.8,0,0,0.5,557,525,561,1,563,558,567,558,499,542,499,544,548,544,548,564,565,486,551,541,519,522,416,442,561,514,568,281,44,568,1,2024-25,Jesse Edwards (2024-25),118.29,11,,
1641724,Jett Howard,Jett,1610612753,ORL,21.0,60,29,31,0.483,11.7,1.6,4.4,0.374,0.9,3.1,0.296,0.3,0.4,0.696,0.3,0.8,1.2,0.7,0.6,0.2,0.2,0.1,1.1,0.3,4.5,-1.4,7.6,0,0,8.1,206,212,158,306,431,409,370,487,281,244,387,482,482,398,456,493,495,446,380,491,378,483,392,508,399,381,469,281,44,451,1,2024-25,Jett Howard (2024-25),99.92,1458,,
1628975,Jevon Carter,Jevon,1610612741,CHI,29.0,36,13,23,0.361,8.9,1.5,4.1,0.377,1.0,2.9,0.333,0.2,0.3,0.8,0.1,1.0,1.1,1.1,0.3,0.4,0.1,0.1,0.4,0.2,4.3,1.0,8.2,0,0,8.3,370,382,280,422,467,422,383,484,272,260,297,496,514,213,540,472,502,362,496,426,474,467,517,526,410,166,458,281,44,445,1,2024-25,Jevon Carter (2024-25),106.46,717,,
202710,Jimmy Butler III,Jimmy,1610612744,GSW,35.0,55,36,19,0.655,31.7,5.5,10.9,0.504,0.6,1.9,0.308,6.0,7.1,0.842,2.3,3.1,5.4,5.4,1.3,1.4,0.3,0.9,0.9,5.1,17.5,4.5,35.9,6,3,32.4,253,136,329,97,74,98,113,117,349,349,366,9,10,119,43,183,107,38,168,34,257,39,431,15,73,51,56,93,11,71,2,2024-25,Jimmy Butler III (2024-25),98.95,3608,,
1629111,Jock Landale,Jock,1610612745,HOU,29.0,42,26,16,0.619,11.9,1.9,3.6,0.533,0.3,0.6,0.423,0.6,1.0,0.675,1.3,1.9,3.3,0.9,0.5,0.3,0.2,0.4,1.2,0.8,4.8,-0.6,11.1,1,0,10.3,330,240,369,141,426,373,406,78,430,473,40,354,334,431,118,351,276,417,415,448,326,222,389,345,387,293,389,198,44,400,1,2024-25,Jock Landale (2024-25),103.58,1078,,
204060,Joe Ingles,Joe,1610612750,MIN,37.0,19,12,7,0.632,6.0,0.3,1.2,0.261,0.2,0.8,0.2,0.0,0.0,0.0,0.1,0.5,0.6,1.2,0.5,0.1,0.0,0.1,0.6,0.3,0.8,0.1,3.1,0,0,2.9,457,393,467,115,512,548,543,543,462,456,471,544,548,544,543,542,544,341,427,527,519,515,489,519,550,228,536,281,44,538,1,2024-25,Joe Ingles (2024-25),102.03,248,,
203954,Joel Embiid,Joel,1610612755,PHI,31.0,19,8,11,0.421,30.2,7.4,16.6,0.444,1.2,4.1,0.299,7.8,8.9,0.882,1.9,6.3,8.2,4.5,3.3,0.7,0.9,0.7,2.2,6.2,23.8,-3.0,42.1,7,1,41.0,457,445,425,372,96,48,40,293,207,169,383,2,2,65,61,31,33,66,11,231,54,82,122,3,27,457,22,87,20,23,1,2024-25,Joel Embiid (2024-25),99.95,1200,,
1628381,John Collins,John,1610612762,UTA,27.0,40,12,28,0.3,30.5,7.0,13.3,0.527,1.5,3.7,0.399,3.5,4.1,0.848,2.2,6.0,8.2,2.0,2.6,1.0,1.0,1.4,2.9,3.9,19.0,-0.4,35.1,13,0,34.6,342,393,209,456,92,56,76,84,169,188,89,47,55,111,46,34,31,208,41,117,42,5,20,40,58,272,63,46,44,59,1,2024-25,John Collins (2024-25),101.72,2590,,
1629723,John Konchar,John,1610612763,MEM,29.0,46,26,20,0.565,12.1,0.9,2.0,0.451,0.5,1.3,0.371,0.2,0.2,0.875,0.8,2.5,3.3,0.9,0.3,0.7,0.3,0.1,0.7,0.4,2.4,1.3,10.3,0,0,9.0,307,240,318,218,422,487,497,275,366,388,170,518,529,77,260,272,274,409,474,273,267,474,479,482,487,153,411,281,44,424,1,2024-25,John Konchar (2024-25),105.46,1223,,
1631098,Johnny Davis,Johnny,1610612764,WAS,23.0,34,4,30,0.118,7.1,0.9,2.3,0.41,0.2,0.9,0.241,0.3,0.4,0.6,0.3,0.8,1.1,0.3,0.2,0.4,0.2,0.1,0.5,0.4,2.4,-0.8,5.8,0,0,5.2,387,493,176,549,499,485,484,415,450,449,450,483,463,482,475,498,498,524,523,392,387,490,506,468,489,310,494,281,44,499,1,2024-25,Johnny Davis (2024-25),106.66,531,,
1642277,Johnny Furphy,Johnny,1610612754,IND,20.0,50,31,19,0.62,7.6,0.7,1.8,0.38,0.3,1.0,0.3,0.4,0.4,0.818,0.5,1.0,1.4,0.4,0.2,0.4,0.2,0.2,0.8,0.5,2.1,0.4,5.8,0,0,5.3,283,186,329,138,490,508,503,481,416,419,379,450,464,169,406,474,468,513,512,428,341,379,460,460,502,199,493,281,44,498,1,2024-25,Johnny Furphy (2024-25),105.49,842,,
1630548,Johnny Juzang,Johnny,1610612762,UTA,24.0,64,15,49,0.234,19.8,3.2,7.4,0.429,1.8,4.9,0.376,0.7,0.8,0.849,0.7,2.2,2.9,1.1,0.6,0.6,0.1,0.2,2.0,0.7,8.9,-5.6,15.6,0,0,16.2,170,349,19,504,275,236,225,351,109,119,148,343,370,108,320,314,321,373,402,295,433,365,178,398,229,531,311,281,44,284,1,2024-25,Johnny Juzang (2024-25),102.1,2700,,
202685,Jonas Valančiūnas,Jonas,1610612758,SAC,33.0,81,23,58,0.284,18.8,4.3,7.7,0.55,0.1,0.5,0.216,1.8,2.0,0.879,2.3,5.4,7.7,2.0,1.5,0.5,0.6,0.5,2.2,2.1,10.4,-3.8,24.3,21,0,22.3,12,265,3,468,299,154,205,69,478,485,466,133,161,70,39,42,42,206,143,380,123,187,114,130,175,488,146,28,44,161,2,2024-25,Jonas Valančiūnas (2024-25),101.28,3217,,
1628371,Jonathan Isaac,Jonathan,1610612753,ORL,27.0,71,35,36,0.493,15.4,1.9,4.6,0.414,0.5,2.1,0.258,1.0,1.5,0.682,1.7,2.7,4.4,0.6,0.5,0.9,1.1,0.2,1.3,1.1,5.4,-0.5,17.0,2,0,14.9,108,149,106,291,359,380,363,409,356,325,434,254,230,420,80,230,163,479,432,171,33,404,361,282,367,288,283,159,44,310,1,2024-25,Jonathan Isaac (2024-25),98.62,2229,,
1630228,Jonathan Kuminga,Jonathan,1610612744,GSW,22.0,47,28,19,0.596,24.3,5.5,12.1,0.454,1.0,3.2,0.305,3.3,5.0,0.668,1.2,3.4,4.6,2.2,1.5,0.8,0.4,1.0,1.9,3.1,15.3,0.2,26.4,2,0,25.6,298,220,329,179,197,96,94,264,271,231,374,57,33,437,145,143,150,190,136,194,190,27,189,66,92,224,123,159,44,126,1,2024-25,Jonathan Kuminga (2024-25),100.21,2381,,
1642367,Jonathan Mogbo,Jonathan,1610612761,TOR,23.0,63,18,45,0.286,20.4,2.5,5.7,0.438,0.3,1.1,0.243,1.0,1.3,0.732,1.7,3.2,4.9,2.3,1.1,0.9,0.5,0.5,2.2,1.1,6.2,-3.8,18.7,3,1,16.5,185,312,38,464,265,314,303,317,429,410,449,267,265,346,77,170,131,174,221,165,133,181,130,283,337,489,250,134,20,274,1,2024-25,Jonathan Mogbo (2024-25),102.69,2743,,
203903,Jordan Clarkson,Jordan,1610612762,UTA,33.0,37,10,27,0.27,26.0,5.4,13.3,0.408,2.3,6.3,0.362,3.1,3.9,0.797,0.7,2.5,3.2,3.7,2.3,0.8,0.2,1.0,1.4,3.0,16.2,-5.5,26.6,0,0,27.6,361,419,222,478,162,99,75,421,59,52,204,67,67,225,305,267,282,95,58,180,320,30,333,72,86,530,121,281,44,107,1,2024-25,Jordan Clarkson (2024-25),102.16,2049,,
1630692,Jordan Goodwin,Jordan,1610612747,LAL,26.0,29,17,12,0.586,18.7,2.2,5.0,0.438,0.9,2.3,0.382,0.3,0.4,0.818,1.3,2.6,3.9,1.4,0.9,1.0,0.4,0.2,1.5,0.4,5.6,-0.4,15.7,0,0,14.6,412,323,414,193,304,352,336,319,286,311,130,468,483,169,125,254,206,295,278,93,230,359,320,466,361,269,307,281,44,319,1,2024-25,Jordan Goodwin (2024-25),99.53,1126,,
1641722,Jordan Hawkins,Jordan,1610612740,NOP,23.0,56,18,38,0.321,23.6,3.7,9.9,0.372,2.0,5.9,0.331,1.4,1.8,0.816,0.4,2.4,2.8,1.2,1.0,0.5,0.4,0.5,0.9,1.3,10.8,-5.7,17.7,0,0,18.6,246,312,85,444,211,188,132,489,92,66,308,177,198,177,412,286,327,347,242,342,213,199,439,245,166,532,267,281,44,231,1,2024-25,Jordan Hawkins (2024-25),101.14,2783,,
1629162,Jordan McLaughlin,Jordan,1610612759,SAS,29.0,46,17,29,0.37,6.8,0.7,1.6,0.431,0.4,1.0,0.413,0.4,0.5,0.773,0.1,0.5,0.7,1.1,0.3,0.3,0.0,0.1,0.4,0.5,2.1,1.2,5.3,0,0,5.0,307,323,188,412,502,512,523,344,389,419,52,448,457,268,536,532,541,363,474,433,517,491,526,442,497,154,501,281,44,500,2,2024-25,Jordan McLaughlin (2024-25),99.58,651,,
1641757,Jordan Miller,Jordan,1610612746,LAC,25.0,37,21,16,0.568,11.4,1.6,3.6,0.433,0.2,1.0,0.211,0.8,0.9,0.8,0.6,0.9,1.6,0.9,0.7,0.5,0.1,0.3,0.7,0.7,4.1,-1.7,8.4,0,0,8.0,361,280,369,216,435,420,405,337,446,418,469,319,337,213,330,476,448,408,345,377,426,281,478,390,421,394,455,281,44,453,1,2024-25,Jordan Miller (2024-25),100.15,872,,
1629673,Jordan Poole,Jordan,1610612764,WAS,26.0,68,15,53,0.221,29.4,6.7,15.5,0.432,3.5,9.1,0.378,3.6,4.0,0.883,0.5,2.5,3.0,4.5,3.0,1.3,0.4,1.0,3.0,4.2,20.5,-8.2,32.7,1,0,34.7,138,349,14,511,110,63,50,339,9,9,140,42,57,61,407,265,306,68,17,45,221,30,15,29,46,561,77,198,44,58,1,2024-25,Jordan Poole (2024-25),103.95,4337,,
1641775,Jordan Walsh,Jordan,1610612738,BOS,21.0,52,39,13,0.75,7.8,0.6,1.6,0.361,0.3,1.1,0.273,0.1,0.2,0.583,0.4,0.9,1.3,0.4,0.3,0.2,0.2,0.1,0.6,0.3,1.6,0.5,4.7,0,0,4.4,267,100,403,56,487,523,522,500,423,413,420,526,523,493,415,486,477,516,487,486,354,511,497,511,524,195,513,281,44,514,1,2024-25,Jordan Walsh (2024-25),98.14,821,,
1630631,Jose Alvarado,Jose,1610612740,NOP,27.0,56,19,37,0.339,24.4,3.6,9.3,0.392,2.0,5.5,0.359,1.1,1.3,0.811,0.5,1.9,2.4,4.6,1.5,1.3,0.3,0.4,1.6,1.3,10.3,-4.1,23.4,2,0,22.5,246,302,96,435,193,193,146,458,87,91,212,246,262,193,395,348,369,60,134,40,309,207,272,235,178,502,160,159,44,155,1,2024-25,Jose Alvarado (2024-25),99.89,2849,,
1630528,Josh Christopher,Josh,1610612748,MIA,23.0,14,9,5,0.643,5.0,0.8,2.2,0.355,0.1,0.8,0.182,0.3,0.4,0.667,0.0,0.6,0.6,0.6,0.4,0.4,0.2,0.1,0.1,0.3,2.0,-0.4,4.9,0,0,4.5,482,434,495,103,528,496,485,504,467,458,482,475,467,438,548,522,543,476,447,431,349,502,550,512,503,266,510,281,44,512,1,2024-25,Josh Christopher (2024-25),109.7,158,,
1630581,Josh Giddey,Josh,1610612741,CHI,22.0,70,33,37,0.471,30.2,5.3,11.4,0.465,1.5,4.0,0.378,2.5,3.2,0.781,1.8,6.3,8.1,7.2,2.9,1.2,0.6,0.9,1.7,2.6,14.6,-1.0,37.7,30,7,35.1,118,166,96,315,95,105,105,226,164,176,142,87,85,248,68,30,34,13,26,57,104,35,232,98,100,331,44,21,7,56,1,2024-25,Josh Giddey (2024-25),104.47,4605,,
1630182,Josh Green,Josh,1610612766,CHA,24.0,68,17,51,0.25,27.8,2.6,6.2,0.428,1.4,3.6,0.391,0.7,1.1,0.681,0.8,1.7,2.5,1.6,1.0,1.1,0.2,0.4,2.4,1.3,7.4,-5.4,15.8,0,0,15.6,138,323,16,489,133,291,281,361,176,191,111,335,302,425,254,380,360,275,243,80,340,236,69,247,276,526,306,281,44,294,1,2024-25,Josh Green (2024-25),100.08,3929,,
1628404,Josh Hart,Josh,1610612752,NYK,30.0,77,48,29,0.623,37.6,5.2,10.0,0.525,1.1,3.3,0.333,2.1,2.7,0.776,2.1,7.5,9.6,5.9,2.1,1.5,0.4,0.8,2.6,2.4,13.6,2.6,37.6,34,9,34.0,43,30,188,132,2,108,127,88,239,225,297,110,113,261,51,13,20,28,74,20,243,71,43,111,117,100,45,16,5,63,1,2024-25,Josh Hart (2024-25),97.79,5898,,
1631169,Josh Minott,Josh,1610612750,MIN,22.0,46,32,14,0.696,6.0,1.0,2.0,0.489,0.3,0.9,0.326,0.4,0.4,0.895,0.3,0.8,1.0,0.4,0.2,0.3,0.3,0.1,0.7,0.3,2.6,-0.3,5.9,0,0,5.5,307,179,392,75,511,483,498,153,415,441,323,448,472,45,488,503,508,512,514,442,303,455,471,501,479,265,491,281,44,493,1,2024-25,Josh Minott (2024-25),104.77,604,,
1629006,Josh Okogie,Josh,1610612766,CHA,26.0,40,11,29,0.275,15.6,2.4,5.3,0.443,0.8,2.3,0.348,1.6,2.1,0.741,1.1,1.7,2.8,0.8,0.8,1.2,0.5,0.5,1.2,1.7,7.1,-0.3,16.0,1,0,14.9,342,407,188,474,355,333,311,299,304,316,251,161,152,335,158,382,326,427,317,57,171,162,387,173,293,263,303,198,44,309,2,2024-25,Josh Okogie (2024-25),98.69,1282,,
1626196,Josh Richardson,Josh,1610612748,MIA,31.0,8,4,4,0.5,18.7,1.4,4.8,0.289,0.8,2.8,0.273,0.5,0.5,1.0,0.8,0.8,1.5,1.5,1.0,1.0,0.1,0.4,2.1,1.3,4.0,-3.9,10.4,0,0,10.0,516,493,507,266,306,435,349,538,311,273,420,400,451,1,273,505,453,287,250,101,433,242,144,250,429,490,409,281,44,406,1,2024-25,Josh Richardson (2024-25),100.82,315,,
201950,Jrue Holiday,Jrue,1610612738,BOS,35.0,62,47,15,0.758,30.6,4.1,9.2,0.443,1.7,4.9,0.353,1.1,1.2,0.909,1.2,3.0,4.3,3.9,1.2,1.1,0.4,0.4,1.6,1.2,11.1,5.5,25.2,1,0,23.9,192,36,382,55,90,161,149,301,124,117,235,227,271,34,140,191,172,89,187,85,198,248,270,255,158,29,139,198,44,141,1,2024-25,Jrue Holiday (2024-25),99.38,3921,,
1630577,Julian Champagnie,Julian,1610612759,SAS,24.0,82,34,48,0.415,23.6,3.4,8.1,0.415,2.2,5.9,0.371,1.0,1.1,0.904,0.8,3.1,3.9,1.4,0.9,0.7,0.4,0.4,1.4,0.7,9.9,-0.8,19.2,0,0,19.7,1,157,23,378,212,214,185,406,68,73,172,251,286,39,257,187,204,318,275,229,206,232,337,404,193,314,236,281,44,207,1,2024-25,Julian Champagnie (2024-25),102.25,4125,,
1641763,Julian Phillips,Julian,1610612741,CHI,21.0,79,37,42,0.468,14.2,1.6,3.6,0.446,0.6,1.9,0.327,0.8,1.0,0.789,0.8,1.3,2.1,0.5,0.3,0.5,0.3,0.2,1.4,0.8,4.6,0.4,9.8,0,0,9.4,23,124,47,316,383,412,403,289,343,344,318,318,333,235,244,427,396,491,478,366,308,384,340,364,391,204,424,281,44,419,1,2024-25,Julian Phillips (2024-25),104.0,2427,,
1631124,Julian Strawther,Julian,1610612743,DEN,23.0,65,41,24,0.631,21.3,3.2,7.5,0.432,1.4,4.1,0.349,1.1,1.4,0.822,0.3,1.9,2.2,1.3,0.9,0.6,0.2,0.3,2.3,1.5,9.0,-1.1,15.2,0,0,15.6,162,83,271,120,246,230,222,340,173,165,249,225,252,161,487,353,393,331,286,303,318,311,92,201,222,349,319,281,44,291,1,2024-25,Julian Strawther (2024-25),102.79,2964,,
203944,Julius Randle,Julius,1610612750,MIN,30.0,69,44,25,0.638,32.3,6.6,13.6,0.485,1.6,4.6,0.344,3.9,4.9,0.806,2.1,5.0,7.1,4.7,2.8,0.7,0.2,0.9,2.5,3.7,18.7,2.4,34.1,14,0,33.8,129,62,256,109,62,68,74,165,160,140,264,33,35,205,52,61,53,59,30,256,329,48,51,43,61,110,67,40,44,64,1,2024-25,Julius Randle (2024-25),98.45,4569,,
1630551,Justin Champagnie,Justin,1610612764,WAS,24.0,62,16,46,0.258,21.6,3.4,6.6,0.511,1.2,3.1,0.383,0.8,1.2,0.685,1.8,3.9,5.7,1.0,0.9,1.0,0.6,0.4,1.8,0.9,8.8,-4.6,21.2,8,0,20.0,192,340,32,486,239,211,261,106,211,241,127,299,281,415,70,111,96,400,288,90,110,248,225,336,235,510,195,77,44,201,1,2024-25,Justin Champagnie (2024-25),102.96,2871,,
1642348,Justin Edwards,Justin,1610612755,PHI,21.0,44,11,33,0.25,26.2,3.9,8.6,0.455,1.6,4.3,0.363,0.7,1.0,0.696,1.0,2.3,3.4,1.6,1.1,1.0,0.4,0.6,2.2,0.9,10.1,-6.4,19.5,1,0,19.4,322,407,130,489,160,171,168,261,158,152,200,331,307,398,174,300,261,278,219,96,237,142,118,332,188,540,230,198,44,216,1,2024-25,Justin Edwards (2024-25),99.43,2391,,
1631303,Justin Minaya,Justin,1610612757,POR,26.0,19,8,11,0.421,5.3,0.4,1.1,0.381,0.1,0.5,0.2,0.0,0.1,0.0,0.3,0.3,0.5,0.4,0.3,0.3,0.1,0.0,0.6,0.2,0.9,-0.6,3.0,0,0,2.7,457,445,425,372,521,542,547,479,473,482,471,544,541,544,486,558,549,515,506,444,505,522,489,536,546,298,539,281,44,541,1,2024-25,Justin Minaya (2024-25),103.22,218,,
203994,Jusuf Nurkić,Jusuf,1610612766,CHA,30.0,51,18,33,0.353,20.8,3.3,6.9,0.477,0.6,2.1,0.305,1.7,2.5,0.664,1.7,6.1,7.8,2.3,1.9,0.8,0.7,0.3,2.5,2.5,8.9,-3.6,24.1,10,0,22.5,275,312,130,428,257,225,250,183,344,332,373,142,122,448,82,32,38,182,85,206,96,294,47,102,230,485,150,62,44,157,2,2024-25,Jusuf Nurkić (2024-25),99.79,2216,,
1630231,KJ Martin,KJ,1610612762,UTA,24.0,43,11,32,0.256,21.2,2.6,4.7,0.552,0.3,1.3,0.259,0.9,1.1,0.787,0.7,2.2,2.9,1.1,0.6,0.4,0.5,0.5,2.3,0.8,6.4,-3.3,13.7,0,0,12.6,328,407,143,488,251,298,354,68,405,387,433,284,297,238,294,316,318,360,403,411,145,198,86,344,329,468,344,281,44,355,2,2024-25,KJ Martin (2024-25),100.63,1917,,
1642354,KJ Simpson,KJ,1610612766,CHA,22.0,36,3,33,0.083,23.4,2.9,8.4,0.346,0.9,3.6,0.254,1.1,1.4,0.82,1.1,1.9,3.0,3.1,1.6,0.9,0.2,0.5,1.6,2.1,7.8,-7.7,17.9,0,0,17.1,370,508,130,555,214,270,175,511,281,198,438,224,251,168,169,349,299,124,130,128,398,172,296,127,268,557,263,281,44,265,1,2024-25,KJ Simpson (2024-25),99.1,1734,,
1630539,Kai Jones,Kai,1610612742,DAL,24.0,40,20,20,0.5,11.7,2.2,2.7,0.798,0.0,0.1,0.2,0.6,0.8,0.719,1.0,2.1,3.1,0.6,0.5,0.4,0.6,0.1,1.3,0.7,5.0,-0.5,12.0,1,0,10.6,342,296,318,266,428,351,467,3,496,518,471,381,375,366,183,328,290,463,439,420,122,499,366,397,383,287,377,198,44,393,2,2024-25,Kai Jones (2024-25),99.77,974,,
1626157,Karl-Anthony Towns,Karl-Anthony,1610612752,NYK,29.0,72,46,26,0.639,35.0,8.9,16.9,0.526,2.0,4.7,0.42,4.7,5.7,0.829,2.9,9.8,12.8,3.1,2.7,1.0,0.7,1.2,3.5,4.8,24.4,5.3,46.8,58,1,45.6,95,45,237,106,25,17,37,87,89,130,43,22,21,144,20,3,2,125,39,114,89,13,2,19,19,34,10,4,20,10,1,2024-25,Karl-Anthony Towns (2024-25),99.25,5215,,
1631255,Karlo Matković,Karlo,1610612740,NOP,24.0,42,12,30,0.286,18.8,3.2,5.6,0.574,0.5,1.6,0.318,0.8,1.0,0.773,1.5,3.5,5.0,1.1,1.0,0.5,1.0,0.3,2.5,1.0,7.7,-2.1,18.8,4,0,17.3,330,393,176,464,298,233,306,54,366,375,343,297,305,268,99,141,130,367,247,343,47,336,54,316,269,420,243,116,44,261,1,2024-25,Karlo Matković (2024-25),101.91,1674,,
202695,Kawhi Leonard,Kawhi,1610612746,LAC,34.0,37,26,11,0.703,31.9,8.4,16.8,0.498,2.1,5.1,0.411,2.6,3.3,0.81,0.9,5.0,5.9,3.1,1.9,1.6,0.5,0.3,1.5,3.3,21.5,8.0,37.5,5,0,36.8,361,240,425,70,70,25,38,137,79,104,58,76,84,197,210,60,83,122,82,17,178,304,313,58,38,4,46,106,44,47,1,2024-25,Kawhi Leonard (2024-25),97.26,2391,,
1630811,Keaton Wallace,Keaton,1610612737,ATL,26.0,31,15,16,0.484,16.2,2.1,5.2,0.401,0.9,2.6,0.329,0.4,0.4,1.0,0.2,1.4,1.6,2.6,1.1,0.9,0.3,0.1,1.3,0.4,5.4,-0.6,13.8,1,1,12.9,402,349,369,304,346,356,316,442,291,284,313,452,493,1,505,419,442,150,232,149,281,485,365,474,365,294,341,198,20,350,1,2024-25,Keaton Wallace (2024-25),102.77,1075,,
1631099,Keegan Murray,Keegan,1610612758,SAC,24.0,76,36,40,0.474,34.3,4.8,10.8,0.444,2.0,5.9,0.343,0.8,0.9,0.833,1.9,4.8,6.7,1.4,0.8,0.8,0.9,0.4,2.4,1.0,12.4,0.6,26.9,11,0,25.9,51,136,59,309,31,132,115,298,85,69,268,307,336,131,59,70,61,300,314,198,59,250,64,295,134,191,118,55,44,122,1,2024-25,Keegan Murray (2024-25),100.09,5428,,
1631232,Keion Brooks Jr.,Keion,1610612740,NOP,24.0,14,2,12,0.143,23.7,3.8,7.8,0.486,1.0,3.1,0.326,1.6,2.1,0.733,0.9,3.3,4.1,0.9,0.9,0.7,0.7,0.4,2.1,1.4,10.1,-10.4,19.9,1,0,19.1,482,525,414,541,209,180,203,163,257,246,323,162,151,342,239,161,182,407,295,237,84,207,137,214,185,568,217,198,44,219,1,2024-25,Keion Brooks Jr. (2024-25),101.63,702,,
1642276,Kel'el Ware,Kel'el,1610612748,MIA,21.0,64,28,36,0.438,22.2,4.0,7.3,0.554,0.5,1.7,0.315,0.7,1.0,0.687,1.8,5.6,7.4,0.9,0.9,0.6,1.1,0.3,1.7,0.9,9.3,0.6,23.8,15,0,21.6,170,220,106,357,228,165,230,67,357,362,350,337,306,413,69,40,47,405,279,295,35,333,237,335,212,190,156,37,44,174,1,2024-25,Kel'el Ware (2024-25),98.6,2914,,
1629640,Keldon Johnson,Keldon,1610612759,SAS,25.0,77,31,46,0.403,23.9,4.8,10.0,0.482,1.1,3.6,0.318,1.9,2.5,0.773,1.5,3.4,4.8,1.6,1.0,0.6,0.3,0.5,1.5,1.8,12.7,-2.8,22.7,3,0,22.1,43,186,32,388,205,128,127,174,226,205,345,121,120,266,104,151,138,267,250,284,282,188,316,154,127,452,174,134,44,163,1,2024-25,Keldon Johnson (2024-25),102.06,3912,,
203482,Kelly Olynyk,Kelly,1610612740,NOP,34.0,44,12,32,0.273,20.2,3.0,6.1,0.5,0.8,1.8,0.418,1.9,2.5,0.769,1.4,3.3,4.7,2.9,1.7,0.8,0.4,0.3,2.8,2.2,8.7,-1.3,20.5,2,0,19.4,322,393,143,475,266,251,285,125,311,358,45,128,126,276,109,164,147,131,105,219,200,306,25,124,237,372,210,159,44,213,2,2024-25,Kelly Olynyk (2024-25),100.28,1858,,
1626162,Kelly Oubre Jr.,Kelly,1610612755,PHI,29.0,60,21,39,0.35,34.6,5.8,12.4,0.47,1.2,4.0,0.293,2.3,3.1,0.751,1.6,4.5,6.1,1.8,1.3,1.5,0.5,1.1,3.0,2.8,15.1,-4.3,29.9,10,0,28.3,206,280,68,430,29,85,88,211,212,170,393,99,93,309,87,83,74,240,169,21,149,20,10,83,94,505,96,62,44,103,1,2024-25,Kelly Oubre Jr. (2024-25),98.68,4266,,
1629026,Kenrich Williams,Kenrich,1610612760,OKC,30.0,69,58,11,0.841,16.4,2.5,5.1,0.483,1.0,2.5,0.386,0.4,0.6,0.718,0.9,2.6,3.5,1.4,0.6,0.6,0.1,0.3,1.6,0.8,6.3,4.8,14.4,2,0,13.7,129,7,425,20,342,313,322,169,276,300,120,435,437,370,214,255,245,306,400,289,419,290,281,353,332,41,330,159,44,336,1,2024-25,Kenrich Williams (2024-25),101.26,2379,,
203484,Kentavious Caldwell-Pope,Kentavious,1610612763,MEM,32.0,77,38,39,0.494,29.6,3.1,7.1,0.439,1.5,4.3,0.342,1.1,1.2,0.863,0.4,1.8,2.2,1.8,0.8,1.3,0.4,0.1,1.8,1.4,8.7,0.1,18.4,0,0,17.6,43,110,68,288,108,246,242,310,172,157,269,247,272,90,417,369,391,244,311,44,194,456,227,232,236,225,257,281,44,253,1,2024-25,Kentavious Caldwell-Pope (2024-25),96.52,4577,,
1631165,Keon Ellis,Keon,1610612758,SAC,25.0,80,39,41,0.488,24.4,2.8,5.8,0.489,1.7,4.0,0.433,0.9,1.1,0.849,0.8,1.9,2.7,1.5,0.9,1.5,0.8,0.2,2.2,1.2,8.3,0.8,19.8,0,0,18.8,16,100,54,299,195,274,299,152,127,173,31,280,300,109,273,355,348,287,282,22,74,418,123,267,257,179,222,281,44,226,1,2024-25,Keon Ellis (2024-25),99.07,3997,,
1630553,Keon Johnson,Keon,1610612751,BKN,23.0,79,25,54,0.316,24.4,3.8,9.9,0.389,1.6,5.1,0.314,1.4,1.8,0.77,0.8,3.0,3.8,2.2,1.5,1.0,0.4,0.9,2.6,1.5,10.6,-5.4,21.2,0,0,21.0,23,252,8,448,194,176,134,469,153,108,351,195,197,272,265,202,217,189,144,92,228,34,40,199,170,527,192,281,44,183,1,2024-25,Keon Johnson (2024-25),98.77,3954,,
1642352,Keshad Johnson,Keshad,1610612748,MIA,24.0,16,10,6,0.625,6.1,1.1,1.6,0.692,0.2,0.4,0.429,0.3,0.6,0.444,0.4,1.4,1.8,0.3,0.3,0.3,0.3,0.2,0.7,0.4,2.7,0.3,6.6,0,0,6.0,469,419,481,127,510,464,520,11,457,487,36,488,438,535,438,420,427,534,507,446,309,410,481,478,476,213,480,281,44,481,1,2024-25,Keshad Johnson (2024-25),106.64,219,,
1630556,Kessler Edwards,Kessler,1610612742,DAL,24.0,40,17,23,0.425,15.2,1.7,3.4,0.496,0.6,1.4,0.407,0.3,0.3,0.923,0.6,2.3,2.9,1.1,0.4,0.5,0.5,0.2,1.6,0.4,4.2,-4.0,11.8,1,0,10.6,342,323,280,368,362,403,420,142,354,386,65,471,502,29,358,297,321,378,454,371,149,418,297,478,414,492,381,198,44,393,1,2024-25,Kessler Edwards (2024-25),102.71,1303,,
201142,Kevin Durant,Kevin,1610612756,PHX,36.0,62,33,29,0.532,36.5,9.5,18.1,0.527,2.6,6.0,0.43,4.9,5.8,0.839,0.4,5.7,6.0,4.2,3.1,0.8,1.2,0.5,1.7,5.3,26.6,-0.6,43.2,5,0,43.5,192,166,188,244,7,6,22,85,37,61,35,20,19,120,441,38,80,77,16,195,27,167,253,13,7,294,18,106,44,15,1,2024-25,Kevin Durant (2024-25),99.49,4697,,
1628989,Kevin Huerter,Kevin,1610612741,CHI,26.0,69,39,30,0.565,24.3,3.7,8.8,0.425,1.9,5.7,0.338,0.5,0.7,0.714,0.4,2.5,3.0,2.3,1.0,1.0,0.3,0.2,1.8,0.6,9.9,1.5,19.7,0,0,19.6,129,100,176,218,198,185,162,370,98,84,286,399,401,374,416,259,308,181,260,123,248,394,229,409,195,139,224,281,44,209,2,2024-25,Kevin Huerter (2024-25),102.32,3581,,
1628995,Kevin Knox II,Kevin,1610612744,GSW,25.0,14,11,3,0.786,6.0,1.3,2.6,0.5,0.3,1.1,0.267,0.4,0.6,0.75,0.5,0.7,1.2,0.4,0.3,0.1,0.3,0.1,0.4,0.4,3.3,-0.2,6.3,0,0,6.0,482,407,521,40,513,451,471,125,424,412,425,430,435,310,378,509,489,517,499,512,282,502,516,463,459,251,483,281,44,481,1,2024-25,Kevin Knox II (2024-25),103.28,181,,
201567,Kevin Love,Kevin,1610612748,MIA,36.0,23,13,10,0.565,10.9,1.8,5.0,0.357,1.0,2.9,0.358,0.7,1.0,0.696,1.0,3.1,4.1,1.0,0.6,0.7,0.2,0.3,0.9,1.0,5.3,-1.1,13.5,0,0,13.0,438,382,443,218,444,391,330,502,250,262,215,346,314,398,204,180,186,403,378,273,390,337,438,314,368,348,349,281,44,345,1,2024-25,Kevin Love (2024-25),103.56,540,,
1641755,Kevin McCullar Jr.,Kevin,1610612752,NYK,24.0,4,4,0,1.0,7.3,0.5,1.8,0.286,0.0,0.3,0.0,0.5,0.5,1.0,0.0,2.0,2.0,0.5,0.0,0.3,0.3,0.3,1.5,0.8,1.5,-0.5,6.2,0,0,5.0,541,493,561,1,497,533,509,539,499,506,499,400,451,1,548,339,410,486,551,471,309,348,314,369,528,283,485,281,44,501,1,2024-25,Kevin McCullar Jr. (2024-25),105.33,64,,
1629645,Kevin Porter Jr.,Kevin,1610612749,MIL,25.0,75,43,32,0.573,19.8,3.9,8.7,0.449,0.7,2.4,0.311,1.7,2.3,0.769,0.6,3.1,3.7,3.4,1.8,1.1,0.2,0.6,1.6,1.9,10.3,0.4,21.8,2,1,20.6,59,75,143,208,276,172,163,277,316,310,361,136,140,273,351,177,221,108,94,81,392,113,283,144,180,206,183,159,20,190,2,2024-25,Kevin Porter Jr. (2024-25),100.63,3104,,
1626172,Kevon Looney,Kevon,1610612744,GSW,29.0,76,45,31,0.592,15.0,1.9,3.7,0.514,0.0,0.1,0.4,0.7,1.3,0.566,2.4,3.6,6.1,1.6,0.5,0.6,0.5,0.2,2.0,1.1,4.5,1.5,16.9,2,0,14.4,51,56,158,185,367,383,402,102,495,527,78,329,264,499,35,123,77,280,414,299,163,375,165,284,395,136,284,159,44,323,1,2024-25,Kevon Looney (2024-25),100.61,2386,,
1641718,Keyonte George,Keyonte,1610612762,UTA,21.0,67,13,54,0.194,31.5,5.4,13.7,0.391,2.6,7.6,0.343,3.5,4.3,0.818,0.4,3.4,3.8,5.6,2.7,0.7,0.1,1.1,1.7,3.4,16.8,-7.6,29.5,4,0,30.4,147,382,8,527,81,103,71,464,35,28,267,46,47,176,433,148,214,33,36,254,428,24,266,55,80,556,101,116,44,88,1,2024-25,Keyonte George (2024-25),101.25,4454,,
203114,Khris Middleton,Khris,1610612764,WAS,33.0,37,18,19,0.486,22.8,4.3,9.1,0.475,1.3,3.6,0.361,1.9,2.3,0.857,0.4,3.4,3.7,4.1,1.5,0.9,0.2,0.4,2.0,1.9,11.9,1.1,24.4,0,0,23.3,361,312,329,302,219,151,154,195,193,200,205,122,139,95,450,153,223,84,135,127,345,260,164,150,148,164,145,281,44,149,2,2024-25,Khris Middleton (2024-25),104.75,1845,,
1630165,Killian Hayes,Killian,1610612751,BKN,23.0,6,1,5,0.167,27.1,3.0,7.2,0.419,1.3,3.5,0.381,1.7,2.0,0.833,0.8,2.2,3.0,5.2,1.5,0.7,0.7,0.2,2.2,2.0,9.0,-4.0,22.9,0,0,21.2,524,539,495,535,148,255,235,398,188,209,134,142,165,131,249,323,300,44,138,259,96,426,128,132,225,495,170,281,44,181,1,2024-25,Killian Hayes (2024-25),101.72,342,,
202691,Klay Thompson,Klay,1610612742,DAL,35.0,72,33,39,0.458,27.3,5.0,12.2,0.412,3.0,7.7,0.391,0.9,1.0,0.905,0.6,2.8,3.4,2.0,1.2,0.7,0.4,0.3,1.1,0.7,14.0,-1.1,23.2,0,0,24.6,95,166,68,329,139,117,91,412,19,27,112,273,311,37,333,220,252,207,192,248,209,312,394,387,114,350,162,281,44,134,1,2024-25,Klay Thompson (2024-25),100.53,4123,,
1641738,Kobe Brown,Kobe,1610612746,LAC,25.0,40,25,15,0.625,6.8,0.8,1.8,0.458,0.2,0.7,0.231,0.1,0.2,0.714,0.5,1.2,1.6,0.6,0.3,0.2,0.1,0.1,0.6,0.3,1.9,-1.3,5.3,0,0,4.9,342,252,382,127,503,493,505,247,465,468,456,528,528,374,398,450,440,470,497,503,457,499,498,516,506,373,502,281,44,504,1,2024-25,Kobe Brown (2024-25),98.21,555,,
1641723,Kobe Bufkin,Kobe,1610612737,ATL,21.0,10,6,4,0.6,12.4,1.8,4.7,0.383,0.4,1.9,0.211,1.3,1.8,0.722,0.5,1.6,2.1,1.7,0.8,0.3,0.2,0.6,0.9,1.2,5.3,-2.3,11.1,0,0,10.5,503,473,507,168,416,390,353,477,394,348,469,199,188,362,378,389,401,257,312,454,364,127,443,259,369,427,390,281,44,396,1,2024-25,Kobe Bufkin (2024-25),106.96,275,,
1627739,Kris Dunn,Kris,1610612746,LAC,31.0,74,45,29,0.608,24.1,2.6,5.9,0.439,1.0,3.0,0.335,0.2,0.3,0.682,0.7,2.7,3.4,2.8,1.0,1.7,0.4,0.2,2.7,0.5,6.4,3.5,20.0,0,0,17.8,71,56,188,157,204,296,292,309,253,251,293,502,507,421,283,238,256,136,250,10,236,417,39,455,327,74,215,281,44,246,1,2024-25,Kris Dunn (2024-25),99.24,3675,,
1631200,Kris Murray,Kris,1610612757,POR,24.0,69,31,38,0.449,15.1,1.7,4.0,0.419,0.4,1.7,0.225,0.4,0.8,0.456,1.1,1.5,2.6,1.0,0.6,0.5,0.2,0.3,1.0,0.6,4.2,-0.7,10.4,1,0,9.7,129,186,85,347,365,400,384,395,397,361,461,444,371,534,162,402,353,397,375,351,317,314,428,414,417,307,408,198,44,412,1,2024-25,Kris Murray (2024-25),102.7,2221,,
204001,Kristaps Porziņģis,Kristaps,1610612738,BOS,29.0,42,30,12,0.714,28.8,6.6,13.7,0.483,2.5,6.0,0.412,3.8,4.7,0.809,1.6,5.1,6.8,2.1,1.3,0.7,1.5,0.5,2.8,5.1,19.5,4.1,36.2,6,0,35.2,330,196,414,68,116,67,72,172,45,64,55,37,36,201,86,53,60,202,181,230,15,150,29,16,51,60,53,93,44,54,1,2024-25,Kristaps Porziņģis (2024-25),99.83,2528,,
203937,Kyle Anderson,Kyle,1610612748,MIA,31.0,61,30,31,0.492,16.4,2.3,5.0,0.469,0.4,1.1,0.357,0.8,1.1,0.738,0.9,2.5,3.4,2.4,0.6,0.7,0.5,0.3,1.3,1.0,5.9,-0.4,16.5,2,0,14.4,201,196,158,294,341,336,335,215,393,403,218,308,301,337,235,268,258,168,379,271,131,325,350,310,353,267,291,159,44,321,2,2024-25,Kyle Anderson (2024-25),100.06,2093,,
1642271,Kyle Filipowski,Kyle,1610612762,UTA,21.0,72,13,59,0.181,21.1,3.6,7.2,0.502,1.1,3.1,0.35,1.3,2.0,0.65,1.6,4.6,6.1,1.9,1.4,0.7,0.3,0.6,2.4,1.7,9.6,-5.1,21.3,13,0,20.7,95,382,2,533,253,198,233,120,246,249,244,201,173,457,93,80,75,224,150,259,266,149,78,164,202,517,190,46,44,189,1,2024-25,Kyle Filipowski (2024-25),102.46,3248,,
1628398,Kyle Kuzma,Kyle,1610612749,MIL,29.0,65,25,40,0.385,29.8,5.7,13.0,0.436,1.5,4.8,0.307,2.0,3.1,0.634,0.8,4.9,5.7,2.3,2.2,0.6,0.3,0.6,1.8,2.4,14.8,-6.4,25.5,6,0,26.0,162,252,59,400,107,86,81,326,168,123,370,116,89,466,252,64,95,172,60,329,279,127,213,103,96,542,134,93,44,119,2,2024-25,Kyle Kuzma (2024-25),102.96,4158,,
200768,Kyle Lowry,Kyle,1610612755,PHI,39.0,35,14,21,0.4,18.8,1.2,3.3,0.35,0.8,2.5,0.33,0.8,0.9,0.818,0.3,1.6,1.9,2.7,0.6,0.9,0.3,0.2,1.8,1.1,3.9,-2.0,13.5,0,0,11.9,381,364,297,389,296,462,423,508,297,292,311,313,340,169,465,389,416,142,380,129,262,396,226,292,432,414,348,281,44,368,1,2024-25,Kyle Lowry (2024-25),99.28,1368,,
1630283,Kylor Kelley,Kylor,1610612747,LAL,27.0,11,3,8,0.273,11.5,1.3,2.0,0.636,0.0,0.0,0.0,0.5,0.9,0.6,1.1,2.5,3.5,0.5,0.4,0.1,0.3,0.0,1.4,0.5,3.1,-6.8,8.8,1,0,7.8,501,508,459,475,433,452,492,28,499,542,499,393,349,482,167,277,239,498,466,531,293,522,342,432,465,546,447,198,44,459,2,2024-25,Kylor Kelley (2024-25),104.42,276,,
202681,Kyrie Irving,Kyrie,1610612742,DAL,33.0,50,28,22,0.56,36.1,8.9,18.9,0.473,2.9,7.2,0.401,3.9,4.3,0.916,1.2,3.6,4.8,4.6,2.2,1.3,0.5,0.8,2.0,3.3,24.7,2.5,40.5,0,0,40.5,283,220,288,221,13,16,13,201,26,32,76,32,45,32,144,126,141,61,61,41,177,61,167,60,16,108,31,281,44,25,1,2024-25,Kyrie Irving (2024-25),99.98,3768,,
1642273,Kyshawn George,Kyshawn,1610612764,WAS,21.0,68,15,53,0.221,26.5,3.0,8.0,0.372,1.7,5.2,0.322,1.0,1.4,0.753,0.7,3.5,4.2,2.5,1.4,1.0,0.7,0.5,3.0,1.4,8.7,-5.3,21.2,1,0,20.5,138,349,14,511,158,259,189,491,144,101,337,253,255,308,282,139,180,160,148,101,81,158,15,231,243,524,194,198,44,191,1,2024-25,Kyshawn George (2024-25),102.7,3869,,
1630163,LaMelo Ball,LaMelo,1610612766,CHA,23.0,47,16,31,0.34,32.0,8.6,21.3,0.405,3.8,11.2,0.339,4.1,4.9,0.843,1.0,3.9,4.9,7.4,3.6,1.1,0.3,0.9,3.3,4.7,25.2,-2.8,42.9,13,0,44.1,298,340,158,434,68,21,2,433,5,1,282,29,34,118,183,107,132,9,8,67,288,37,3,20,13,448,20,46,44,14,1,2024-25,LaMelo Ball (2024-25),101.33,3173,,
1630205,Lamar Stevens,Lamar,1610612763,MEM,27.0,17,7,10,0.412,9.1,1.7,3.7,0.46,0.5,1.6,0.296,0.5,0.6,0.727,0.2,2.0,2.2,0.5,0.6,0.3,0.2,0.5,0.9,0.5,4.4,3.9,8.6,0,0,8.5,464,460,443,383,464,399,398,240,378,374,385,415,415,349,500,339,387,494,386,457,387,193,447,458,405,69,453,281,44,441,1,2024-25,Lamar Stevens (2024-25),102.46,323,,
1629013,Landry Shamet,Landry,1610612752,NYK,28.0,50,30,20,0.6,15.2,2.1,4.6,0.461,1.2,3.1,0.397,0.2,0.4,0.667,0.2,1.0,1.2,0.5,0.4,0.5,0.0,0.2,1.0,0.7,5.7,1.8,9.1,0,0,9.7,283,196,318,168,361,355,359,238,201,240,92,493,488,438,508,460,488,483,442,375,513,361,408,383,358,131,438,281,44,411,1,2024-25,Landry Shamet (2024-25),99.55,1583,,
1626204,Larry Nance Jr.,Larry,1610612737,ATL,32.0,24,10,14,0.417,19.3,3.3,6.5,0.516,1.4,3.2,0.447,0.4,0.5,0.692,1.0,3.3,4.3,1.6,0.7,0.8,0.5,0.3,1.5,1.0,8.5,-4.0,19.4,3,0,18.5,432,419,392,375,286,217,268,99,178,234,16,445,442,402,203,157,170,276,357,182,130,348,303,294,250,494,232,134,44,237,1,2024-25,Larry Nance Jr. (2024-25),104.76,1009,,
1628374,Lauri Markkanen,Lauri,1610612762,UTA,28.0,47,9,38,0.191,31.4,6.3,14.9,0.423,2.9,8.5,0.346,3.4,3.9,0.876,1.5,4.4,5.9,1.5,1.4,0.7,0.4,0.8,1.7,3.4,19.0,-4.0,30.1,5,0,31.4,298,434,85,529,83,75,56,379,24,15,256,49,64,75,97,86,85,290,151,243,239,56,251,56,57,493,95,106,44,81,1,2024-25,Lauri Markkanen (2024-25),101.64,3127,,
2544,LeBron James,LeBron,1610612747,LAL,40.0,70,44,26,0.629,34.9,9.3,18.1,0.513,2.1,5.7,0.376,3.7,4.7,0.782,1.0,6.8,7.8,8.2,3.7,1.0,0.6,0.7,1.4,3.8,24.4,-0.8,47.1,32,10,45.7,118,62,237,125,27,7,21,104,75,85,146,41,37,244,177,23,39,6,5,101,126,83,332,41,20,312,9,17,3,9,1,2024-25,LeBron James (2024-25),100.62,5129,,
1631159,Leonard Miller,Leonard,1610612750,MIN,21.0,13,11,2,0.846,2.4,0.5,1.2,0.4,0.0,0.4,0.0,0.6,0.6,1.0,0.2,0.6,0.8,0.0,0.2,0.2,0.1,0.1,0.2,0.3,1.5,-0.9,3.1,0,0,2.8,489,407,532,19,562,538,545,445,499,491,499,363,426,1,502,524,525,558,538,508,483,495,549,505,527,325,538,281,44,539,1,2024-25,Leonard Miller (2024-25),107.87,72,,
1631311,Lester Quinones,Lester,1610612740,NOP,24.0,13,3,10,0.231,14.1,2.4,6.0,0.397,1.0,3.4,0.295,0.8,1.0,0.846,0.3,1.2,1.5,1.8,1.1,0.2,0.2,0.2,1.4,1.4,6.6,-2.0,11.2,0,0,11.7,489,508,443,506,384,330,287,451,257,217,388,285,314,113,468,449,462,234,228,486,408,368,339,222,314,409,387,281,44,371,2,2024-25,Lester Quinones (2024-25),105.49,402,,
1641857,Liam Robbins,Liam,1610612749,MIL,25.0,13,8,5,0.615,4.4,0.2,0.6,0.25,0.0,0.2,0.0,0.4,0.8,0.5,0.5,0.4,0.9,0.2,0.5,0.2,0.2,0.2,0.7,0.8,0.7,-0.4,2.5,0,0,2.4,489,445,495,144,542,556,561,545,499,516,499,441,387,506,364,552,519,551,433,508,408,368,480,360,554,271,550,281,44,550,1,2024-25,Liam Robbins (2024-25),106.17,127,,
1630322,Lindy Waters III,Lindy,1610612765,DET,27.0,52,27,25,0.519,15.0,1.8,4.8,0.369,1.2,3.6,0.344,0.2,0.2,0.727,0.4,1.7,2.1,1.0,0.4,0.5,0.2,0.2,1.2,0.3,4.9,0.3,10.8,0,0,10.7,267,232,256,257,369,393,346,493,202,202,262,516,524,349,435,376,399,384,462,347,354,409,381,500,384,216,399,281,44,392,2,2024-25,Lindy Waters III (2024-25),99.37,1607,,
1629022,Lonnie Walker IV,Lonnie,1610612755,PHI,26.0,20,3,17,0.15,23.8,4.5,10.6,0.42,2.3,6.4,0.354,1.2,1.5,0.8,0.3,2.9,3.2,2.5,1.3,0.5,0.3,0.4,1.4,1.0,12.4,-7.1,20.9,1,0,21.8,448,508,360,540,206,145,117,393,61,48,229,213,232,213,473,213,288,159,183,355,309,223,346,300,135,549,202,198,44,170,1,2024-25,Lonnie Walker IV (2024-25),101.6,1009,,
1628366,Lonzo Ball,Lonzo,1610612741,CHI,27.0,35,16,19,0.457,22.2,2.5,6.9,0.366,1.9,5.6,0.344,0.6,0.8,0.815,0.7,2.7,3.4,3.3,1.2,1.3,0.5,0.1,1.6,0.5,7.6,2.9,20.9,0,0,19.9,381,340,329,332,229,304,246,495,97,90,265,360,386,180,284,242,259,115,206,36,166,466,288,440,272,91,200,281,44,204,1,2024-25,Lonzo Ball (2024-25),105.6,1712,,
1629652,Luguentz Dort,Luguentz,1610612760,OKC,26.0,71,57,14,0.803,29.2,3.6,8.4,0.435,2.4,5.8,0.412,0.5,0.6,0.717,1.3,2.9,4.1,1.6,0.7,1.1,0.5,0.3,2.9,1.5,10.1,7.7,21.8,0,0,21.6,108,10,392,31,112,195,176,331,48,76,56,419,414,371,133,211,184,270,337,73,129,285,18,198,187,5,184,281,44,175,1,2024-25,Luguentz Dort (2024-25),101.75,4383,,
1629029,Luka Dončić,Luka,1610612747,LAL,26.0,50,31,19,0.62,35.4,9.2,20.5,0.45,3.5,9.6,0.368,6.2,7.9,0.782,0.8,7.4,8.2,7.7,3.6,1.8,0.4,0.6,2.5,5.9,28.2,6.9,52.5,21,5,51.9,283,186,329,138,19,8,5,276,6,6,181,7,6,245,262,14,29,7,7,7,207,127,55,5,4,13,5,28,8,3,2,2024-25,Luka Dončić (2024-25),100.22,3696,,
1630568,Luka Garza,Luka,1610612750,MIN,26.0,39,28,11,0.718,5.6,1.3,2.7,0.495,0.3,0.9,0.278,0.6,0.9,0.686,0.8,0.6,1.4,0.3,0.3,0.2,0.1,0.2,0.7,0.7,3.5,0.0,6.0,0,0,5.9,353,220,425,67,517,443,468,145,431,442,412,363,352,414,266,527,469,531,492,508,483,392,470,385,451,234,490,281,44,483,1,2024-25,Luka Garza (2024-25),105.17,480,,
1628379,Luke Kennard,Luke,1610612763,MEM,29.0,65,37,28,0.569,22.6,3.2,6.6,0.478,1.7,4.0,0.433,0.8,0.9,0.895,0.6,2.2,2.8,3.3,1.1,0.8,0.1,0.2,0.9,0.7,8.9,1.9,18.6,0,0,18.4,162,124,209,215,223,239,260,181,125,172,32,309,358,45,347,308,328,114,223,214,483,425,442,392,232,126,253,281,44,238,1,2024-25,Luke Kennard (2024-25),104.99,3228,,
1628436,Luke Kornet,Luke,1610612738,BOS,29.0,73,53,20,0.726,18.6,2.6,3.8,0.668,0.0,0.0,0.0,0.9,1.3,0.691,2.6,2.7,5.3,1.6,0.4,0.5,1.0,0.3,1.6,1.4,6.0,5.5,18.8,3,0,15.9,86,17,318,65,307,301,391,16,499,535,499,277,261,406,31,234,111,272,450,363,49,316,269,215,341,28,246,134,44,287,1,2024-25,Luke Kornet (2024-25),95.87,2717,,
1631247,Luke Travers,Luke,1610612739,CLE,23.0,12,10,2,0.833,7.3,0.4,1.7,0.25,0.0,0.8,0.0,0.2,0.2,1.0,0.7,1.0,1.7,0.7,0.7,0.1,0.1,0.3,0.5,0.1,1.0,-0.1,3.8,0,0,3.7,498,419,532,21,496,543,517,545,499,461,499,509,530,1,309,460,434,451,357,534,474,270,509,548,541,246,529,281,44,525,1,2024-25,Luke Travers (2024-25),101.62,186,,
1630644,Mac McClung,Mac,1610612753,ORL,26.0,2,1,1,0.5,5.1,0.0,1.0,0.0,0.0,0.5,0.0,0.0,0.0,0.0,0.0,0.5,0.5,1.5,0.0,0.0,0.0,0.0,1.0,0.5,0.0,-1.0,2.9,0,0,2.0,557,539,548,266,526,558,549,558,499,483,499,544,548,544,548,534,551,287,551,541,519,522,416,442,561,334,541,281,44,552,1,2024-25,Mac McClung (2024-25),98.5,21,,
1630201,Malachi Flynn,Malachi,1610612759,SAS,27.0,4,2,2,0.5,10.9,1.3,3.3,0.385,0.3,1.0,0.25,1.3,1.5,0.833,0.8,1.0,1.8,1.8,1.0,0.8,0.0,0.0,1.0,1.3,4.0,0.3,10.0,0,0,9.3,541,525,532,266,445,455,432,473,432,419,439,205,232,131,273,460,427,247,250,219,519,522,416,250,429,216,417,281,44,422,1,2024-25,Malachi Flynn (2024-25),95.6,86,,
1631103,Malaki Branham,Malaki,1610612759,SAS,22.0,47,18,29,0.383,9.1,1.9,4.0,0.458,0.7,1.8,0.405,0.6,0.7,0.818,0.1,0.9,1.1,0.8,0.7,0.2,0.0,0.3,0.6,0.5,5.0,-0.7,7.6,0,0,8.2,298,312,188,404,466,385,385,252,319,359,73,383,403,169,533,480,501,433,334,485,511,326,492,453,380,305,467,281,44,449,1,2024-25,Malaki Branham (2024-25),103.25,918,,
1627763,Malcolm Brogdon,Malcolm,1610612764,WAS,32.0,24,6,18,0.25,23.5,4.3,10.0,0.433,0.7,2.3,0.286,3.4,3.8,0.88,0.9,2.9,3.8,4.1,1.6,0.5,0.2,0.8,1.3,2.8,12.7,-5.0,24.1,2,0,22.8,432,473,345,489,213,150,127,334,333,312,396,54,69,67,232,205,210,83,127,337,359,63,366,78,128,516,152,159,44,153,1,2024-25,Malcolm Brogdon (2024-25),103.18,1215,,
1642502,Malevy Leons,Malevy,1610612760,OKC,25.0,6,6,0,1.0,3.5,0.0,0.3,0.0,0.0,0.2,0.0,0.3,0.7,0.5,0.2,0.3,0.5,0.2,0.2,0.0,0.0,0.2,0.7,0.3,0.3,-3.0,1.0,0,0,1.0,524,473,561,1,553,558,562,558,499,514,499,456,406,506,526,553,551,548,532,541,519,426,483,490,559,457,567,281,44,564,1,2024-25,Malevy Leons (2024-25),99.59,44,,
1627736,Malik Beasley,Malik,1610612765,DET,28.0,82,44,38,0.537,27.8,5.6,13.1,0.43,3.9,9.3,0.416,1.2,1.7,0.679,0.6,2.0,2.6,1.7,1.0,0.9,0.1,0.4,1.5,1.3,16.3,2.1,23.8,1,0,26.4,1,62,85,240,130,90,80,345,3,7,48,219,208,428,344,337,354,258,249,157,502,259,312,240,83,116,157,198,44,116,1,2024-25,Malik Beasley (2024-25),102.76,4898,,
1628370,Malik Monk,Malik,1610612758,SAC,27.0,65,36,29,0.554,31.6,6.3,14.4,0.439,2.1,6.6,0.325,2.4,2.7,0.865,0.5,3.3,3.8,5.6,2.4,0.9,0.6,0.8,2.4,2.3,17.2,1.8,32.2,4,0,31.7,162,136,188,226,77,73,58,313,74,42,327,96,111,86,404,160,215,35,53,133,121,55,66,117,75,129,82,116,44,78,1,2024-25,Malik Monk (2024-25),101.33,4339,,
1630699,MarJon Beauchamp,MarJon,1610612752,NYK,24.0,35,19,16,0.543,4.5,0.8,1.9,0.415,0.3,0.8,0.345,0.4,0.6,0.75,0.3,0.9,1.3,0.3,0.4,0.1,0.0,0.1,0.4,0.3,2.3,0.3,4.2,0,0,4.4,381,302,369,236,536,500,501,405,424,453,258,430,435,310,465,477,486,525,447,524,516,445,522,489,493,215,519,281,44,515,3,2024-25,MarJon Beauchamp (2024-25),106.73,347,,
1630542,Marcus Bagley,Marcus,1610612755,PHI,23.0,10,1,9,0.1,25.3,2.7,6.9,0.391,0.5,3.2,0.156,0.8,1.0,0.8,2.3,4.7,7.0,1.0,0.7,0.9,1.2,0.5,1.6,1.0,6.7,-8.4,22.2,2,0,19.4,503,539,454,551,175,286,251,459,366,232,488,302,314,213,42,73,55,384,348,150,29,172,279,300,311,562,180,159,44,215,1,2024-25,Marcus Bagley (2024-25),102.58,542,,
1630585,Marcus Garrett,Marcus,1610612766,CHA,26.0,4,1,3,0.25,19.8,2.8,6.8,0.407,0.8,2.0,0.375,0.8,1.0,0.75,0.3,1.3,1.5,3.3,1.5,0.8,0.5,0.8,2.5,0.8,7.0,-9.8,15.9,0,0,15.0,541,539,521,489,274,283,254,422,311,333,150,321,314,310,491,432,453,116,138,219,149,75,57,369,296,565,304,281,44,306,1,2024-25,Marcus Garrett (2024-25),97.05,160,,
1631204,Marcus Sasser,Marcus,1610612765,DET,24.0,57,30,27,0.526,14.2,2.4,5.2,0.463,1.0,2.7,0.382,0.8,0.9,0.843,0.3,0.9,1.2,2.3,0.9,0.6,0.1,0.3,1.3,0.9,6.6,0.7,12.7,1,0,12.6,232,196,222,251,381,326,317,231,252,282,132,320,354,117,463,485,490,173,266,278,493,323,363,334,315,182,366,198,44,354,1,2024-25,Marcus Sasser (2024-25),102.0,1719,,
203935,Marcus Smart,Marcus,1610612764,WAS,31.0,34,17,17,0.5,20.0,3.0,7.6,0.393,1.4,4.1,0.348,1.6,2.1,0.761,0.5,1.6,2.1,3.2,1.6,1.1,0.3,0.3,1.6,2.0,9.0,1.2,19.0,0,0,18.6,387,323,360,266,270,260,215,456,174,164,253,160,158,294,371,392,398,119,125,68,302,334,295,132,227,155,238,281,44,235,2,2024-25,Marcus Smart (2024-25),107.13,1520,,
1631109,Mark Williams,Mark,1610612766,CHA,23.0,44,9,35,0.205,26.6,6.1,10.2,0.604,0.0,0.1,0.0,3.0,3.7,0.804,3.0,7.2,10.2,2.5,1.6,0.7,1.2,0.6,2.4,2.9,15.3,-6.8,35.4,21,0,31.8,322,434,116,519,157,80,124,38,499,523,499,71,71,209,17,17,13,161,120,232,28,142,75,75,93,547,61,28,44,77,1,2024-25,Mark Williams (2024-25),100.77,2463,,
1628365,Markelle Fultz,Markelle,1610612758,SAC,27.0,21,9,12,0.429,8.8,1.3,3.2,0.418,0.2,0.4,0.5,0.0,0.0,1.0,0.3,0.7,1.0,1.3,0.7,0.5,0.1,0.1,0.6,0.1,2.9,0.2,7.0,0,0,6.5,445,434,414,365,470,443,439,401,455,492,7,542,547,1,480,518,518,330,339,369,468,488,499,540,473,219,474,281,44,477,1,2024-25,Markelle Fultz (2024-25),99.36,377,,
202693,Markieff Morris,Markieff,1610612747,LAL,35.0,15,7,8,0.467,11.0,1.4,4.7,0.3,0.6,2.4,0.25,0.3,0.4,0.833,0.2,1.3,1.5,1.4,0.3,0.1,0.2,0.1,1.1,0.3,3.7,-1.9,8.3,0,0,7.9,476,460,459,319,442,431,355,533,347,307,439,456,476,131,514,421,450,309,479,516,364,451,405,490,440,399,456,281,44,457,2,2024-25,Markieff Morris (2024-25),100.86,345,,
1628963,Marvin Bagley III,Marvin,1610612763,MEM,26.0,31,7,24,0.226,8.6,1.8,3.4,0.519,0.1,0.6,0.158,0.7,1.1,0.657,1.2,1.5,2.7,0.4,0.4,0.3,0.3,0.1,0.6,0.8,4.4,-0.3,9.4,1,0,8.6,402,460,271,508,474,392,417,95,479,475,487,326,289,453,140,404,341,518,460,459,305,457,495,343,401,262,429,198,44,436,2,2024-25,Marvin Bagley III (2024-25),103.88,571,,
1630222,Mason Jones,Mason,1610612758,SAC,26.0,10,4,6,0.4,4.5,0.9,1.8,0.5,0.1,0.8,0.125,0.4,0.5,0.8,0.2,0.7,0.9,1.1,0.1,0.0,0.1,0.0,0.3,0.3,2.3,0.1,5.2,0,0,4.6,503,493,481,389,534,486,505,125,476,454,493,437,451,213,514,512,521,366,548,541,457,522,537,508,491,229,505,281,44,511,1,2024-25,Mason Jones (2024-25),99.93,94,,
203486,Mason Plumlee,Mason,1610612756,PHX,35.0,74,33,41,0.446,17.6,1.7,2.7,0.619,0.0,0.1,0.0,1.1,1.7,0.648,1.6,4.6,6.1,1.8,0.8,0.4,0.6,0.4,2.1,1.5,4.5,0.7,17.0,2,0,14.6,71,166,54,352,321,401,466,33,499,529,499,233,203,458,92,79,73,238,313,386,109,260,154,203,396,180,281,159,44,317,1,2024-25,Mason Plumlee (2024-25),100.08,2732,,
1641824,Matas Buzelis,Matas,1610612741,CHI,20.0,80,39,41,0.488,18.9,3.2,6.9,0.454,1.2,3.3,0.361,1.1,1.4,0.815,0.7,2.8,3.5,1.0,0.9,0.4,0.9,0.4,1.6,1.0,8.6,-0.4,17.2,1,0,16.9,16,100,54,299,294,242,247,266,209,221,205,240,258,180,298,225,246,396,273,424,56,252,279,300,248,276,276,198,44,269,1,2024-25,Matas Buzelis (2024-25),105.38,3328,,
1629680,Matisse Thybulle,Matisse,1610612757,POR,28.0,15,8,7,0.533,20.8,2.8,5.9,0.477,1.4,3.2,0.438,0.5,1.0,0.467,0.9,2.5,3.5,1.9,0.9,2.2,0.6,0.2,0.9,0.9,7.5,0.1,22.0,0,0,19.8,476,445,467,242,258,277,294,183,180,232,21,418,314,531,216,261,248,232,290,2,119,396,433,331,275,232,182,281,44,205,1,2024-25,Matisse Thybulle (2024-25),102.37,666,,
1630346,Matt Ryan,Matt,1610612740,NOP,28.0,19,14,5,0.737,3.6,0.5,1.6,0.323,0.3,1.0,0.316,0.1,0.1,1.0,0.0,0.4,0.4,0.2,0.2,0.1,0.0,0.1,0.1,0.1,1.5,-2.1,2.4,0,0,2.6,457,364,495,59,551,532,519,525,411,419,348,535,541,1,548,549,558,550,537,527,519,476,553,545,531,419,553,281,44,545,1,2024-25,Matt Ryan (2024-25),104.75,149,,
1631108,Max Christie,Max,1610612742,DAL,22.0,78,40,38,0.513,27.3,3.2,7.6,0.427,1.5,4.0,0.366,1.7,1.9,0.855,0.5,2.8,3.3,1.9,1.1,0.8,0.4,0.5,1.5,1.4,9.6,-1.1,18.9,0,0,18.7,35,89,85,260,140,230,214,364,170,171,185,142,176,100,392,216,271,231,216,191,220,172,322,211,201,344,241,281,44,229,2,2024-25,Max Christie (2024-25),100.27,4440,,
1629622,Max Strus,Max,1610612739,CLE,29.0,50,39,11,0.78,25.5,3.3,7.5,0.442,2.3,5.9,0.386,0.6,0.7,0.824,1.1,3.3,4.3,3.2,1.1,0.5,0.2,0.2,2.1,1.1,9.4,4.4,20.6,0,0,20.7,283,100,425,45,173,221,223,304,60,72,122,388,404,156,172,162,165,121,227,345,323,379,156,276,209,52,208,281,44,187,1,2024-25,Max Strus (2024-25),101.34,2691,,
1628467,Maxi Kleber,Maxi,1610612747,LAL,33.0,34,18,16,0.529,18.7,1.1,2.8,0.385,0.4,1.4,0.265,0.5,0.6,0.762,0.7,2.1,2.8,1.3,0.7,0.3,0.5,0.2,1.9,0.9,3.0,-0.5,9.9,0,0,9.0,387,312,369,249,303,468,460,471,400,381,429,415,425,288,279,334,332,334,354,468,149,390,184,337,466,283,421,281,44,425,1,2024-25,Maxi Kleber (2024-25),101.75,1345,,
1641721,Maxwell Lewis,Maxwell,1610612751,BKN,22.0,28,9,19,0.321,11.7,1.6,3.9,0.417,0.7,1.8,0.38,0.3,0.4,0.7,0.6,1.3,2.0,0.7,0.5,0.3,0.3,0.4,1.0,0.3,4.1,-2.4,8.7,0,0,8.6,416,434,329,444,429,415,390,403,331,360,136,488,492,393,323,425,414,450,415,443,309,256,409,512,419,438,448,281,44,437,2,2024-25,Maxwell Lewis (2024-25),99.39,677,,
1630695,Micah Potter,Micah,1610612762,UTA,27.0,38,10,28,0.263,18.6,1.5,3.6,0.422,0.8,2.6,0.316,0.4,0.5,0.85,1.1,3.2,4.3,0.8,0.8,0.4,0.4,0.1,1.3,0.7,4.3,-2.7,12.1,0,0,11.7,357,419,209,483,310,425,410,382,301,290,347,422,445,106,157,171,168,430,307,422,233,454,353,395,408,445,376,281,44,372,1,2024-25,Micah Potter (2024-25),101.29,1492,,
1629008,Michael Porter Jr.,Michael,1610612743,DEN,27.0,77,47,30,0.61,33.7,6.9,13.6,0.504,2.5,6.4,0.395,1.9,2.5,0.768,1.8,5.2,7.0,2.1,1.4,0.6,0.5,0.6,2.0,1.8,18.2,3.4,31.9,15,0,32.1,43,36,176,155,41,60,73,119,40,47,103,124,120,278,73,49,54,195,166,277,158,119,163,158,67,76,84,37,44,73,1,2024-25,Michael Porter Jr. (2024-25),101.52,5494,,
1628969,Mikal Bridges,Mikal,1610612752,NYK,28.0,82,51,31,0.622,37.0,7.2,14.4,0.5,2.0,5.6,0.354,1.2,1.4,0.814,0.9,2.3,3.2,3.7,1.6,0.9,0.5,0.3,1.5,1.6,17.6,4.1,29.7,1,0,29.4,1,22,158,135,4,52,59,124,86,86,230,217,244,185,237,302,286,94,121,146,141,308,299,188,71,63,97,198,44,94,1,2024-25,Mikal Bridges (2024-25),98.1,6200,,
201144,Mike Conley,Mike,1610612750,MIN,37.0,71,44,27,0.62,24.7,2.6,6.6,0.4,1.8,4.4,0.41,1.1,1.3,0.9,0.5,2.1,2.6,4.5,1.1,1.1,0.2,0.3,1.6,1.4,8.2,3.7,20.9,1,0,19.7,108,62,222,140,186,293,262,449,118,149,59,223,268,42,409,329,356,65,234,73,369,346,291,218,260,72,201,198,44,208,1,2024-25,Mike Conley (2024-25),97.92,3596,,
1628970,Miles Bridges,Miles,1610612766,CHA,27.0,64,16,48,0.25,31.7,7.3,17.0,0.431,2.2,7.0,0.313,3.5,4.0,0.87,1.1,6.4,7.5,3.9,2.1,0.7,0.7,1.1,1.5,2.8,20.3,-4.0,37.2,14,1,36.7,170,340,23,489,75,50,32,343,64,37,354,48,60,83,158,27,44,88,65,252,86,15,326,81,48,498,48,40,20,48,1,2024-25,Miles Bridges (2024-25),100.58,4239,,
1630540,Miles McBride,Miles,1610612752,NYK,24.0,64,39,25,0.609,24.9,3.5,8.5,0.406,1.8,4.9,0.369,0.8,1.0,0.813,0.7,1.8,2.5,2.9,0.6,1.0,0.3,0.5,1.7,1.1,9.5,3.3,20.2,0,0,19.4,170,100,256,156,184,205,170,430,115,120,176,294,314,186,280,367,362,130,366,91,301,168,248,287,203,78,212,281,44,214,1,2024-25,Miles McBride (2024-25),99.2,3283,,
1641936,Miles Norris,Miles,1610612738,BOS,25.0,3,2,1,0.667,11.6,0.7,3.0,0.222,0.7,2.3,0.286,0.3,0.7,0.5,0.7,2.3,3.0,0.0,0.0,0.7,0.3,0.3,0.0,0.3,2.3,-4.7,8.9,0,0,8.0,549,525,548,84,432,513,448,548,333,312,396,456,406,506,309,294,300,558,551,259,248,270,554,490,490,511,440,281,44,453,1,2024-25,Miles Norris (2024-25),88.67,65,,
1629011,Mitchell Robinson,Mitchell,1610612752,NYK,27.0,17,10,7,0.588,17.1,2.2,3.3,0.661,0.0,0.0,0.0,0.8,1.1,0.684,3.1,2.9,5.9,0.8,0.6,0.9,1.1,0.1,1.5,1.0,5.1,1.4,18.8,2,0,15.8,464,419,467,186,332,350,427,20,499,542,499,316,292,416,16,209,82,444,386,130,37,509,309,300,376,146,245,159,44,288,1,2024-25,Mitchell Robinson (2024-25),96.37,578,,
1628964,Mo Bamba,Mo,1610612740,NOP,27.0,32,19,13,0.594,12.9,1.6,3.5,0.464,0.5,1.7,0.278,0.6,0.8,0.704,1.0,3.5,4.5,0.6,0.6,0.3,1.0,0.2,1.8,0.6,4.3,-2.3,13.7,0,0,12.4,397,302,403,182,402,410,413,228,379,366,412,372,366,390,183,136,155,480,372,465,51,410,230,417,406,430,343,281,44,361,2,2024-25,Mo Bamba (2024-25),98.15,846,,
1628420,Monte Morris,Monte,1610612756,PHX,30.0,45,21,24,0.467,12.7,1.8,4.3,0.426,0.7,1.9,0.36,0.8,0.9,0.857,0.3,1.2,1.5,1.6,0.5,0.4,0.1,0.3,0.5,0.6,5.2,1.0,10.5,0,0,10.0,318,280,271,319,404,386,373,369,327,346,208,302,342,95,485,438,458,268,431,388,495,296,508,406,374,165,407,281,44,406,1,2024-25,Monte Morris (2024-25),99.99,1195,,
1629021,Moritz Wagner,Moritz,1610612753,ORL,28.0,30,18,12,0.6,18.8,4.7,8.3,0.562,0.9,2.5,0.36,2.6,3.7,0.718,1.3,3.6,4.9,1.4,1.6,0.8,0.4,0.5,1.8,3.2,12.9,-0.6,22.9,1,0,22.5,409,312,414,168,300,138,179,61,285,293,210,78,73,369,118,126,133,309,117,199,217,197,212,62,126,291,168,198,44,156,1,2024-25,Moritz Wagner (2024-25),99.97,1172,,
1629650,Moses Brown,Moses,1610612742,DAL,25.0,13,5,8,0.385,9.1,2.6,3.8,0.694,0.0,0.0,0.0,0.6,0.8,0.727,0.9,2.5,3.4,0.2,0.8,0.5,0.3,0.2,1.3,0.6,5.8,-1.1,11.6,1,0,10.9,489,485,459,400,465,294,396,10,499,542,499,363,365,349,221,274,257,551,299,374,263,368,354,413,354,345,385,198,44,385,2,2024-25,Moses Brown (2024-25),108.49,267,,
1630541,Moses Moody,Moses,1610612744,GSW,23.0,74,45,29,0.608,22.3,3.3,7.7,0.433,1.7,4.6,0.374,1.4,1.8,0.797,0.7,1.9,2.6,1.3,0.7,0.8,0.4,0.5,1.6,1.4,9.8,1.8,17.7,0,0,17.8,71,56,188,157,227,219,208,336,138,139,158,176,189,226,290,359,357,328,330,203,208,184,290,219,199,130,268,281,44,250,1,2024-25,Moses Moody (2024-25),100.74,3454,,
1631243,Mouhamed Gueye,Mouhamed,1610612737,ATL,22.0,33,15,18,0.455,16.1,2.2,5.2,0.421,0.6,2.5,0.259,1.0,1.3,0.762,1.3,2.9,4.2,0.8,0.5,0.8,1.0,0.3,1.7,0.9,6.0,2.6,17.3,2,0,15.3,390,349,345,339,348,349,318,388,341,303,430,264,267,288,118,210,178,429,436,176,42,270,258,324,346,100,271,159,44,299,1,2024-25,Mouhamed Gueye (2024-25),103.84,1146,,
1631217,Moussa Diabaté,Moussa,1610612766,CHA,23.0,71,15,56,0.211,17.5,2.4,3.9,0.596,0.0,0.1,0.0,1.0,1.6,0.595,2.6,3.5,6.2,0.8,0.9,0.6,0.6,0.3,1.5,1.6,5.7,-1.7,17.0,7,0,15.1,108,349,7,517,325,332,388,42,499,525,499,263,215,489,29,134,71,437,294,280,124,269,306,182,360,396,282,87,44,305,1,2024-25,Moussa Diabaté (2024-25),97.32,2498,,
1626167,Myles Turner,Myles,1610612754,IND,29.0,72,44,28,0.611,30.2,5.4,11.3,0.481,2.2,5.5,0.396,2.6,3.3,0.773,1.3,5.3,6.5,1.5,1.7,0.8,2.0,0.5,2.5,2.8,15.6,2.8,32.3,13,0,31.3,95,62,209,153,97,101,107,176,69,92,99,83,83,267,134,46,64,282,110,219,5,169,49,78,89,95,81,46,44,82,1,2024-25,Myles Turner (2024-25),100.19,4533,,
1642368,N'Faly Dante,N'Faly,1610612745,HOU,23.0,4,0,4,0.0,12.7,2.5,3.3,0.769,0.0,0.0,0.0,1.0,1.3,0.8,1.5,3.8,5.3,0.5,0.5,0.3,1.3,0.0,2.3,0.8,6.0,-2.8,17.1,0,0,14.8,541,557,507,557,406,308,432,4,499,542,499,255,269,213,100,115,112,486,415,471,25,522,110,369,342,446,279,281,44,311,1,2024-25,N'Faly Dante (2024-25),108.58,114,,
1641772,Nae'Qwan Tomlin,Nae'Qwan,1610612739,CLE,24.0,5,4,1,0.8,12.7,2.6,6.4,0.406,0.4,2.0,0.2,1.6,2.2,0.727,1.8,2.4,4.2,0.4,0.4,0.0,0.2,0.8,1.8,1.6,7.2,1.4,13.0,1,0,12.6,535,493,548,32,405,295,272,426,394,333,471,157,144,349,72,282,179,509,454,541,364,61,220,186,286,143,356,198,44,353,1,2024-25,Nae'Qwan Tomlin (2024-25),104.1,138,,
1630230,Naji Marshall,Naji,1610612742,DAL,27.0,69,32,37,0.464,27.8,5.2,10.3,0.508,0.9,3.2,0.275,1.9,2.3,0.813,1.1,3.7,4.8,3.0,1.6,1.0,0.2,0.5,1.6,1.7,13.2,-2.0,25.4,6,0,24.2,129,179,96,325,131,109,122,109,292,235,416,129,134,186,162,122,143,128,119,98,405,156,285,170,121,408,136,93,44,139,1,2024-25,Naji Marshall (2024-25),101.27,4046,,
1631466,Nate Williams,Nate,1610612745,HOU,26.0,20,14,6,0.7,7.3,1.4,3.1,0.435,0.3,1.3,0.231,0.3,0.4,0.625,0.3,0.4,0.7,0.5,0.7,0.4,0.2,0.0,0.8,0.4,3.3,-1.2,5.8,0,0,5.9,448,364,481,72,495,438,443,329,416,393,456,488,476,469,491,550,542,499,348,407,364,522,461,487,460,365,495,281,44,487,1,2024-25,Nate Williams (2024-25),108.85,331,,
1629675,Naz Reid,Naz,1610612750,MIN,25.0,80,47,33,0.588,27.5,5.3,11.5,0.462,2.2,5.8,0.379,1.4,1.8,0.776,1.2,4.9,6.0,2.3,1.4,0.7,0.9,0.5,2.4,1.5,14.2,4.3,28.3,10,0,27.9,16,36,130,191,136,104,104,233,65,79,139,186,191,259,153,65,81,180,167,234,61,171,81,202,107,59,109,62,44,105,1,2024-25,Naz Reid (2024-25),99.34,4554,,
1629674,Neemias Queta,Neemias,1610612738,BOS,25.0,62,46,16,0.742,13.9,2.1,3.3,0.65,0.0,0.0,0.0,0.7,1.0,0.754,1.4,2.4,3.8,0.7,0.6,0.3,0.7,0.2,1.7,0.9,5.0,2.5,12.9,0,0,11.5,192,45,369,57,386,354,431,22,499,533,499,326,326,303,107,287,208,447,364,459,94,386,243,320,380,105,361,281,44,378,1,2024-25,Neemias Queta (2024-25),95.52,1717,,
1629651,Nic Claxton,Nic,1610612751,BKN,26.0,70,20,50,0.286,26.9,4.6,8.1,0.563,0.1,0.3,0.238,1.1,2.2,0.513,2.2,5.1,7.4,2.2,1.2,0.9,1.4,0.4,2.1,2.6,10.3,-7.1,28.2,13,0,24.6,118,296,18,464,150,140,184,60,483,504,452,228,144,505,45,54,48,185,185,161,17,207,137,98,177,549,110,46,44,133,1,2024-25,Nic Claxton (2024-25),97.38,3811,,
1630208,Nick Richards,Nick,1610612756,PHX,27.0,57,17,40,0.298,22.0,3.6,6.1,0.591,0.0,0.0,0.0,2.1,2.8,0.744,2.6,5.6,8.2,0.9,1.4,0.2,1.0,0.9,2.5,2.1,9.3,-4.1,22.6,16,0,20.7,232,323,59,459,231,200,286,44,499,536,499,106,106,331,32,39,30,422,149,478,52,44,61,131,213,501,176,35,44,186,2,2024-25,Nick Richards (2024-25),98.62,2576,,
1641733,Nick Smith Jr.,Nick,1610612766,CHA,21.0,60,14,46,0.233,22.8,3.7,9.5,0.391,1.7,5.1,0.34,0.7,0.8,0.935,0.2,1.9,2.1,2.4,1.4,0.3,0.1,0.4,1.3,0.7,9.9,-6.6,15.8,1,0,16.9,206,364,32,505,217,187,144,462,130,106,279,338,388,25,509,354,397,163,162,464,457,235,352,399,197,543,305,198,44,268,1,2024-25,Nick Smith Jr. (2024-25),99.74,2848,,
1629638,Nickeil Alexander-Walker,Nickeil,1610612750,MIN,26.0,82,49,33,0.598,25.3,3.3,7.5,0.438,1.7,4.5,0.381,1.1,1.4,0.78,0.7,2.6,3.2,2.7,1.2,0.6,0.4,0.3,1.7,1.7,9.4,3.3,19.3,1,0,19.1,1,25,130,173,176,226,220,316,134,142,133,232,244,250,318,249,278,143,197,294,212,308,246,175,208,79,234,198,44,217,1,2024-25,Nickeil Alexander-Walker (2024-25),99.57,4294,,
201587,Nicolas Batum,Nicolas,1610612746,LAC,36.0,78,47,31,0.603,17.5,1.3,3.1,0.437,1.1,2.6,0.433,0.2,0.3,0.81,0.6,2.2,2.8,1.1,0.4,0.7,0.5,0.1,1.4,0.3,4.0,1.9,11.9,0,0,11.3,35,36,158,165,323,443,446,323,227,287,27,500,515,199,334,321,331,368,445,259,175,506,330,518,428,123,378,281,44,381,1,2024-25,Nicolas Batum (2024-25),100.22,2848,,
203999,Nikola Jokić,Nikola,1610612743,DEN,30.0,70,46,24,0.657,36.7,11.2,19.5,0.576,2.0,4.7,0.417,5.2,6.4,0.8,2.9,9.9,12.7,10.2,3.3,1.8,0.6,0.9,2.3,5.9,29.6,8.5,64.3,59,34,59.4,118,45,271,93,5,3,10,52,90,127,46,17,13,212,24,2,3,2,10,6,104,43,100,6,3,3,1,2,1,1,1,2024-25,Nikola Jokić (2024-25),101.99,5471,,
1631107,Nikola Jović,Nikola,1610612748,MIA,22.0,46,21,25,0.457,25.1,3.7,8.2,0.456,1.7,4.6,0.371,1.6,1.9,0.828,0.6,3.3,3.9,2.8,1.3,0.8,0.3,0.3,1.8,1.7,10.7,-0.4,21.7,0,0,21.4,307,280,256,333,178,183,182,257,139,138,168,164,182,147,348,155,200,135,176,187,284,337,223,174,167,274,185,281,44,178,1,2024-25,Nikola Jović (2024-25),98.48,2374,,
202696,Nikola Vučević,Nikola,1610612741,CHI,34.0,73,34,39,0.466,31.2,7.5,14.2,0.53,1.8,4.4,0.402,1.6,2.0,0.805,2.4,7.6,10.1,3.5,1.6,0.8,0.7,0.5,2.2,2.2,18.5,-1.3,38.8,45,1,36.9,86,157,68,324,86,40,61,82,120,146,75,149,160,206,34,11,15,104,118,181,85,164,116,121,65,375,40,7,20,43,1,2024-25,Nikola Vučević (2024-25),104.11,4950,,
1641730,Noah Clowney,Noah,1610612751,BKN,20.0,46,11,35,0.239,22.7,2.9,8.1,0.358,1.9,5.7,0.333,1.5,1.7,0.838,0.9,3.0,3.9,0.9,1.0,0.5,0.5,0.6,2.3,1.8,9.1,-5.7,17.1,0,0,17.8,307,407,116,502,222,269,187,501,102,83,297,173,202,125,215,196,196,419,250,344,181,124,102,161,215,534,277,281,44,249,1,2024-25,Noah Clowney (2024-25),97.91,2126,,
1626181,Norman Powell,Norman,1610612746,LAC,32.0,60,39,21,0.65,32.6,7.6,15.8,0.484,3.0,7.1,0.418,3.6,4.4,0.804,0.4,2.8,3.2,2.1,1.8,1.2,0.2,0.9,1.9,3.5,21.8,5.9,31.0,1,0,32.7,206,100,297,99,57,39,48,168,21,34,44,43,40,208,451,217,285,201,95,53,415,50,194,52,36,27,90,198,44,70,1,2024-25,Norman Powell (2024-25),99.69,4063,,
1628384,OG Anunoby,OG,1610612752,NYK,27.0,74,45,29,0.608,36.6,6.6,13.9,0.476,2.3,6.2,0.372,2.5,3.1,0.81,1.3,3.5,4.8,2.2,1.4,1.5,0.9,1.2,2.3,2.4,18.0,4.1,32.8,1,0,32.1,71,56,188,157,6,65,66,191,57,54,167,89,96,198,124,137,137,188,157,26,64,8,91,110,69,64,75,198,44,74,1,2024-25,OG Anunoby (2024-25),97.73,5511,,
1630167,Obi Toppin,Obi,1610612754,IND,27.0,79,48,31,0.608,19.6,4.0,7.6,0.529,1.4,3.8,0.365,1.1,1.4,0.781,0.7,3.3,4.0,1.6,0.9,0.6,0.4,0.3,1.4,1.1,10.5,-1.0,19.8,2,0,19.5,23,30,158,160,283,166,212,83,182,184,188,229,242,249,286,159,190,269,293,314,242,292,340,279,172,332,223,159,44,212,1,2024-25,Obi Toppin (2024-25),103.97,3350,,
1630534,Ochai Agbaji,Ochai,1610612761,TOR,25.0,64,19,45,0.297,27.2,4.2,8.3,0.498,1.6,4.0,0.399,0.5,0.8,0.708,1.0,2.8,3.8,1.5,0.8,0.9,0.5,0.6,2.0,0.8,10.4,-3.3,20.5,0,0,20.1,170,302,38,460,143,159,177,136,157,177,87,394,393,388,206,215,212,283,301,148,172,144,182,369,173,472,209,281,44,196,1,2024-25,Ochai Agbaji (2024-25),101.93,3691,,
1641765,Olivier-Maxence Prosper,Olivier-Maxence,1610612742,DAL,22.0,52,27,25,0.519,11.2,1.3,3.3,0.402,0.2,1.0,0.235,0.9,1.5,0.645,0.8,1.6,2.4,0.8,0.3,0.5,0.1,0.3,0.5,1.0,3.9,-2.0,9.5,0,0,8.5,267,232,256,257,437,440,422,439,443,434,453,271,238,459,245,394,371,441,505,355,441,278,505,298,434,409,427,281,44,439,1,2024-25,Olivier-Maxence Prosper (2024-25),103.43,1255,,
1630168,Onyeka Okongwu,Onyeka,1610612737,ATL,24.0,74,35,39,0.473,27.9,5.2,9.2,0.567,0.6,2.0,0.324,2.2,2.9,0.759,3.0,5.9,8.9,2.3,1.2,0.9,0.9,0.7,2.6,2.3,13.4,0.5,31.8,28,0,28.9,71,149,68,311,128,110,148,57,339,333,328,101,101,296,19,35,22,179,195,136,57,102,44,120,119,193,86,22,44,99,1,2024-25,Onyeka Okongwu (2024-25),104.52,4489,,
1631115,Orlando Robinson,Orlando,1610612761,TOR,24.0,44,23,21,0.523,17.5,2.6,5.9,0.444,0.4,1.2,0.327,1.2,1.6,0.771,2.0,3.0,5.0,1.8,1.1,0.4,0.4,0.6,2.3,1.2,6.9,-2.0,16.6,4,0,15.5,322,265,297,253,324,292,291,293,399,400,316,211,221,270,54,200,125,247,219,415,237,132,105,257,304,406,289,116,44,295,2,2024-25,Orlando Robinson (2024-25),102.45,1639,,
1631131,Oscar Tshiebwe,Oscar,1610612762,UTA,25.0,14,3,11,0.214,18.2,3.0,5.0,0.6,0.0,0.0,0.0,1.6,2.2,0.742,3.3,5.4,8.7,0.6,0.7,0.9,0.1,0.7,1.7,1.6,7.6,-0.8,21.4,4,0,19.0,482,508,425,516,314,255,330,40,499,542,499,150,142,332,12,41,23,462,339,140,490,88,241,189,271,313,189,116,44,222,1,2024-25,Oscar Tshiebwe (2024-25),101.2,539,,
1629052,Oshae Brissett,Oshae,1610612755,PHI,27.0,6,1,5,0.167,23.7,3.2,6.5,0.487,1.0,3.0,0.333,1.3,2.3,0.571,1.2,2.5,3.7,0.7,1.3,0.7,0.5,0.5,2.3,2.0,8.7,-5.2,16.2,0,0,16.3,524,539,495,535,208,240,267,159,257,253,297,197,133,497,148,269,227,451,169,259,149,172,88,132,244,520,296,281,44,278,1,2024-25,Oshae Brissett (2024-25),101.4,301,,
1642345,Oso Ighodaro,Oso,1610612756,PHX,22.0,61,25,36,0.41,17.1,1.9,3.1,0.604,0.0,0.0,0.0,0.5,0.8,0.58,1.1,2.6,3.6,1.2,0.6,0.5,0.5,0.2,1.7,0.8,4.2,-0.3,12.5,0,0,10.9,201,252,106,384,330,384,445,37,499,538,499,413,372,495,170,253,231,350,368,379,170,357,256,358,415,264,372,281,44,387,1,2024-25,Oso Ighodaro (2024-25),99.05,2154,,
1631172,Ousmane Dieng,Ousmane,1610612760,OKC,22.0,37,30,7,0.811,10.9,1.5,3.4,0.432,0.6,1.9,0.324,0.3,0.4,0.688,0.5,1.7,2.2,0.8,0.5,0.5,0.2,0.2,0.9,0.4,3.8,1.2,9.2,0,0,8.8,361,196,467,29,443,428,419,341,345,345,333,473,466,411,393,381,392,425,424,377,374,436,445,486,435,157,434,281,44,434,1,2024-25,Ousmane Dieng (2024-25),102.86,868,,
200782,P.J. Tucker,P.J.,1610612752,NYK,40.0,3,1,2,0.333,19.3,1.0,2.3,0.429,1.0,2.0,0.5,0.0,0.0,0.0,1.3,1.3,2.7,0.0,0.3,0.3,0.3,0.0,2.7,0.3,3.0,-7.3,7.9,0,0,8.0,549,539,532,437,287,476,482,355,257,333,7,544,548,544,118,421,346,558,479,434,248,522,36,490,468,553,463,281,44,453,1,2024-25,P.J. Tucker (2024-25),94.56,115,,
1629023,P.J. Washington,P.J.,1610612742,DAL,26.0,57,31,26,0.544,32.2,5.3,11.7,0.453,1.6,4.2,0.381,2.5,3.5,0.722,1.4,6.3,7.8,2.3,2.1,1.1,1.1,0.9,2.3,2.8,14.7,0.9,31.8,14,0,30.6,232,186,237,234,65,106,103,269,152,160,135,86,78,362,106,28,40,177,69,76,38,47,97,84,98,177,85,40,44,87,1,2024-25,P.J. Washington (2024-25),101.66,3889,,
1628408,PJ Dozier,PJ,1610612750,MIN,28.0,9,7,2,0.778,3.9,0.2,0.3,0.667,0.2,0.3,0.667,0.1,0.7,0.167,0.1,0.4,0.6,0.6,0.1,0.1,0.0,0.0,0.3,0.3,0.8,-0.4,2.5,0,0,2.3,509,460,532,46,547,554,562,17,444,495,3,534,406,543,540,548,545,481,545,525,519,522,531,490,551,277,549,281,44,551,1,2024-25,PJ Dozier (2024-25),107.91,80,,
1641790,PJ Hall,PJ,1610612743,DEN,23.0,19,12,7,0.632,3.5,0.7,1.3,0.583,0.1,0.4,0.25,0.2,0.2,0.75,0.3,0.8,1.2,0.2,0.1,0.0,0.2,0.1,0.6,0.2,1.7,-0.1,4.0,0,0,3.6,457,393,467,115,554,505,539,47,473,489,439,514,525,310,463,492,496,545,547,541,356,476,496,536,516,247,523,281,44,528,1,2024-25,PJ Hall (2024-25),99.0,135,,
1642359,Pacôme Dadiet,Pacôme,1610612752,NYK,19.0,18,14,4,0.778,6.2,0.6,1.7,0.323,0.3,1.1,0.316,0.2,0.3,0.667,0.2,0.8,1.0,0.3,0.2,0.2,0.1,0.1,0.4,0.3,1.7,-0.9,3.9,0,0,3.8,462,364,507,46,509,526,513,525,408,414,348,496,496,438,526,493,510,532,517,504,443,513,527,490,519,323,528,281,44,521,1,2024-25,Pacôme Dadiet (2024-25),100.38,235,,
1631094,Paolo Banchero,Paolo,1610612753,ORL,22.0,46,21,25,0.457,34.4,9.0,19.8,0.452,1.9,5.9,0.32,6.1,8.4,0.727,1.1,6.4,7.5,4.8,3.0,0.8,0.6,1.1,2.1,5.8,25.9,-0.5,43.3,11,0,42.8,307,280,256,333,30,14,8,270,102,68,341,8,4,349,161,26,45,56,20,208,116,17,148,7,11,279,17,55,44,18,1,2024-25,Paolo Banchero (2024-25),97.29,3204,,
1627783,Pascal Siakam,Pascal,1610612754,IND,31.0,78,47,31,0.603,32.7,7.9,15.2,0.519,1.6,4.2,0.389,2.9,3.9,0.734,1.7,5.2,6.9,3.4,1.4,0.9,0.5,0.6,2.4,3.4,20.2,4.0,36.5,11,0,35.0,35,36,158,165,55,37,52,96,151,163,116,72,62,341,79,50,58,112,152,152,134,138,71,53,49,67,52,55,44,57,1,2024-25,Pascal Siakam (2024-25),101.43,5390,,
1626192,Pat Connaughton,Pat,1610612749,MIL,32.0,41,19,22,0.463,14.7,2.0,4.3,0.469,0.6,2.0,0.321,0.6,0.8,0.774,0.5,2.2,2.7,1.7,0.6,0.2,0.3,0.2,1.1,0.8,5.3,-0.3,11.9,1,0,11.2,336,302,288,326,374,362,375,214,342,341,338,375,392,265,403,320,347,254,389,489,298,358,399,366,372,260,379,198,44,382,1,2024-25,Pat Connaughton (2024-25),99.41,1259,,
1630311,Pat Spencer,Pat,1610612744,GSW,28.0,39,24,15,0.615,6.4,1.1,2.6,0.406,0.1,0.6,0.227,0.3,0.4,0.733,0.4,0.8,1.2,1.2,0.5,0.4,0.1,0.3,0.5,0.5,2.5,-0.4,6.6,0,0,5.9,353,261,382,144,506,474,470,428,471,481,460,476,481,342,435,501,492,338,433,430,483,344,507,454,484,275,479,281,44,483,1,2024-25,Pat Spencer (2024-25),103.26,536,,
1631116,Patrick Baldwin Jr.,Patrick,1610612746,LAC,22.0,24,3,21,0.125,4.4,0.8,1.5,0.543,0.5,1.0,0.565,0.1,0.2,0.5,0.2,0.8,1.0,0.1,0.2,0.1,0.1,0.1,0.3,0.1,2.2,1.2,4.1,0,0,4.3,432,508,297,545,537,495,526,72,360,438,4,539,530,506,511,493,505,554,521,518,474,493,538,542,494,158,522,281,44,517,2,2024-25,Patrick Baldwin Jr. (2024-25),104.77,233,,
1630172,Patrick Williams,Patrick,1610612741,CHI,23.0,63,31,32,0.492,25.0,3.3,8.2,0.397,1.5,4.3,0.353,1.0,1.3,0.723,0.7,3.1,3.8,2.0,1.4,0.8,0.5,0.6,1.4,1.1,9.0,-2.9,18.9,1,0,18.8,185,186,143,293,179,227,183,452,162,153,235,267,263,361,303,186,216,220,163,217,147,135,336,290,226,454,242,198,44,227,1,2024-25,Patrick Williams (2024-25),105.94,3473,,
201988,Patty Mills,Patty,1610612746,LAC,36.0,29,12,17,0.414,11.1,1.2,3.3,0.375,0.9,2.6,0.347,0.4,0.5,0.929,0.1,0.6,0.8,0.9,0.6,0.4,0.1,0.1,0.8,0.6,3.8,-0.5,7.2,0,0,7.5,412,393,360,381,439,457,424,485,286,288,254,421,456,27,535,523,531,413,388,383,449,479,457,410,437,286,473,281,44,463,2,2024-25,Patty Mills (2024-25),103.29,694,,
202331,Paul George,Paul,1610612755,PHI,35.0,41,15,26,0.366,32.5,6.0,13.9,0.43,2.3,6.5,0.358,1.9,2.4,0.814,0.6,4.8,5.3,4.3,2.6,1.8,0.5,0.5,2.5,2.7,16.2,-2.0,33.5,3,0,32.9,336,349,237,416,58,84,64,348,52,44,215,125,132,183,340,69,109,75,40,5,162,183,62,90,85,413,70,134,44,68,1,2024-25,Paul George (2024-25),98.87,2757,,
1630194,Paul Reed,Paul,1610612765,DET,26.0,45,22,23,0.489,9.7,1.6,3.2,0.507,0.2,0.6,0.286,0.7,0.9,0.762,0.9,1.8,2.7,1.0,0.6,0.9,0.6,0.2,1.7,0.8,4.1,1.0,12.5,0,0,10.8,318,274,280,298,461,417,442,114,459,471,396,339,342,288,228,361,338,399,393,167,127,438,258,367,422,171,371,281,44,390,1,2024-25,Paul Reed (2024-25),101.81,924,,
1630202,Payton Pritchard,Payton,1610612738,BOS,27.0,80,59,21,0.738,28.4,5.1,10.8,0.472,3.2,7.8,0.407,0.9,1.1,0.845,1.3,2.6,3.8,3.5,1.0,0.9,0.2,0.5,1.5,1.1,14.3,5.4,26.2,5,0,26.9,16,6,297,58,119,116,114,205,14,23,66,281,304,116,129,251,207,105,241,163,389,191,321,288,106,33,126,106,44,109,1,2024-25,Payton Pritchard (2024-25),96.45,4561,,
1641796,Pelle Larsson,Pelle,1610612748,MIA,24.0,55,24,31,0.436,14.2,1.6,3.7,0.438,0.6,1.7,0.337,0.7,1.1,0.672,0.5,1.2,1.7,1.2,0.4,0.6,0.1,0.2,1.7,1.0,4.6,0.2,10.0,0,0,9.4,253,261,158,360,382,413,399,314,349,363,288,324,294,434,377,446,433,345,444,315,432,396,267,300,394,223,416,281,44,418,1,2024-25,Pelle Larsson (2024-25),98.71,1595,,
1631250,Pete Nance,Pete,1610612749,MIL,25.0,13,8,5,0.615,10.6,1.1,2.5,0.438,0.7,1.8,0.375,0.1,0.2,0.5,0.4,1.2,1.6,0.8,0.3,0.2,0.2,0.1,1.3,0.1,2.9,-1.1,6.6,0,0,6.6,489,445,495,144,448,472,478,319,326,353,150,540,536,506,435,437,441,441,492,508,408,495,354,551,471,345,478,281,44,474,2,2024-25,Pete Nance (2024-25),97.1,282,,
1631212,Peyton Watson,Peyton,1610612743,DEN,22.0,68,40,28,0.588,24.3,3.0,6.3,0.477,0.7,2.0,0.353,1.4,2.0,0.693,0.7,2.7,3.4,1.4,0.8,0.7,1.4,0.5,1.8,1.4,8.1,-0.4,19.7,0,0,17.8,138,89,209,186,196,255,277,189,322,333,235,184,164,401,297,229,250,313,304,242,20,158,219,225,262,270,227,281,44,251,1,2024-25,Peyton Watson (2024-25),101.83,3501,,
1630762,Phillip Wheeler,Phillip,1610612755,PHI,23.0,5,0,5,0.0,8.9,0.6,4.2,0.143,0.0,2.0,0.0,0.4,0.4,1.0,0.4,1.2,1.6,0.4,0.2,0.2,0.4,0.2,0.2,0.2,1.6,2.6,5.7,0,0,4.8,535,557,495,557,468,521,380,553,499,333,499,437,476,1,427,439,443,509,524,494,217,396,546,528,523,102,496,281,44,505,1,2024-25,Phillip Wheeler (2024-25),96.76,90,,
1630173,Precious Achiuwa,Precious,1610612752,NYK,25.0,57,36,21,0.632,20.5,2.9,5.7,0.502,0.2,0.6,0.278,0.7,1.2,0.594,1.8,3.8,5.6,1.0,0.8,0.8,0.7,0.4,1.4,0.9,6.6,-0.8,18.7,3,0,16.5,232,136,297,115,262,271,301,122,460,469,412,336,277,490,75,113,104,401,314,188,79,214,331,326,312,317,252,134,44,275,1,2024-25,Precious Achiuwa (2024-25),100.16,2432,,
1629656,Quentin Grimes,Quentin,1610612755,PHI,25.0,75,29,46,0.387,26.8,5.1,11.0,0.467,2.2,5.6,0.385,2.2,2.9,0.757,0.8,3.5,4.3,3.0,1.9,1.0,0.3,0.4,1.8,2.3,14.6,-3.5,26.3,4,0,26.6,59,212,32,399,151,114,112,222,72,88,123,103,105,299,270,135,167,127,89,113,276,211,210,115,101,478,125,116,44,113,2,2024-25,Quentin Grimes (2024-25),100.7,4223,,
1631245,Quenton Jackson,Quenton,1610612754,IND,26.0,28,14,14,0.5,13.6,2.1,4.4,0.475,0.5,1.4,0.375,1.1,1.4,0.775,0.5,1.1,1.6,1.9,0.6,0.8,0.2,0.5,1.5,1.6,5.8,0.0,12.7,0,0,11.6,416,364,392,266,391,357,371,193,361,383,150,238,246,264,378,455,447,229,396,219,382,199,305,189,357,242,367,281,44,373,1,2024-25,Quenton Jackson (2024-25),104.12,823,,
1642439,Quincy Olivari,Quincy,1610612747,LAL,24.0,2,1,1,0.5,5.2,0.5,2.5,0.2,0.5,2.5,0.2,0.0,0.0,0.0,0.0,0.0,0.0,0.5,0.5,0.0,0.0,0.0,0.0,0.5,1.5,-9.0,1.8,0,0,2.5,557,539,548,266,525,533,473,550,366,293,471,544,548,544,548,564,565,486,415,541,519,522,554,442,528,563,559,281,44,546,1,2024-25,Quincy Olivari (2024-25),102.52,22,,
1642366,Quinten Post,Quinten,1610612744,GSW,25.0,42,26,16,0.619,16.3,2.9,6.5,0.449,1.7,4.3,0.408,0.5,0.6,0.778,0.8,2.7,3.5,1.3,0.8,0.4,0.4,0.4,2.0,0.6,8.1,1.0,16.0,0,0,16.3,330,240,369,141,344,266,266,278,126,158,64,400,417,252,249,236,242,322,316,417,201,237,176,422,263,167,302,281,44,280,1,2024-25,Quinten Post (2024-25),100.02,1433,,
1629628,RJ Barrett,RJ,1610612761,TOR,25.0,58,23,35,0.397,32.2,7.9,16.9,0.468,1.8,5.3,0.35,3.4,5.4,0.63,1.1,5.3,6.3,5.4,2.9,0.8,0.3,1.4,2.4,4.0,21.1,-2.4,37.2,10,2,36.8,223,265,116,394,64,34,35,218,108,97,247,53,25,467,173,48,70,39,28,204,277,4,82,34,42,436,49,62,15,46,1,2024-25,RJ Barrett (2024-25),102.74,3998,,
1642484,RayJ Dennis,RayJ,1610612754,IND,24.0,11,7,4,0.636,6.4,1.0,3.0,0.333,0.5,1.9,0.286,0.2,0.2,1.0,0.2,0.9,1.1,1.3,0.5,0.6,0.2,0.3,0.6,0.2,2.7,4.0,7.9,0,0,7.3,501,460,507,110,507,476,448,514,358,347,396,505,526,1,523,482,499,333,436,284,380,328,487,530,475,67,461,281,44,466,1,2024-25,RayJ Dennis (2024-25),105.02,155,,
1641712,Rayan Rupert,Rayan,1610612757,POR,21.0,52,23,29,0.442,8.8,1.1,2.7,0.408,0.3,1.1,0.271,0.4,0.6,0.767,0.5,0.8,1.3,0.5,0.6,0.3,0.1,0.3,0.7,0.5,3.0,-1.7,5.9,1,0,5.9,267,265,188,355,469,466,465,420,412,406,423,424,433,280,378,491,473,492,394,449,483,315,475,459,470,391,492,198,44,486,1,2024-25,Rayan Rupert (2024-25),104.66,1005,,
1641736,Reece Beekman,Reece,1610612751,BKN,23.0,36,13,23,0.361,13.0,1.0,3.0,0.327,0.2,1.1,0.175,0.4,0.6,0.762,0.4,0.7,1.1,1.8,0.6,0.9,0.1,0.2,1.0,0.8,2.6,-3.3,8.8,0,0,7.6,370,382,280,422,401,482,451,520,454,410,485,423,431,288,444,507,502,247,390,145,503,376,416,354,480,467,443,281,44,462,2,2024-25,Reece Beekman (2024-25),99.16,969,,
1642263,Reed Sheppard,Reed,1610612745,HOU,21.0,52,30,22,0.577,12.6,1.6,4.6,0.351,0.9,2.7,0.338,0.3,0.3,0.813,0.3,1.2,1.5,1.4,0.7,0.7,0.3,0.3,1.0,0.2,4.4,-1.0,10.7,0,0,10.3,267,196,288,204,407,414,361,507,279,277,283,488,503,186,468,441,453,296,343,257,258,348,414,527,400,330,402,281,44,399,1,2024-25,Reed Sheppard (2024-25),104.93,1425,,
202704,Reggie Jackson,Reggie,1610612755,PHI,35.0,31,11,20,0.355,12.4,1.7,4.3,0.391,0.8,2.4,0.338,0.2,0.3,0.778,0.3,1.1,1.4,1.5,0.5,0.5,0.1,0.1,1.1,0.3,4.4,-0.6,9.5,0,0,9.2,402,407,318,427,414,402,377,461,303,308,284,495,511,252,490,454,471,294,407,348,466,485,401,520,401,294,428,281,44,423,1,2024-25,Reggie Jackson (2024-25),98.88,795,,
1626158,Richaun Holmes,Richaun,1610612764,WAS,31.0,31,9,22,0.29,17.2,2.9,4.5,0.647,0.0,0.1,0.0,1.6,1.9,0.833,2.0,3.7,5.7,1.4,0.7,0.3,0.7,0.3,1.6,1.7,7.4,-1.2,18.7,3,0,16.5,402,434,288,462,329,268,365,24,499,522,499,153,177,131,55,119,92,317,353,459,77,287,284,171,277,359,249,134,44,273,1,2024-25,Richaun Holmes (2024-25),100.78,1127,,
1641741,Ricky Council IV,Ricky,1610612755,PHI,23.0,73,16,57,0.219,17.1,2.4,6.3,0.382,0.8,2.9,0.258,1.7,2.1,0.804,0.7,2.2,2.9,1.3,0.7,0.4,0.2,0.3,0.9,1.6,7.3,-2.2,13.9,3,0,13.5,86,340,4,515,331,321,274,478,310,259,435,140,155,207,292,311,316,326,342,396,384,266,435,185,280,422,339,134,44,339,1,2024-25,Ricky Council IV (2024-25),99.93,2602,,
1642434,Riley Minix,Riley,1610612759,SAS,24.0,1,0,1,0.0,6.8,0.0,1.0,0.0,0.0,1.0,0.0,0.0,0.0,0.0,0.0,2.0,2.0,0.0,0.0,0.0,0.0,0.0,0.0,0.0,0.0,0.0,2.4,0,0,2.0,562,557,548,557,504,558,549,558,499,419,499,544,548,544,548,339,410,558,551,541,519,522,554,556,561,236,552,281,44,552,1,2024-25,Riley Minix (2024-25),106.67,15,,
1642265,Rob Dillingham,Rob,1610612750,MIN,20.0,49,30,19,0.612,10.5,1.9,4.3,0.441,0.5,1.5,0.338,0.2,0.3,0.533,0.2,0.8,1.0,2.0,1.1,0.4,0.0,0.2,0.8,0.6,4.5,0.4,8.9,0,0,8.9,293,196,329,150,450,378,376,307,364,377,284,513,505,502,498,502,509,208,226,405,518,435,467,422,397,203,442,281,44,431,1,2024-25,Rob Dillingham (2024-25),101.82,1097,,
1629057,Robert Williams III,Robert,1610612757,POR,27.0,20,7,13,0.35,17.6,2.5,3.9,0.641,0.1,0.2,0.333,0.8,0.9,0.882,1.8,4.2,5.9,1.1,0.9,0.7,1.7,0.3,1.6,0.7,5.8,-0.9,20.5,0,0,17.4,448,460,403,430,322,308,389,26,486,517,297,321,364,62,76,94,87,378,298,276,8,302,297,405,356,318,211,281,44,257,1,2024-25,Robert Williams III (2024-25),100.69,736,,
1631199,Ron Harper Jr.,Ron,1610612765,DET,25.0,1,0,1,0.0,17.0,1.0,8.0,0.125,0.0,6.0,0.0,2.0,2.0,1.0,4.0,3.0,7.0,2.0,0.0,0.0,0.0,0.0,0.0,2.0,4.0,-1.0,15.4,0,0,13.0,562,557,548,557,333,476,190,556,499,61,499,112,165,1,2,196,55,208,551,541,519,522,554,132,429,334,313,281,44,347,1,2024-25,Ron Harper Jr. (2024-25),98.82,34,,
1641842,Ronald Holland II,Ronald,1610612765,DET,19.0,81,44,37,0.543,15.6,2.4,5.1,0.474,0.4,1.9,0.238,1.1,1.5,0.754,0.5,2.2,2.7,1.0,0.9,0.6,0.2,0.3,1.7,1.4,6.4,-0.7,12.7,0,0,12.2,12,62,96,235,354,319,321,199,383,350,451,226,231,303,388,319,344,383,280,300,357,319,234,224,326,303,365,281,44,364,1,2024-25,Ronald Holland II (2024-25),101.0,2652,,
1626220,Royce O'Neale,Royce,1610612756,PHX,32.0,75,33,42,0.44,24.5,3.2,7.6,0.423,2.4,5.9,0.406,0.3,0.3,0.731,0.7,3.9,4.7,2.2,0.9,0.9,0.4,0.3,2.0,0.4,9.1,-2.1,21.0,1,0,20.9,59,166,47,356,191,234,211,380,50,70,68,487,495,347,287,106,149,193,290,154,196,347,168,467,220,416,196,198,44,185,1,2024-25,Royce O'Neale (2024-25),100.27,3840,,
203497,Rudy Gobert,Rudy,1610612750,MIN,33.0,72,43,29,0.597,33.2,4.7,7.1,0.669,0.0,0.0,0.0,2.6,3.8,0.674,3.7,7.2,10.9,1.8,1.2,0.8,1.4,0.8,2.5,3.6,12.0,4.5,33.2,36,0,29.1,95,75,188,175,45,136,239,15,499,542,499,83,70,432,6,16,9,245,189,210,16,75,53,46,145,46,72,14,44,98,1,2024-25,Rudy Gobert (2024-25),97.63,4858,,
1629060,Rui Hachimura,Rui,1610612747,LAL,27.0,59,37,22,0.627,31.7,5.0,9.8,0.509,1.7,4.2,0.413,1.5,1.9,0.77,1.3,3.7,5.0,1.4,0.8,0.8,0.4,0.7,1.8,1.4,13.1,2.7,24.0,1,0,23.7,218,124,288,126,76,120,137,108,133,162,53,171,179,271,117,121,125,305,303,216,195,101,224,213,122,98,153,198,44,144,1,2024-25,Rui Hachimura (2024-25),99.44,3875,,
201566,Russell Westbrook,Russell,1610612743,DEN,36.0,75,43,32,0.573,27.9,5.0,11.1,0.449,1.3,3.9,0.323,2.1,3.1,0.661,1.4,3.6,4.9,6.1,3.2,1.4,0.5,0.7,2.5,2.3,13.3,-0.3,30.8,13,4,29.3,59,75,143,208,127,119,108,279,198,182,334,111,90,451,115,130,133,23,13,32,159,91,56,116,120,261,92,46,9,95,1,2024-25,Russell Westbrook (2024-25),103.3,4504,,
1642346,Ryan Dunn,Ryan,1610612756,PHX,22.0,74,32,42,0.432,19.1,2.8,6.4,0.43,1.1,3.6,0.311,0.3,0.5,0.487,1.2,2.4,3.6,0.8,0.5,0.6,0.5,0.3,2.2,0.4,6.9,-2.3,15.3,3,0,14.7,71,179,47,363,293,281,269,349,231,204,362,486,444,529,136,289,235,440,409,309,132,320,125,477,303,426,318,134,44,316,1,2024-25,Ryan Dunn (2024-25),98.59,2882,,
1631157,Ryan Rollins,Ryan,1610612749,MIL,22.0,56,30,26,0.536,14.6,2.4,4.8,0.487,0.9,2.1,0.408,0.6,0.8,0.8,0.4,1.6,1.9,1.9,0.9,0.8,0.3,0.4,1.6,0.8,6.2,1.5,13.5,1,0,13.0,246,196,237,241,377,331,342,160,290,322,63,354,374,213,438,399,415,233,267,219,269,242,288,342,334,140,346,198,44,347,1,2024-25,Ryan Rollins (2024-25),101.74,1732,,
1630573,Sam Hauser,Sam,1610612738,BOS,27.0,71,52,19,0.732,21.7,3.0,6.7,0.451,2.3,5.6,0.416,0.2,0.2,1.0,0.6,2.5,3.2,0.9,0.3,0.6,0.2,0.1,1.2,0.4,8.5,4.6,15.6,0,0,16.4,108,19,329,62,237,253,258,273,54,87,49,515,535,1,331,260,287,411,489,318,379,512,374,469,249,44,310,281,44,276,1,2024-25,Sam Hauser (2024-25),96.4,3102,,
1630241,Sam Merrill,Sam,1610612739,CLE,29.0,71,54,17,0.761,19.7,2.4,6.0,0.406,1.9,5.2,0.372,0.4,0.4,0.966,0.5,1.7,2.2,1.5,0.5,0.7,0.2,0.2,1.7,0.8,7.2,4.5,14.4,0,0,14.7,108,16,360,54,278,323,289,431,95,102,165,439,475,23,366,387,390,285,422,226,369,385,231,357,289,47,328,281,44,312,1,2024-25,Sam Merrill (2024-25),101.26,2963,,
1630572,Sandro Mamukelashvili,Sandro,1610612759,SAS,26.0,61,23,38,0.377,11.2,2.3,4.6,0.502,1.0,2.6,0.373,0.7,1.0,0.741,1.0,2.0,3.1,0.8,0.4,0.4,0.3,0.2,1.0,0.7,6.3,-0.5,12.7,2,0,12.4,201,265,85,406,438,339,358,121,270,286,161,341,335,334,179,336,295,438,449,427,286,434,426,389,333,280,368,159,44,357,1,2024-25,Sandro Mamukelashvili (2024-25),102.07,1445,,
1630583,Santi Aldama,Santi,1610612763,MEM,24.0,65,38,27,0.585,25.5,4.8,10.0,0.483,1.8,5.0,0.368,1.0,1.4,0.691,1.4,5.0,6.4,2.9,1.1,0.8,0.4,0.3,1.2,1.3,12.5,2.3,27.1,10,0,26.1,162,110,222,196,171,129,130,170,106,109,178,255,241,404,105,62,68,132,225,199,191,286,388,248,133,112,117,62,44,117,1,2024-25,Santi Aldama (2024-25),105.41,3654,,
1630703,Scoot Henderson,Scoot,1610612757,POR,21.0,66,30,36,0.455,26.7,4.3,10.4,0.419,1.6,4.5,0.354,2.4,3.1,0.767,0.8,2.2,3.0,5.1,2.7,1.0,0.2,0.7,2.7,2.8,12.7,-0.6,24.9,2,0,24.8,156,196,106,339,156,149,121,396,154,143,233,95,88,279,267,315,300,48,38,94,371,104,33,85,129,292,141,159,44,131,1,2024-25,Scoot Henderson (2024-25),100.99,3705,,
1630567,Scottie Barnes,Scottie,1610612761,TOR,23.0,65,26,39,0.4,32.8,7.3,16.4,0.446,1.2,4.3,0.271,3.5,4.6,0.755,1.7,6.0,7.7,5.8,2.8,1.4,1.0,0.6,1.7,3.8,19.3,-2.0,41.6,26,1,38.8,162,240,68,389,50,51,44,290,218,154,422,45,38,301,81,33,43,29,31,31,50,121,235,42,52,409,24,26,20,32,1,2024-25,Scottie Barnes (2024-25),102.48,4554,,
1630590,Scotty Pippen Jr.,Scotty,1610612763,MEM,24.0,79,46,33,0.582,21.3,3.6,7.5,0.48,1.1,2.8,0.397,1.5,2.2,0.713,0.8,2.5,3.3,4.4,1.7,1.3,0.4,0.5,2.6,2.4,9.9,0.6,23.7,9,1,22.0,23,45,130,200,245,199,219,179,235,271,94,165,148,379,255,276,275,73,101,43,228,152,45,112,196,192,159,71,20,165,1,2024-25,Scotty Pippen Jr. (2024-25),105.6,3700,,
203552,Seth Curry,Seth,1610612766,CHA,34.0,68,17,51,0.25,15.6,2.4,5.0,0.478,1.2,2.7,0.456,0.5,0.6,0.846,0.4,1.3,1.7,0.9,0.5,0.4,0.1,0.1,0.9,0.8,6.5,-2.5,10.9,0,0,11.3,138,323,16,489,356,325,328,180,205,281,15,409,434,113,448,426,437,416,428,410,453,481,449,361,320,441,396,281,44,379,1,2024-25,Seth Curry (2024-25),99.1,2194,,
1631101,Shaedon Sharpe,Shaedon,1610612757,POR,22.0,72,32,40,0.444,31.3,6.9,15.3,0.452,2.0,6.6,0.311,2.6,3.4,0.785,0.9,3.6,4.5,2.8,2.1,0.9,0.2,0.7,1.7,2.6,18.5,-1.9,29.2,3,0,30.0,95,179,59,353,84,57,51,271,84,43,358,77,82,241,212,132,157,141,68,170,334,104,258,93,63,402,104,134,44,90,1,2024-25,Shaedon Sharpe (2024-25),99.88,4688,,
1628983,Shai Gilgeous-Alexander,Shai,1610612760,OKC,26.0,76,63,13,0.829,34.2,11.3,21.8,0.519,2.1,5.7,0.375,7.9,8.8,0.898,0.9,4.1,5.0,6.4,2.4,1.7,1.0,1.0,2.2,6.1,32.7,12.1,54.1,6,0,51.7,51,2,403,23,35,2,1,93,73,80,155,1,3,44,230,97,128,19,55,11,41,29,132,4,1,1,4,93,44,5,1,2024-25,Shai Gilgeous-Alexander (2024-25),101.91,5514,,
1629003,Shake Milton,Shake,1610612747,LAL,28.0,57,29,28,0.509,14.7,2.0,4.5,0.453,0.7,1.9,0.358,0.8,1.0,0.797,0.5,1.3,1.8,1.8,0.7,0.4,0.1,0.3,1.2,1.1,5.5,-2.1,11.2,1,0,10.8,232,212,209,263,375,363,366,268,333,351,214,290,309,227,362,430,422,241,346,393,493,270,386,281,362,418,386,198,44,389,2,2024-25,Shake Milton (2024-25),98.81,1722,,
1631321,Sidy Cissoko,Sidy,1610612757,POR,21.0,22,11,11,0.5,5.2,0.6,1.4,0.433,0.1,0.6,0.231,0.1,0.4,0.333,0.4,0.6,1.0,0.7,0.5,0.1,0.0,0.2,0.5,0.3,1.5,0.4,3.5,0,0,3.5,441,407,425,266,524,522,532,334,469,478,456,525,473,539,442,525,517,449,415,531,509,372,515,502,532,205,533,281,44,530,2,2024-25,Sidy Cissoko (2024-25),103.79,249,,
1631323,Simone Fontecchio,Simone,1610612765,DET,29.0,75,38,37,0.507,16.5,2.0,5.0,0.402,1.0,3.0,0.335,0.9,1.1,0.833,0.7,2.2,2.9,0.9,0.7,0.4,0.2,0.2,1.3,0.9,5.9,0.2,11.7,0,0,11.8,59,110,96,264,340,364,334,440,254,252,294,272,291,131,296,322,324,420,336,404,403,361,362,323,347,221,384,281,44,369,1,2024-25,Simone Fontecchio (2024-25),103.26,2653,,
1627746,Skal Labissiere,Skal,1610612758,SAC,29.0,4,2,2,0.5,3.0,0.5,1.0,0.5,0.3,0.3,1.0,0.0,0.0,0.0,0.3,0.5,0.8,0.3,0.0,0.0,0.0,0.0,0.3,0.0,1.3,-0.3,2.5,0,0,2.5,541,525,532,266,559,533,549,125,432,506,1,544,548,544,491,534,532,534,551,541,519,522,540,556,538,253,548,281,44,546,1,2024-25,Skal Labissiere (2024-25),104.35,27,,
203915,Spencer Dinwiddie,Spencer,1610612742,DAL,32.0,79,37,42,0.468,27.0,3.6,8.6,0.416,1.4,4.1,0.334,2.5,3.1,0.802,0.2,2.4,2.6,4.4,1.3,0.9,0.2,0.3,1.5,2.5,11.0,-2.8,22.9,5,0,21.7,23,124,47,316,149,201,166,404,183,166,296,90,94,211,504,281,350,72,178,160,348,313,308,101,161,451,169,106,44,172,1,2024-25,Spencer Dinwiddie (2024-25),101.4,4515,,
1642461,Spencer Jones,Spencer,1610612743,DEN,24.0,20,13,7,0.65,6.2,0.6,1.7,0.324,0.1,0.9,0.059,0.2,0.2,1.0,0.4,0.5,0.9,0.3,0.3,0.3,0.3,0.0,0.9,0.1,1.3,-2.3,3.9,0,0,3.5,448,382,467,99,508,528,515,522,486,450,497,520,537,1,427,547,524,534,507,471,309,522,454,546,537,425,524,281,44,533,1,2024-25,Spencer Jones (2024-25),104.76,274,,
1630649,Stanley Umude,Stanley,1610612749,MIL,26.0,22,15,7,0.682,3.9,0.2,1.2,0.192,0.1,0.7,0.2,0.1,0.2,0.5,0.2,0.6,0.8,0.2,0.1,0.1,0.3,0.0,0.4,0.1,0.7,-0.7,3.0,0,0,2.6,441,349,467,79,546,553,544,552,469,467,471,537,526,506,523,525,530,546,543,514,293,517,529,547,555,304,540,281,44,544,1,2024-25,Stanley Umude (2024-25),107.72,195,,
201939,Stephen Curry,Stephen,1610612744,GSW,37.0,70,41,29,0.586,32.2,8.1,18.0,0.448,4.4,11.2,0.397,4.0,4.3,0.933,0.6,3.9,4.4,6.0,2.9,1.1,0.4,0.7,1.4,3.5,24.5,4.3,40.7,9,0,42.6,118,83,188,194,66,31,24,280,1,2,96,31,46,26,345,110,162,26,29,69,201,103,345,49,18,58,29,71,44,19,1,2024-25,Stephen Curry (2024-25),101.72,4785,,
1642264,Stephon Castle,Stephon,1610612759,SAS,20.0,81,33,48,0.407,26.7,5.2,12.2,0.428,1.2,4.1,0.285,3.1,4.2,0.724,1.1,2.6,3.7,4.1,2.2,0.9,0.3,0.8,2.0,3.2,14.7,-3.0,26.6,6,0,26.0,12,166,23,386,155,111,90,359,216,167,404,68,48,359,166,250,227,82,63,147,297,60,166,61,97,455,119,93,44,121,1,2024-25,Stephon Castle (2024-25),101.89,4580,,
203500,Steven Adams,Steven,1610612745,HOU,31.0,58,38,20,0.655,13.7,1.6,2.9,0.545,0.0,0.0,0.0,0.7,1.6,0.462,2.9,2.8,5.6,1.1,0.9,0.4,0.5,0.2,1.0,1.8,3.9,3.0,14.0,3,0,12.4,223,110,318,95,390,419,456,71,499,537,499,328,219,532,22,226,99,355,271,418,167,423,410,162,433,89,337,134,44,360,1,2024-25,Steven Adams (2024-25),99.77,1658,,
1629004,Svi Mykhailiuk,Svi,1610612762,UTA,28.0,38,6,32,0.158,20.0,3.1,7.9,0.391,1.8,5.3,0.345,0.7,0.9,0.8,0.6,1.8,2.4,2.0,1.4,0.5,0.2,0.4,1.1,0.8,8.8,-2.8,15.3,0,0,16.4,357,473,143,538,271,245,193,463,110,96,258,329,345,213,341,364,376,208,161,355,377,214,393,351,234,450,316,281,44,277,1,2024-25,Svi Mykhailiuk (2024-25),101.83,1619,,
204456,T.J. McConnell,T.J.,1610612754,IND,33.0,79,49,30,0.62,17.9,4.1,7.9,0.519,0.2,0.6,0.306,0.7,1.0,0.74,0.6,1.9,2.4,4.4,1.4,1.1,0.3,0.5,1.0,1.2,9.1,-0.7,21.3,2,0,18.8,23,25,176,137,316,160,196,94,456,472,371,334,328,336,353,356,367,69,156,89,300,157,416,258,216,306,191,159,44,225,1,2024-25,T.J. McConnell (2024-25),103.69,3069,,
201959,Taj Gibson,Taj,1610612766,CHA,40.0,37,10,27,0.27,11.1,1.3,2.6,0.495,0.0,0.1,0.5,0.3,0.5,0.6,1.4,1.9,3.2,0.6,0.7,0.2,0.5,0.3,1.5,0.5,2.9,-3.4,9.1,1,0,8.2,361,419,222,478,440,453,472,146,494,529,7,463,443,482,113,358,277,477,355,479,164,281,324,434,474,473,436,198,44,448,1,2024-25,Taj Gibson (2024-25),99.38,843,,
1629659,Talen Horton-Tucker,Talen,1610612741,CHI,24.0,58,26,32,0.448,12.5,2.3,5.0,0.457,0.7,2.1,0.336,1.2,1.7,0.735,0.3,1.4,1.7,1.4,0.7,0.4,0.2,0.3,1.0,1.2,6.5,0.3,11.7,0,0,11.5,223,240,143,348,409,340,329,256,321,327,291,209,210,340,460,416,430,301,350,425,373,307,415,271,319,211,383,281,44,376,1,2024-25,Talen Horton-Tucker (2024-25),106.82,1607,,
1631106,Tari Eason,Tari,1610612745,HOU,24.0,57,36,21,0.632,24.9,4.8,9.8,0.487,1.1,3.2,0.342,1.4,1.8,0.76,2.2,4.1,6.4,1.5,1.1,1.7,0.9,0.8,2.4,1.3,12.0,2.5,28.4,6,0,26.1,232,136,297,115,183,134,136,162,232,230,270,187,187,295,44,97,69,293,213,12,65,64,76,236,144,104,107,93,44,118,1,2024-25,Tari Eason (2024-25),101.55,2994,,
1627752,Taurean Prince,Taurean,1610612749,MIL,31.0,80,46,34,0.575,27.1,2.9,6.4,0.457,1.8,4.2,0.439,0.5,0.6,0.813,0.4,3.2,3.6,1.9,1.0,1.0,0.2,0.3,2.1,0.8,8.2,-0.3,17.8,1,0,17.8,16,45,124,207,145,265,271,255,112,161,19,408,429,186,420,173,236,225,246,125,375,327,160,369,259,256,265,198,44,247,1,2024-25,Taurean Prince (2024-25),100.95,4554,,
1641707,Taylor Hendricks,Taylor,1610612762,UTA,21.0,3,0,3,0.0,24.8,1.3,6.0,0.222,1.0,4.0,0.25,1.0,1.3,0.75,1.7,3.3,5.0,0.7,0.7,1.7,1.3,0.0,2.7,0.7,4.7,-7.3,20.0,0,0,17.3,549,557,521,557,185,443,287,548,257,174,439,255,259,310,82,157,125,451,357,13,22,522,36,399,389,553,216,281,44,260,1,2024-25,Taylor Hendricks (2024-25),105.0,163,,
1631386,Taze Moore,Taze,1610612757,POR,27.0,2,0,2,0.0,9.9,1.0,5.0,0.2,0.5,2.0,0.25,0.5,1.0,0.5,2.0,2.0,4.0,0.5,1.0,1.0,0.0,0.5,0.0,0.5,3.0,-3.5,10.6,0,0,10.0,557,557,532,557,460,476,330,550,366,333,439,400,314,506,55,339,191,486,250,101,519,172,554,442,468,479,404,281,44,406,1,2024-25,Taze Moore (2024-25),108.82,46,,
1629611,Terance Mann,Terance,1610612737,ATL,28.0,67,37,30,0.552,21.1,3.1,6.2,0.496,0.9,2.4,0.368,0.7,1.0,0.691,1.0,2.0,3.0,1.8,0.7,0.7,0.2,0.4,1.9,1.0,7.7,-1.4,16.1,0,0,15.2,147,124,176,227,254,249,283,141,288,304,178,344,313,405,181,347,309,239,347,244,333,217,190,315,270,379,298,281,44,301,2,2024-25,Terance Mann (2024-25),100.43,2947,,
1629056,Terence Davis,Terence,1610612758,SAC,28.0,1,1,0,1.0,7.9,0.0,2.0,0.0,0.0,1.0,0.0,0.0,0.0,0.0,0.0,1.0,1.0,1.0,0.0,0.0,0.0,0.0,0.0,0.0,0.0,-3.0,2.7,0,0,2.0,562,539,561,1,484,558,492,558,499,419,499,544,548,544,548,460,510,384,551,541,519,522,554,556,561,457,544,281,44,552,1,2024-25,Terence Davis (2024-25),91.33,15,,
1630545,Terrence Shannon Jr.,Terrence,1610612750,MIN,24.0,32,21,11,0.656,10.6,1.7,3.6,0.482,0.3,1.0,0.355,0.5,0.7,0.81,0.3,1.2,1.5,1.0,0.5,0.2,0.2,0.6,0.8,0.5,4.3,0.3,8.2,1,0,7.9,397,280,425,94,449,397,409,173,406,437,227,394,413,199,467,447,460,384,430,490,407,144,456,442,406,209,459,198,44,458,1,2024-25,Terrence Shannon Jr. (2024-25),103.77,735,,
1626179,Terry Rozier,Terry,1610612748,MIA,31.0,64,27,37,0.422,25.9,3.9,9.9,0.391,1.4,4.8,0.295,1.4,1.7,0.852,0.7,3.0,3.7,2.6,1.2,0.6,0.2,0.6,1.1,1.5,10.6,-2.2,20.2,0,0,20.0,170,232,96,371,163,174,133,465,177,124,388,175,211,104,298,194,218,151,194,317,342,144,391,195,171,424,214,281,44,200,1,2024-25,Terry Rozier (2024-25),99.13,3437,,
1630678,Terry Taylor,Terry,1610612758,SAC,25.0,3,1,2,0.333,2.1,0.0,0.3,0.0,0.0,0.0,0.0,0.0,0.0,0.0,0.3,0.0,0.3,0.7,0.0,0.0,0.0,0.0,0.0,0.0,0.0,3.0,1.4,0,0,1.0,549,539,532,437,564,558,562,558,499,542,499,544,548,544,456,564,560,451,551,541,519,522,554,556,561,86,563,281,44,564,1,2024-25,Terry Taylor (2024-25),106.11,14,,
1628418,Thomas Bryant,Thomas,1610612754,IND,27.0,66,44,22,0.667,14.6,2.5,4.9,0.508,0.7,2.2,0.324,0.8,1.0,0.859,1.3,2.5,3.8,0.8,0.5,0.4,0.6,0.3,1.2,0.9,6.5,-0.6,15.0,1,0,13.9,156,62,288,84,379,315,339,113,317,318,328,287,331,93,132,257,209,434,436,400,111,341,390,317,322,289,321,198,44,331,2,2024-25,Thomas Bryant (2024-25),102.45,2071,,
1642275,Tidjane Salaün,Tidjane,1610612766,CHA,19.0,60,12,48,0.2,20.7,1.9,5.8,0.33,1.0,3.4,0.283,1.1,1.6,0.713,1.2,3.5,4.7,1.2,1.0,0.5,0.2,0.5,1.4,1.3,5.9,-5.4,14.5,2,0,14.2,206,393,23,520,260,376,300,517,273,215,406,235,223,380,148,138,148,337,261,365,328,186,334,241,351,525,326,159,44,325,1,2024-25,Tidjane Salaün (2024-25),98.5,2545,,
203501,Tim Hardaway Jr.,Tim,1610612765,DET,33.0,77,41,36,0.532,28.0,3.6,8.8,0.406,2.2,5.9,0.368,1.6,1.9,0.855,0.2,2.1,2.4,1.6,0.6,0.5,0.1,0.2,1.2,2.0,11.0,0.3,17.3,0,0,18.3,43,83,106,243,124,202,160,429,66,65,182,155,183,101,501,325,375,274,374,362,471,356,368,140,163,212,272,281,44,240,1,2024-25,Tim Hardaway Jr. (2024-25),100.66,4535,,
202699,Tobias Harris,Tobias,1610612765,DET,32.0,73,40,33,0.548,31.6,5.3,11.0,0.477,1.2,3.6,0.345,2.0,2.3,0.861,0.9,5.0,5.9,2.2,1.2,1.0,0.8,0.6,1.9,1.7,13.7,2.6,28.4,5,0,26.7,86,89,130,233,78,107,109,188,200,195,261,119,138,91,227,56,84,187,207,100,75,118,198,178,116,103,108,106,44,112,1,2024-25,Tobias Harris (2024-25),100.89,4845,,
1642449,Tolu Smith,Tolu,1610612765,DET,24.0,1,0,1,0.0,22.4,6.0,9.0,0.667,0.0,0.0,0.0,2.0,3.0,0.667,4.0,4.0,8.0,0.0,2.0,0.0,0.0,2.0,3.0,4.0,14.0,7.0,21.6,0,0,22.0,562,557,548,557,226,82,156,17,499,542,499,112,98,438,2,102,36,558,78,541,519,2,10,35,113,12,186,281,44,165,1,2024-25,Tolu Smith (2024-25),97.72,46,,
1628396,Tony Bradley,Tony,1610612754,IND,27.0,14,11,3,0.786,8.1,2.1,3.2,0.644,0.1,0.2,0.333,0.1,0.4,0.333,1.3,1.7,3.0,0.4,0.4,0.1,0.6,0.3,0.8,0.7,4.4,3.1,10.6,1,0,9.4,482,407,521,40,483,357,436,25,483,510,297,523,467,539,127,378,300,504,469,512,104,317,463,386,404,81,403,198,44,417,1,2024-25,Tony Bradley (2024-25),105.38,246,,
1628470,Torrey Craig,Torrey,1610612738,BOS,34.0,26,16,10,0.615,12.1,1.5,3.5,0.422,0.9,2.5,0.364,0.3,0.5,0.667,1.0,1.8,2.8,0.7,0.3,0.3,0.5,0.1,1.3,0.4,4.2,-1.9,10.5,0,0,10.1,424,340,443,144,423,427,416,382,279,291,195,469,461,438,176,368,330,460,492,449,175,465,354,475,418,400,406,281,44,405,2,2024-25,Torrey Craig (2024-25),98.16,634,,
1641787,Tosan Evbuomwan,Tosan,1610612751,BKN,24.0,28,8,20,0.286,23.7,3.4,7.9,0.427,0.9,2.8,0.312,2.0,2.6,0.753,1.1,3.1,4.3,2.0,1.4,0.9,0.4,0.8,2.0,2.1,9.5,-2.4,19.9,0,0,19.1,416,445,318,464,207,216,197,363,293,273,356,117,115,307,155,178,171,222,154,173,241,75,180,128,204,433,219,281,44,219,1,2024-25,Tosan Evbuomwan (2024-25),97.96,1358,,
1641739,Toumani Camara,Toumani,1610612757,POR,25.0,78,33,45,0.423,32.7,4.2,9.2,0.458,1.7,4.6,0.375,1.2,1.6,0.722,2.2,3.6,5.8,2.2,1.4,1.5,0.6,0.4,2.9,2.8,11.3,-1.5,26.6,4,0,25.3,35,166,38,370,54,156,150,250,132,134,150,218,216,362,48,133,90,184,152,25,107,254,17,78,154,383,120,116,44,127,1,2024-25,Toumani Camara (2024-25),99.38,5267,,
1629027,Trae Young,Trae,1610612737,ATL,26.0,76,36,40,0.474,36.0,7.4,18.1,0.411,2.9,8.4,0.34,6.5,7.4,0.875,0.5,2.6,3.1,11.6,4.7,1.2,0.2,0.9,1.9,5.7,24.2,0.4,44.7,51,0,44.5,51,136,59,309,14,44,23,414,27,18,280,4,7,76,400,246,292,1,1,59,406,49,192,9,22,198,13,6,44,13,1,2024-25,Trae Young (2024-25),105.51,6020,,
1631218,Trayce Jackson-Davis,Trayce,1610612744,GSW,25.0,62,33,29,0.532,15.6,2.8,4.9,0.576,0.0,0.0,0.0,1.0,1.6,0.578,2.0,3.0,5.0,1.7,0.7,0.4,0.6,0.7,1.2,1.2,6.6,-1.0,17.3,4,0,15.2,192,166,188,244,358,276,338,53,499,533,499,269,214,496,58,191,123,260,333,421,114,98,385,255,316,333,273,116,44,302,1,2024-25,Trayce Jackson-Davis (2024-25),101.53,2050,,
1630200,Tre Jones,Tre,1610612741,CHI,25.0,46,21,25,0.457,19.7,2.8,5.2,0.538,0.4,1.0,0.396,1.2,1.5,0.821,0.7,1.8,2.5,4.2,0.8,0.8,0.2,0.4,1.2,1.5,7.2,-0.7,18.8,1,0,16.3,307,280,256,333,280,280,319,74,389,417,100,215,240,166,307,360,361,81,321,197,343,231,380,209,287,302,248,198,44,279,2,2024-25,Tre Jones (2024-25),103.35,1948,,
1630544,Tre Mann,Tre,1610612766,CHA,24.0,13,6,7,0.462,24.5,5.4,12.4,0.435,1.8,4.6,0.4,1.5,1.6,0.905,0.9,2.0,2.9,3.0,1.9,0.5,0.3,1.0,1.8,1.6,14.1,-4.2,22.7,0,0,23.5,489,473,467,327,190,102,86,332,106,134,78,172,216,38,221,339,317,129,84,341,263,30,206,184,109,503,173,281,44,146,1,2024-25,Tre Mann (2024-25),99.0,655,,
1630570,Trendon Watford,Trendon,1610612751,BKN,24.0,44,16,28,0.364,20.7,3.7,8.0,0.469,0.7,2.0,0.33,2.1,2.8,0.762,0.8,2.8,3.6,2.6,1.9,0.6,0.3,0.8,2.2,2.4,10.2,-1.5,19.3,1,0,18.9,322,340,209,419,259,184,191,216,336,333,311,105,109,287,246,224,232,149,88,293,293,59,129,107,183,385,233,198,44,223,1,2024-25,Trendon Watford (2024-25),97.8,1867,,
1642280,Trentyn Flowers,Trentyn,1610612746,LAC,20.0,6,4,2,0.667,4.4,0.7,1.8,0.364,0.0,0.3,0.0,0.5,0.5,1.0,0.2,0.5,0.7,0.0,0.2,0.0,0.0,0.0,0.7,0.3,1.8,-1.0,2.5,0,0,2.5,524,493,532,84,539,513,504,497,499,495,499,400,451,1,526,534,536,558,532,541,519,522,483,490,512,334,551,281,44,546,1,2024-25,Trentyn Flowers (2024-25),108.62,61,,
1630243,Trevelin Queen,Trevelin,1610612753,ORL,28.0,31,15,16,0.484,13.9,1.8,4.7,0.381,0.7,2.5,0.286,0.6,0.7,0.857,0.8,0.9,1.7,1.2,0.7,1.0,0.3,0.4,1.2,0.5,4.9,-2.8,12.1,0,0,11.2,402,349,369,304,387,389,350,479,320,299,396,378,405,95,247,483,429,340,344,101,259,257,373,431,385,449,374,281,44,383,1,2024-25,Trevelin Queen (2024-25),98.95,885,,
1641725,Trey Alexander,Trey,1610612743,DEN,22.0,24,14,10,0.583,4.9,0.5,1.7,0.317,0.1,0.7,0.176,0.1,0.2,0.75,0.0,0.5,0.5,0.5,0.2,0.1,0.0,0.0,0.4,0.2,1.3,-1.0,2.8,0,0,2.7,432,364,443,197,530,529,514,528,472,465,483,528,530,310,547,545,551,497,521,534,512,519,517,531,536,342,543,281,44,542,1,2024-25,Trey Alexander (2024-25),105.44,259,,
1641998,Trey Jemison III,Trey,1610612747,LAL,25.0,38,17,21,0.447,10.3,1.1,1.9,0.554,0.0,0.0,0.0,0.3,0.9,0.394,1.2,1.6,2.8,0.4,0.6,0.2,0.4,0.3,1.8,0.5,2.5,-0.5,7.7,0,0,6.9,357,323,297,350,453,471,499,66,499,542,499,455,360,538,151,388,335,506,370,483,223,335,217,438,485,281,465,281,44,469,2,2024-25,Trey Jemison III (2024-25),99.06,809,,
1626168,Trey Lyles,Trey,1610612758,SAC,29.0,69,34,35,0.493,19.6,2.3,5.4,0.42,1.2,3.4,0.34,0.8,1.2,0.7,1.2,3.4,4.6,1.2,0.6,0.6,0.3,0.2,1.2,1.1,6.5,-1.0,16.0,1,0,15.3,129,157,116,292,281,341,309,394,215,213,277,295,284,393,150,144,152,344,400,310,248,422,369,274,318,340,300,198,44,299,1,2024-25,Trey Lyles (2024-25),100.04,2807,,
1630530,Trey Murphy III,Trey,1610612740,NOP,25.0,53,14,39,0.264,35.0,7.2,15.8,0.454,3.0,8.3,0.361,3.8,4.3,0.887,0.9,4.2,5.1,3.5,1.9,1.1,0.7,0.5,2.1,3.5,21.2,-7.2,36.0,2,0,36.4,263,364,68,482,24,53,47,265,22,19,207,36,41,56,229,91,121,103,83,86,80,151,146,50,40,552,55,159,44,49,1,2024-25,Trey Murphy III (2024-25),102.03,3941,,
202684,Tristan Thompson,Tristan,1610612739,CLE,34.0,40,31,9,0.775,8.2,0.8,1.8,0.437,0.0,0.1,0.0,0.2,0.8,0.233,0.8,2.6,3.4,0.6,0.4,0.1,0.3,0.2,0.9,0.6,1.7,-2.1,7.3,0,0,6.3,342,186,454,48,479,499,508,324,499,526,499,507,393,542,262,256,262,470,472,539,289,418,443,430,517,421,471,281,44,478,1,2024-25,Tristan Thompson (2024-25),100.56,688,,
1641774,Tristan Vukcevic,Tristan,1610612764,WAS,22.0,35,7,28,0.2,14.6,3.4,6.9,0.496,1.1,2.9,0.373,1.5,1.9,0.776,0.7,3.0,3.7,1.1,1.2,0.3,0.7,0.3,1.6,1.7,9.4,-3.6,17.3,1,0,17.3,381,460,209,520,376,207,248,144,242,261,163,167,180,260,278,201,220,361,199,445,101,342,271,179,207,482,275,198,44,262,1,2024-25,Tristan Vukcevic (2024-25),102.79,1099,,
1641783,Tristan da Silva,Tristan,1610612753,ORL,24.0,74,35,39,0.473,22.0,2.7,6.5,0.412,1.1,3.2,0.335,0.7,0.9,0.873,1.0,2.3,3.3,1.5,0.8,0.4,0.2,0.3,1.3,0.8,7.2,-1.7,14.8,1,0,14.5,71,149,68,311,233,287,265,411,243,229,295,325,363,80,194,298,269,284,322,386,320,281,360,359,285,395,324,198,44,320,1,2024-25,Tristan da Silva (2024-25),96.97,3295,,
1641803,Tristen Newton,Tristen,1610612750,MIN,24.0,8,2,6,0.25,2.0,0.1,1.0,0.125,0.0,0.4,0.0,0.1,0.1,1.0,0.3,0.3,0.5,0.3,0.3,0.1,0.0,0.1,0.5,0.1,0.4,-0.6,1.5,0,0,1.4,516,525,481,489,566,557,549,556,499,494,499,528,538,1,491,559,551,534,507,518,519,458,509,542,558,297,561,281,44,562,2,2024-25,Tristen Newton (2024-25),123.38,42,,
1629660,Ty Jerome,Ty,1610612739,CLE,27.0,70,55,15,0.786,19.9,4.6,8.8,0.516,1.6,3.6,0.439,1.8,2.1,0.872,0.7,1.8,2.5,3.4,1.3,1.1,0.0,0.4,1.5,1.8,12.5,4.3,22.7,0,0,22.3,118,11,382,40,273,141,161,98,155,196,20,131,154,81,284,373,365,110,175,72,510,234,325,163,132,57,172,281,44,162,1,2024-25,Ty Jerome (2024-25),101.92,2960,,
1631102,TyTy Washington Jr.,TyTy,1610612756,PHX,23.0,16,4,12,0.25,7.4,0.9,2.8,0.311,0.3,1.3,0.19,0.2,0.4,0.5,0.3,0.6,0.8,1.0,0.2,0.2,0.0,0.0,0.3,0.3,2.2,0.1,5.0,0,0,4.6,469,493,414,489,494,489,461,532,432,391,480,504,485,506,491,529,527,384,530,500,519,522,540,521,495,226,508,281,44,509,1,2024-25,TyTy Washington Jr. (2024-25),98.56,240,,
1629639,Tyler Herro,Tyler,1610612748,MIA,25.0,77,37,40,0.481,35.4,8.5,17.9,0.472,3.3,8.7,0.375,3.7,4.2,0.878,0.5,4.7,5.2,5.5,2.6,0.9,0.2,1.0,1.1,2.9,23.9,1.3,39.2,9,0,40.1,43,124,59,307,18,23,25,204,12,14,156,40,49,73,408,72,115,37,42,153,339,33,397,74,26,149,39,71,44,28,1,2024-25,Tyler Herro (2024-25),97.78,5564,,
1642278,Tyler Kolek,Tyler,1610612752,NYK,24.0,41,27,14,0.659,7.2,0.7,2.0,0.329,0.3,1.1,0.298,0.3,0.4,0.765,0.2,0.5,0.7,1.7,0.4,0.3,0.1,0.1,0.6,0.5,2.0,0.0,6.1,0,0,5.5,336,232,392,92,498,519,492,518,407,404,384,465,471,283,520,544,540,254,443,458,464,501,488,441,505,240,489,281,44,494,1,2024-25,Tyler Kolek (2024-25),102.35,632,,
1641890,Tyler Smith,Tyler,1610612749,MIL,20.0,23,12,11,0.522,5.3,1.0,2.2,0.48,0.6,1.3,0.433,0.3,0.3,0.75,0.3,0.8,1.1,0.2,0.3,0.1,0.2,0.0,0.5,0.3,2.9,0.3,5.0,0,0,5.3,438,393,425,255,523,475,486,177,352,392,28,484,494,310,488,497,500,547,474,517,390,518,514,507,472,207,507,281,44,497,1,2024-25,Tyler Smith (2024-25),105.22,261,,
1630169,Tyrese Haliburton,Tyrese,1610612754,IND,25.0,73,46,27,0.63,33.6,6.5,13.8,0.473,3.0,7.7,0.388,2.6,3.0,0.851,0.6,3.0,3.5,9.2,1.6,1.4,0.7,0.3,1.3,2.4,18.6,3.0,41.4,31,0,38.6,86,45,222,121,42,70,67,200,20,25,118,81,97,105,343,203,241,3,116,30,95,293,364,108,62,85,27,18,44,33,1,2024-25,Tyrese Haliburton (2024-25),100.82,5165,,
1631213,Tyrese Martin,Tyrese,1610612751,BKN,26.0,60,16,44,0.267,21.9,3.2,7.8,0.406,1.7,4.7,0.351,0.8,1.0,0.793,1.0,2.7,3.7,2.0,1.2,0.6,0.2,0.3,1.3,0.8,8.7,-4.3,17.1,1,0,17.5,206,340,42,480,235,242,204,424,146,128,243,315,332,230,201,237,230,205,190,321,415,348,358,345,239,505,278,198,44,255,1,2024-25,Tyrese Martin (2024-25),98.64,2711,,
1630178,Tyrese Maxey,Tyrese,1610612755,PHI,24.0,52,20,32,0.385,37.7,9.2,21.0,0.437,3.1,9.2,0.337,4.9,5.6,0.879,0.3,3.1,3.3,6.1,2.4,1.8,0.4,1.2,2.2,4.3,26.3,-2.4,43.6,8,1,43.2,267,296,143,400,1,11,3,322,15,8,290,21,23,69,479,189,263,22,57,9,215,11,117,27,8,435,15,77,20,16,1,2024-25,Tyrese Maxey (2024-25),98.34,4024,,
1630623,Tyson Etienne,Tyson,1610612751,BKN,25.0,7,1,6,0.143,21.6,2.4,7.4,0.327,1.9,6.3,0.295,1.1,1.4,0.8,0.4,0.9,1.3,1.7,1.1,0.4,0.1,0.3,2.4,1.1,7.9,-10.0,12.5,0,0,13.9,521,539,481,541,240,320,224,521,105,51,388,222,246,213,417,490,483,251,212,398,420,317,67,275,267,567,370,281,44,333,1,2024-25,Tyson Etienne (2024-25),105.16,330,,
1626145,Tyus Jones,Tyus,1610612756,PHX,29.0,81,36,45,0.444,26.8,3.8,8.4,0.448,2.0,5.0,0.414,0.6,0.7,0.895,0.5,1.9,2.4,5.3,1.1,0.9,0.1,0.3,0.8,0.9,10.2,-1.1,22.8,6,0,21.9,12,136,38,353,152,181,172,284,82,115,51,359,402,45,388,352,372,43,217,175,463,289,464,318,182,354,171,93,44,169,1,2024-25,Tyus Jones (2024-25),99.19,4500,,
1642279,Ulrich Chomche,Ulrich,1610612761,TOR,19.0,7,3,4,0.429,4.6,0.3,0.7,0.4,0.0,0.0,0.0,0.1,0.3,0.5,0.6,0.6,1.1,0.3,0.3,0.0,0.1,0.0,0.7,0.1,0.7,-3.4,2.7,0,0,2.4,521,508,507,365,533,550,559,445,499,542,499,523,512,506,345,528,497,530,499,541,420,522,473,540,553,476,547,281,44,549,1,2024-25,Ulrich Chomche (2024-25),94.73,65,,
203995,Vasilije Micic,Vasilije,1610612756,PHX,31.0,41,8,33,0.195,19.1,2.3,6.7,0.348,1.1,3.0,0.36,0.8,1.0,0.829,0.5,1.7,2.2,3.1,1.9,0.4,0.0,0.6,1.1,1.2,6.6,-3.0,13.1,1,0,13.7,336,445,130,526,292,338,259,510,238,250,210,289,314,142,391,386,394,123,90,423,519,147,399,268,317,456,354,198,44,337,2,2024-25,Vasilije Micic (2024-25),97.45,1590,,
1641705,Victor Wembanyama,Victor,1610612759,SAS,21.0,46,21,25,0.457,33.2,8.9,18.6,0.476,3.1,8.8,0.352,3.4,4.1,0.836,1.8,9.2,11.0,3.7,3.2,1.1,3.8,0.6,2.3,4.9,24.3,2.2,54.6,28,1,51.9,307,280,256,333,44,18,15,192,16,13,240,51,54,128,74,5,8,99,12,70,1,136,102,18,21,115,3,22,20,4,1,2024-25,Victor Wembanyama (2024-25),100.98,3222,,
1631246,Vince Williams Jr.,Vince,1610612763,MEM,24.0,27,10,17,0.37,18.5,2.5,6.2,0.401,1.0,3.5,0.274,0.7,0.9,0.792,0.8,2.8,3.6,2.0,1.2,0.4,0.3,0.3,1.7,1.3,6.6,0.2,14.9,1,0,14.7,421,419,360,411,312,312,282,443,274,207,419,342,356,232,258,219,233,204,192,388,304,339,258,249,313,220,322,198,44,315,1,2024-25,Vince Williams Jr. (2024-25),105.23,1090,,
1628427,Vlatko Čančar,Vlatko,1610612743,DEN,28.0,13,2,11,0.154,10.4,0.8,2.0,0.385,0.3,1.2,0.267,0.0,0.0,0.0,0.5,2.0,2.5,0.7,0.8,0.2,0.2,0.2,0.8,0.3,1.8,-1.4,6.1,0,0,6.1,489,525,425,539,451,501,492,473,412,402,425,544,548,544,404,339,366,448,299,486,408,439,466,505,511,377,486,281,44,480,1,2024-25,Vlatko Čančar (2024-25),102.84,292,,
1630249,Vít Krejčí,Vít,1610612737,ATL,25.0,57,28,29,0.491,20.2,2.5,5.1,0.497,1.6,3.6,0.437,0.6,0.8,0.711,0.4,2.4,2.7,2.6,0.9,0.6,0.5,0.1,1.8,0.7,7.2,-1.2,16.8,1,0,16.3,232,220,188,295,267,303,323,139,156,197,23,387,379,382,434,291,337,154,285,287,183,448,207,384,283,358,286,198,44,282,1,2024-25,Vít Krejčí (2024-25),102.63,2456,,
1631117,Walker Kessler,Walker,1610612762,UTA,23.0,58,14,44,0.241,30.0,4.8,7.2,0.663,0.1,0.6,0.176,1.4,2.6,0.52,4.6,7.6,12.2,1.7,1.5,0.6,2.4,0.7,2.2,2.2,11.1,-5.7,35.7,28,0,31.0,223,364,42,500,101,131,231,19,475,480,483,190,114,504,1,12,5,261,142,291,2,90,113,122,159,533,59,22,44,83,1,2024-25,Walker Kessler (2024-25),100.8,3656,,
1628976,Wendell Carter Jr.,Wendell,1610612753,ORL,26.0,68,31,37,0.456,25.9,3.3,7.2,0.46,0.5,2.3,0.234,1.9,2.6,0.737,2.2,5.0,7.2,2.0,1.1,0.8,0.6,0.5,2.9,2.6,9.1,-0.2,23.7,10,0,21.6,138,186,96,338,167,220,232,241,359,314,454,127,117,338,47,58,50,218,215,215,118,204,19,94,218,250,158,62,44,176,1,2024-25,Wendell Carter Jr. (2024-25),97.19,3554,,
1631111,Wendell Moore Jr.,Wendell,1610612766,CHA,23.0,36,11,25,0.306,13.9,1.6,3.5,0.468,0.4,1.1,0.341,0.5,0.6,0.818,0.8,1.8,2.6,1.2,0.8,0.6,0.1,0.3,0.9,0.5,4.2,-3.7,10.4,1,0,9.8,370,407,256,452,388,407,413,219,398,405,273,400,428,169,249,362,352,349,323,325,424,270,453,437,416,487,410,198,44,410,2,2024-25,Wendell Moore Jr. (2024-25),100.73,1045,,
1630214,Xavier Tillman,Xavier,1610612738,BOS,26.0,33,26,7,0.788,7.0,0.4,1.6,0.245,0.2,1.0,0.156,0.1,0.1,0.75,0.3,1.0,1.3,0.2,0.4,0.3,0.2,0.1,0.5,0.2,1.0,-0.4,3.9,0,0,3.7,390,240,467,38,500,545,521,547,464,436,488,537,539,310,472,460,480,544,451,434,412,461,504,538,540,268,525,281,44,525,1,2024-25,Xavier Tillman (2024-25),97.6,469,,
1642530,Yuki Kawamura,Yuki,1610612763,MEM,24.0,22,17,5,0.773,4.2,0.5,1.4,0.367,0.3,1.0,0.304,0.3,0.4,0.778,0.0,0.5,0.5,0.9,0.2,0.1,0.0,0.0,0.4,0.3,1.6,1.2,3.6,0,0,3.5,441,323,495,50,544,533,532,494,410,416,375,464,473,252,548,530,547,421,515,531,519,522,529,517,521,156,531,281,44,529,1,2024-25,Yuki Kawamura (2024-25),106.19,206,,
1641879,Yuri Collins,Yuri,1610612744,GSW,24.0,2,2,0,1.0,8.2,0.5,1.5,0.333,0.0,0.0,0.0,0.0,0.0,0.0,1.0,0.5,1.5,2.0,0.0,1.0,0.0,0.0,2.5,0.5,1.0,-2.5,8.8,0,0,6.5,557,525,561,1,480,533,525,514,499,542,499,544,548,544,183,534,453,208,551,101,519,522,57,442,541,439,445,281,44,476,1,2024-25,Yuri Collins (2024-25),104.54,36,,
1642274,Yves Missi,Yves,1610612740,NOP,21.0,73,19,54,0.26,26.8,3.7,6.7,0.547,0.0,0.0,0.0,1.7,2.8,0.623,3.5,4.7,8.2,1.4,1.1,0.5,1.3,0.9,2.0,2.3,9.1,-7.0,25.4,14,0,22.4,86,302,8,485,154,190,255,70,499,541,499,135,108,473,9,71,28,316,218,352,21,46,172,119,217,548,135,40,44,159,1,2024-25,Yves Missi (2024-25),99.85,4069,,
1642258,Zaccharie Risacher,Zaccharie,1610612737,ATL,20.0,75,38,37,0.507,24.6,4.8,10.4,0.458,1.6,4.6,0.355,1.4,2.0,0.711,1.1,2.4,3.6,1.2,1.2,0.7,0.5,0.7,2.0,1.4,12.6,-1.6,21.0,1,0,21.4,59,110,96,264,188,135,120,248,150,136,228,180,172,381,154,280,238,339,191,250,159,91,171,217,131,389,197,198,44,179,1,2024-25,Zaccharie Risacher (2024-25),104.57,4011,,
1628380,Zach Collins,Zach,1610612741,CHI,27.0,64,34,30,0.531,15.3,2.4,4.7,0.507,0.5,1.7,0.302,1.1,1.2,0.885,1.6,2.9,4.5,1.7,0.9,0.5,0.5,0.3,2.1,1.3,6.4,-0.5,16.1,4,0,14.9,170,157,176,246,360,329,351,115,366,371,378,243,276,59,88,207,157,250,269,381,185,305,160,242,330,278,297,116,44,307,2,2024-25,Zach Collins (2024-25),102.77,2083,,
1641744,Zach Edey,Zach,1610612763,MEM,23.0,66,35,31,0.53,21.5,3.8,6.6,0.58,0.3,0.8,0.346,1.4,1.9,0.709,3.5,4.8,8.3,1.0,1.3,0.5,1.3,0.5,2.8,1.8,9.2,2.5,24.9,12,0,22.5,156,149,158,248,243,178,263,51,428,457,255,189,178,387,8,67,27,398,169,336,24,195,30,159,214,107,142,53,44,158,1,2024-25,Zach Edey (2024-25),104.2,3074,,
203897,Zach LaVine,Zach,1610612758,SAC,30.0,74,32,42,0.432,35.2,8.4,16.5,0.511,3.2,7.2,0.446,3.2,3.9,0.825,0.3,4.0,4.3,4.2,2.8,0.8,0.2,0.6,1.6,3.1,23.3,-0.9,34.7,6,0,36.9,71,179,47,363,22,24,41,105,13,31,18,63,68,153,474,104,173,80,33,207,402,110,268,67,29,328,65,93,44,45,2,2024-25,Zach LaVine (2024-25),101.28,5493,,
1630192,Zeke Nnaji,Zeke,1610612743,DEN,24.0,57,36,21,0.632,10.7,1.2,2.5,0.496,0.3,0.9,0.327,0.5,0.8,0.614,0.6,1.0,1.6,0.4,0.2,0.4,0.7,0.2,1.1,0.7,3.2,-0.4,8.8,0,0,7.7,232,136,297,115,447,459,476,140,419,443,316,414,385,480,341,460,446,508,511,393,96,371,402,399,461,273,446,281,44,460,1,2024-25,Zeke Nnaji (2024-25),102.16,1293,,
1630533,Ziaire Williams,Ziaire,1610612751,BKN,23.0,63,22,41,0.349,24.5,3.4,8.3,0.412,1.6,4.8,0.341,1.6,2.0,0.821,1.0,3.6,4.6,1.3,1.1,1.0,0.4,0.6,2.4,1.8,10.0,-5.2,20.7,2,0,20.4,185,274,54,433,192,210,181,413,149,125,275,156,175,165,200,129,153,322,233,116,192,126,80,151,192,521,205,159,44,192,1,2024-25,Ziaire Williams (2024-25),97.77,3128,,
1629627,Zion Williamson,Zion,1610612740,NOP,24.0,30,10,20,0.333,28.6,9.6,16.9,0.567,0.1,0.4,0.231,5.3,8.0,0.656,2.5,4.7,7.2,5.3,3.0,1.2,0.9,2.0,2.7,5.7,24.6,-1.4,44.6,8,2,41.4,409,419,318,437,118,5,34,58,476,488,456,14,5,455,33,74,52,42,17,51,61,1,35,8,17,378,14,77,15,21,1,2024-25,Zion Williamson (2024-25),103.3,1841,,
1642389,Zyon Pullin,Zyon,1610612763,MEM,24.0,3,1,2,0.333,0.9,0.0,0.3,0.0,0.0,0.0,0.0,0.0,0.0,0.0,0.0,0.0,0.0,0.0,0.0,0.0,0.0,0.0,0.0,0.0,0.0,0.3,0.0,0,0,0.0,549,539,532,437,569,558,562,558,499,542,499,544,548,544,548,564,565,558,551,541,519,522,554,556,561,210,569,281,44,569,1,2024-25,Zyon Pullin (2024-25),110.7,6,,
1630639,A.J. Lawson,A.J.,1610612761,TOR,25.0,24,12,12,0.5,9.4,1.4,3.3,0.436,0.8,1.9,0.422,0.6,0.8,0.778,0.4,1.4,1.8,0.3,0.3,0.5,0.2,0.2,1.1,0.6,4.2,-0.4,8.5,0,0,8.4,433,395,419,303,486,454,442,363,316,362,53,413,425,284,450,423,443,554,529,373,399,445,439,450,445,286,481,284,38,467,1,2025-26,A.J. Lawson (2025-26),99.45,471,8.6,487.0
1631260,AJ Green,AJ,1610612749,MIL,26.0,78,31,47,0.397,29.1,3.4,7.9,0.424,3.0,7.1,0.419,0.7,0.8,0.855,0.4,2.4,2.7,1.9,1.0,0.5,0.1,0.2,2.3,1.0,10.4,-1.9,17.4,0,0,19.2,28,188,32,387,109,237,211,403,18,28,59,377,415,124,452,282,337,245,279,373,464,439,121,335,201,398,292,284,38,231,1,2025-26,AJ Green (2025-26),99.28,4704,18.8,290.0
1642358,AJ Johnson,AJ,1610612742,DAL,21.0,48,9,39,0.188,9.4,1.2,3.7,0.324,0.3,1.2,0.211,0.7,0.8,0.85,0.3,0.9,1.1,1.0,0.6,0.2,0.1,0.5,0.6,0.6,3.3,-1.1,6.4,0,0,6.3,310,432,76,538,485,486,421,552,456,436,487,368,403,132,487,506,510,409,398,508,503,178,520,456,475,339,502,284,38,501,2,2025-26,AJ Johnson (2025-26),102.05,968,7.3,500.0
203932,Aaron Gordon,Aaron,1610612743,DEN,30.0,36,27,9,0.75,27.9,5.5,11.1,0.497,1.7,4.4,0.389,3.5,4.5,0.767,1.4,4.4,5.8,2.7,1.1,0.6,0.3,0.4,1.7,3.4,16.2,7.6,28.7,4,0,28.1,384,225,455,46,129,101,119,168,128,151,123,54,52,309,115,82,82,162,246,325,295,254,274,66,88,12,113,114,38,111,1,2025-26,Aaron Gordon (2025-26),99.99,2096,29.9,124.0
1628988,Aaron Holiday,Aaron,1610612745,HOU,29.0,57,38,19,0.667,13.7,1.8,4.4,0.417,1.2,3.0,0.394,0.6,0.7,0.854,0.2,0.8,1.0,1.1,0.7,0.5,0.1,0.1,1.3,0.8,5.5,2.3,9.3,0,0,9.8,235,128,333,106,414,402,385,434,223,259,110,402,431,127,516,518,525,387,379,398,483,491,405,393,386,115,457,284,38,430,1,2025-26,Aaron Holiday (2025-26),99.63,1618,10.3,444.0
1630174,Aaron Nesmith,Aaron,1610612754,IND,26.0,45,10,35,0.222,29.7,4.7,11.4,0.414,2.3,6.2,0.379,2.0,2.5,0.829,1.1,3.1,4.2,1.9,1.4,0.6,0.5,0.8,2.8,2.6,13.8,-4.5,23.5,0,0,24.4,331,411,112,514,97,142,110,445,61,59,157,128,146,174,177,187,185,249,173,328,152,53,43,115,121,513,172,284,38,151,1,2025-26,Aaron Nesmith (2025-26),103.09,2871,25.0,175.0
1630598,Aaron Wiggins,Aaron,1610612760,OKC,27.0,65,50,15,0.769,21.8,3.6,8.2,0.431,1.5,4.2,0.356,0.8,1.1,0.736,0.6,2.4,3.1,1.7,1.2,0.9,0.4,0.4,1.3,0.9,9.4,2.7,18.4,0,0,18.3,166,32,382,34,250,220,197,381,163,167,235,340,338,365,335,273,293,277,212,150,187,222,402,373,227,97,269,284,38,257,1,2025-26,Aaron Wiggins (2025-26),101.47,2986,19.9,264.0
1642846,Ace Bailey,Ace,1610612762,UTA,19.0,72,19,53,0.264,27.6,5.5,12.4,0.443,1.9,5.5,0.344,0.9,1.2,0.75,1.4,2.8,4.2,1.8,1.5,0.8,0.7,0.4,2.7,1.2,13.8,-6.2,24.6,1,0,24.7,84,316,12,479,137,102,87,340,102,82,275,317,314,333,109,234,182,260,157,199,105,236,49,299,122,543,157,201,38,143,1,2025-26,Ace Bailey (2025-26),104.58,4337,26.2,159.0
1642380,Adama Bal,Adama,1610612763,MEM,22.0,8,1,7,0.125,30.2,3.5,8.5,0.412,2.3,5.5,0.409,1.1,1.3,0.9,0.8,2.4,3.1,2.4,0.8,1.1,0.1,0.5,3.4,1.4,10.4,-20.8,20.7,0,0,20.6,515,549,475,559,87,224,189,449,66,83,73,265,303,53,286,279,288,199,360,85,444,178,11,254,200,581,223,284,38,210,1,2025-26,Adama Bal (2025-26),105.82,530,22.0,223.0
1641737,Adem Bona,Adem,1610612755,PHI,23.0,71,41,30,0.577,17.4,1.8,3.1,0.595,0.0,0.1,0.333,1.1,1.6,0.708,1.8,2.5,4.3,0.5,0.8,0.4,1.2,0.4,2.2,1.4,4.8,-0.1,14.7,1,0,12.8,98,97,172,206,337,400,453,59,506,534,302,264,250,416,79,261,176,522,346,424,31,265,159,247,409,268,347,201,38,376,1,2025-26,Adem Bona (2025-26),102.35,2625,14.8,360.0
1642876,Adou Thiero,Adou,1610612747,LAL,22.0,25,15,10,0.6,6.0,0.6,1.2,0.516,0.0,0.1,0.333,0.6,0.9,0.636,0.4,0.8,1.1,0.4,0.4,0.3,0.1,0.2,0.8,0.6,1.9,-1.3,4.5,0,0,4.2,429,365,440,174,543,547,559,122,502,528,302,420,393,486,456,524,516,530,495,488,488,415,500,443,538,355,542,284,38,543,1,2025-26,Adou Thiero (2025-26),100.41,315,4.9,542.0
1642349,Ajay Mitchell,Ajay,1610612760,OKC,24.0,57,50,7,0.877,25.8,5.0,10.4,0.485,1.1,3.1,0.347,2.5,2.8,0.87,0.7,2.6,3.3,3.6,1.4,1.2,0.3,0.5,2.1,2.6,13.6,8.8,26.3,1,0,24.7,235,32,475,5,172,126,134,197,251,245,268,95,118,98,314,245,264,97,169,59,265,207,180,104,129,6,138,201,38,144,1,2025-26,Ajay Mitchell (2025-26),102.48,3149,28.8,131.0
201143,Al Horford,Al,1610612744,GSW,40.0,45,22,23,0.489,21.5,3.1,7.2,0.426,1.6,4.6,0.361,0.5,0.6,0.846,1.0,3.9,4.9,2.6,0.9,0.7,1.1,0.2,1.1,0.5,8.3,-0.2,22.4,0,0,21.0,331,277,275,334,255,272,242,394,138,135,219,441,462,136,206,119,147,177,286,276,32,464,437,485,271,277,188,284,38,204,1,2025-26,Al Horford (2025-26),101.08,2045,23.7,193.0
1630828,Alex Antetokounmpo,Alex,1610612749,MIL,24.0,6,2,4,0.333,3.4,0.5,1.3,0.375,0.3,1.2,0.286,1.8,2.5,0.733,0.3,0.7,1.0,0.2,0.2,0.0,0.2,0.0,0.2,1.2,3.2,0.8,5.0,0,0,5.0,527,526,509,419,572,554,555,513,429,437,428,152,136,370,467,534,526,569,548,564,399,540,577,303,483,191,535,284,38,522,1,2025-26,Alex Antetokounmpo (2025-26),108.15,46,5.0,537.0
1627936,Alex Caruso,Alex,1610612760,OKC,32.0,56,47,9,0.839,18.2,2.3,5.4,0.423,0.9,3.2,0.293,0.7,0.9,0.804,0.5,2.3,2.8,2.0,0.9,1.3,0.3,0.2,1.2,1.0,6.2,6.8,16.4,0,0,15.1,247,44,455,9,327,357,334,405,286,230,422,364,381,221,379,295,330,242,315,54,275,403,417,356,349,22,310,284,38,324,1,2025-26,Alex Caruso (2025-26),102.74,2183,17.7,312.0
1631457,Alex Morales,Alex,1610612753,ORL,28.0,4,3,1,0.75,5.9,0.8,1.8,0.429,0.0,0.3,0.0,0.5,0.5,1.0,0.3,0.5,0.8,1.0,1.0,0.0,0.0,0.3,1.8,0.3,2.0,2.0,3.4,0,0,3.8,551,503,556,46,545,528,538,385,517,518,517,435,481,1,504,550,550,394,257,564,524,372,266,531,531,120,560,284,38,553,1,2025-26,Alex Morales (2025-26),99.73,49,4.8,544.0
1642259,Alex Sarr,Alex,1610612764,WAS,21.0,48,11,37,0.229,27.2,6.6,13.7,0.482,1.0,3.1,0.333,2.1,3.0,0.692,2.2,5.2,7.4,2.7,1.7,0.8,2.0,1.3,2.2,2.6,16.3,-7.3,35.9,12,0,33.0,310,406,93,510,145,60,62,206,257,241,302,122,102,437,51,47,45,160,121,204,2,6,148,106,86,557,47,47,38,62,1,2025-26,Alex Sarr (2025-26),103.35,2808,37.5,60.0
1642918,Alijah Martin,Alijah,1610612761,TOR,24.0,23,10,13,0.435,6.3,0.7,2.2,0.32,0.2,0.9,0.19,0.7,0.8,0.789,0.4,0.5,0.9,0.5,0.3,0.3,0.2,0.1,0.5,0.5,2.2,-0.6,5.3,0,0,4.9,436,411,409,365,537,538,520,554,474,465,496,390,405,250,440,549,539,508,498,461,392,486,540,466,524,300,528,284,38,528,1,2025-26,Alijah Martin (2025-26),98.07,299,5.7,528.0
1631214,Alondes Williams,Alondes,1610612764,WAS,27.0,4,2,2,0.5,25.2,4.0,6.5,0.615,1.3,3.5,0.357,1.8,2.0,0.875,1.3,5.0,6.3,3.0,1.3,0.8,0.8,0.0,1.0,1.5,11.0,8.8,26.3,1,0,24.5,551,526,540,303,184,190,278,44,206,209,232,164,189,87,137,55,72,138,207,234,85,540,462,226,187,7,140,201,38,146,1,2025-26,Alondes Williams (2025-26),103.59,218,27.8,143.0
1630578,Alperen Sengun,Alperen,1610612745,HOU,23.0,72,46,26,0.639,33.3,8.1,15.6,0.519,0.6,1.8,0.305,3.6,5.2,0.691,3.0,5.9,8.9,6.2,3.2,1.2,1.1,0.9,3.3,5.1,20.4,2.8,43.9,34,4,40.5,84,52,232,140,32,23,39,119,380,373,397,50,39,438,22,28,22,25,16,73,38,42,15,18,39,92,16,9,7,22,1,2025-26,Alperen Sengun (2025-26),98.02,4914,48.4,13.0
1642873,Amari Williams,Amari,1610612738,BOS,24.0,22,15,7,0.682,6.6,0.5,0.9,0.5,0.0,0.0,0.0,0.5,0.6,0.714,0.4,1.4,1.8,0.5,0.5,0.1,0.5,0.1,0.9,0.6,1.4,-2.6,5.5,0,0,4.8,440,365,475,94,531,561,571,156,517,548,517,454,448,400,426,425,440,520,444,543,178,507,486,438,556,437,524,284,38,529,1,2025-26,Amari Williams (2025-26),102.44,309,5.9,526.0
1641708,Amen Thompson,Amen,1610612745,HOU,23.0,79,49,30,0.62,37.4,7.1,13.2,0.534,0.3,1.5,0.216,3.8,4.9,0.779,3.0,4.8,7.8,5.3,2.4,1.5,0.6,0.9,2.2,3.7,18.3,4.7,39.5,20,0,35.9,25,37,172,160,2,46,71,99,438,407,483,45,44,281,23,65,35,45,52,24,126,44,140,48,60,49,35,21,38,41,1,2025-26,Amen Thompson (2025-26),98.4,6040,43.0,33.0
1629599,Amir Coffey,Amir,1610612756,PHX,29.0,46,20,26,0.435,10.7,1.2,2.5,0.487,0.4,1.1,0.347,0.5,0.6,0.786,0.4,0.8,1.2,0.6,0.2,0.2,0.1,0.0,0.7,0.5,3.2,-0.7,6.3,0,0,6.0,324,302,232,365,468,483,495,192,426,452,266,446,456,264,424,511,498,491,545,526,456,533,516,487,482,309,504,284,38,507,2,2025-26,Amir Coffey (2025-26),98.4,1001,6.6,508.0
1643158,Andersson Garcia,Andersson,1610612762,UTA,25.0,5,1,4,0.2,33.8,1.8,5.8,0.31,0.2,2.6,0.077,1.4,1.8,0.778,3.4,5.0,8.4,2.8,1.4,1.6,0.8,0.6,3.2,2.6,5.2,-7.4,25.3,0,0,21.4,539,549,509,526,23,408,310,558,466,297,515,209,219,284,11,55,28,150,173,16,75,125,21,107,397,560,148,284,38,195,1,2025-26,Andersson Garcia (2025-26),103.68,364,26.4,157.0
203083,Andre Drummond,Andre,1610612755,PHI,32.0,63,33,30,0.524,19.5,2.5,5.3,0.472,0.5,1.4,0.356,0.8,1.3,0.631,3.2,5.3,8.4,1.3,1.0,0.6,0.8,0.3,2.0,1.3,6.4,-1.4,21.6,17,0,19.4,194,175,172,284,305,326,335,239,391,412,235,334,290,491,15,45,27,351,278,316,80,296,213,263,343,359,207,30,38,226,1,2025-26,Andre Drummond (2025-26),100.54,2577,21.5,232.0
1641748,Andre Jackson Jr.,Andre,1610612749,MIL,24.0,48,12,36,0.25,8.5,0.8,2.5,0.328,0.3,1.3,0.25,0.4,0.7,0.625,0.5,1.0,1.5,0.9,0.6,0.4,0.1,0.1,0.9,0.6,2.4,-1.5,6.3,0,0,6.0,310,395,102,485,508,522,493,549,439,430,458,465,439,492,375,492,478,429,391,437,485,488,481,456,518,367,505,284,38,508,1,2025-26,Andre Jackson Jr. (2025-26),100.27,849,7.1,504.0
1629614,Andrew Nembhard,Andrew,1610612754,IND,26.0,57,13,44,0.228,31.3,5.8,13.2,0.442,1.9,5.2,0.361,3.4,4.1,0.825,0.4,2.4,2.8,7.7,2.4,0.9,0.1,0.7,2.2,3.3,16.9,-6.9,32.5,13,0,31.4,235,384,43,511,60,82,72,342,108,102,218,57,58,187,413,280,324,9,53,166,430,96,141,70,76,550,76,42,38,76,1,2025-26,Andrew Nembhard (2025-26),102.27,3799,38.2,55.0
203952,Andrew Wiggins,Andrew,1610612748,MIA,31.0,68,35,33,0.515,30.3,5.7,12.1,0.475,2.0,4.9,0.414,1.9,2.4,0.784,1.7,3.1,4.8,2.7,1.5,1.1,1.0,0.6,2.3,1.9,15.4,0.1,30.1,2,0,29.2,135,162,135,290,82,87,92,229,81,116,63,148,157,270,83,182,148,161,148,87,40,124,122,180,93,241,99,159,38,97,1,2025-26,Andrew Wiggins (2025-26),104.97,4517,32.0,103.0
1629014,Anfernee Simons,Anfernee,1610612741,CHI,27.0,55,31,24,0.564,24.9,5.2,11.8,0.44,2.7,6.9,0.385,1.3,1.4,0.896,0.6,1.9,2.5,2.4,1.2,0.5,0.1,0.5,1.7,1.1,14.3,1.8,21.5,0,0,23.1,258,188,258,227,191,121,98,349,36,34,137,237,282,59,354,351,375,193,214,392,422,176,278,317,109,134,208,284,38,165,2,2025-26,Anfernee Simons (2025-26),97.42,2791,23.5,197.0
1641710,Anthony Black,Anthony,1610612753,ORL,22.0,64,36,28,0.563,29.8,5.4,12.1,0.447,1.6,4.7,0.333,2.6,3.6,0.732,0.7,3.1,3.8,3.7,2.1,1.4,0.7,0.8,2.7,2.9,15.0,-0.2,29.4,2,0,28.3,180,151,205,229,93,107,93,325,143,126,302,87,76,375,299,188,220,92,76,36,98,46,54,80,101,280,106,159,38,107,1,2025-26,Anthony Black (2025-26),101.05,4012,32.5,96.0
203076,Anthony Davis,Anthony,1610612764,WAS,33.0,20,10,10,0.5,31.3,8.5,16.7,0.506,0.5,1.9,0.27,3.0,4.1,0.728,3.1,8.0,11.1,2.8,2.1,1.1,1.7,0.7,2.1,4.4,20.4,-2.5,44.0,13,0,40.2,449,411,440,303,63,21,27,145,393,366,444,73,63,381,18,8,8,150,77,95,9,88,173,33,40,423,13,42,38,24,1,2025-26,Anthony Davis (2025-26),101.27,1325,45.3,25.0
1630162,Anthony Edwards,Anthony,1610612750,MIN,24.0,61,37,24,0.607,35.0,9.9,20.2,0.489,3.4,8.4,0.399,5.7,7.2,0.796,0.6,4.4,5.0,3.7,2.9,1.4,0.8,0.5,1.9,4.5,28.8,2.7,43.9,2,0,45.1,210,136,258,170,10,7,4,187,6,11,99,17,14,237,343,85,141,90,26,44,74,198,226,29,3,100,15,159,38,10,1,2025-26,Anthony Edwards (2025-26),101.5,4520,47.7,18.0
1630264,Anthony Gill,Anthony,1610612764,WAS,33.0,55,6,49,0.109,17.3,2.5,3.9,0.628,0.3,0.9,0.354,0.6,0.8,0.739,1.1,1.8,2.9,1.3,0.7,0.6,0.4,0.4,1.6,1.1,5.8,-5.3,13.3,0,0,12.2,258,461,19,561,342,334,410,37,441,470,242,400,402,362,182,365,319,353,387,340,222,237,312,330,364,532,371,284,38,384,1,2025-26,Anthony Gill (2025-26),104.11,2064,14.1,373.0
1641810,Antonio Reeves,Antonio,1610612766,CHA,25.0,10,4,6,0.4,6.8,1.0,2.0,0.5,0.7,1.3,0.538,0.0,0.0,0.0,0.2,0.6,0.8,0.3,0.1,0.1,0.0,0.1,0.3,0.0,2.7,2.9,4.3,0,0,4.7,500,487,485,384,530,500,527,156,337,429,11,563,564,563,531,541,548,551,558,554,524,500,564,571,507,90,546,284,38,532,1,2025-26,Antonio Reeves (2025-26),93.27,133,4.4,550.0
1630574,Ariel Hukporti,Ariel,1610612752,NYK,24.0,54,35,19,0.648,9.2,0.8,1.5,0.563,0.0,0.1,0.25,0.5,0.6,0.788,1.0,1.9,2.9,0.5,0.6,0.2,0.5,0.1,1.2,0.6,2.2,0.6,7.9,0,0,7.0,266,162,333,131,490,518,552,79,510,535,458,445,454,257,186,350,312,504,409,531,167,470,413,447,527,205,489,284,38,495,1,2025-26,Ariel Hukporti (2025-26),100.1,1040,8.1,492.0
1642854,Asa Newell,Asa,1610612737,ATL,20.0,44,23,21,0.523,11.4,2.1,3.8,0.538,0.7,1.7,0.387,0.4,0.7,0.552,1.0,1.2,2.2,0.6,0.5,0.4,0.3,0.3,1.5,0.7,5.2,-1.0,10.3,2,0,10.0,336,268,305,286,457,378,412,96,350,387,129,478,445,522,193,454,405,490,436,451,243,315,350,415,403,334,433,159,38,425,1,2025-26,Asa Newell (2025-26),105.72,1100,10.6,439.0
1641709,Ausar Thompson,Ausar,1610612765,DET,23.0,73,53,20,0.726,26.0,4.2,7.9,0.525,0.1,0.3,0.25,1.5,2.6,0.571,2.1,3.7,5.7,3.1,1.5,2.0,0.9,0.6,2.7,2.1,9.9,5.4,28.8,3,0,24.7,78,19,322,69,170,180,212,108,495,513,458,198,134,514,58,139,85,130,149,4,52,139,45,150,219,37,111,128,38,145,1,2025-26,Ausar Thompson (2025-26),100.86,3955,30.7,116.0
1630559,Austin Reaves,Austin,1610612747,LAL,28.0,51,36,15,0.706,34.5,7.3,14.9,0.49,2.3,6.4,0.36,6.3,7.3,0.871,0.6,4.1,4.7,5.5,3.0,1.1,0.4,0.7,2.2,5.4,23.3,3.6,38.7,6,0,38.8,291,151,382,82,16,38,47,185,62,51,223,10,13,97,328,103,155,38,21,96,212,78,157,14,24,70,37,84,38,31,1,2025-26,Austin Reaves (2025-26),100.41,3684,43.4,31.0
1630245,Ayo Dosunmu,Ayo,1610612750,MIN,26.0,69,36,33,0.522,27.3,5.6,10.8,0.517,1.8,4.1,0.439,1.8,2.1,0.876,0.7,2.8,3.4,3.6,1.4,0.8,0.3,0.8,1.9,1.5,14.8,-1.0,26.3,2,1,25.8,118,151,135,287,140,96,124,121,118,175,35,151,182,86,318,232,254,98,176,198,306,47,236,232,104,333,139,159,23,129,2,2025-26,Ayo Dosunmu (2025-26),103.16,4040,28.8,132.0
1628389,Bam Adebayo,Bam,1610612748,MIA,28.0,73,37,36,0.507,32.4,6.9,15.7,0.442,1.7,5.5,0.318,4.5,5.8,0.778,2.0,8.0,10.0,3.2,1.6,1.2,0.7,0.5,1.7,4.6,20.1,4.5,40.8,35,0,38.8,78,136,102,301,45,52,37,343,124,86,369,36,30,284,60,7,15,129,130,75,109,177,292,26,43,51,25,8,38,32,1,2025-26,Bam Adebayo (2025-26),103.89,5127,42.0,38.0
1631248,Baylor Scheierman,Baylor,1610612738,BOS,25.0,77,54,23,0.701,18.6,2.0,4.3,0.453,1.3,3.2,0.399,0.4,0.4,0.903,0.7,2.8,3.5,1.5,0.6,0.5,0.1,0.1,1.4,0.9,5.5,2.6,13.3,4,0,13.1,37,13,275,83,318,389,387,301,205,239,97,478,503,49,297,233,244,302,406,355,490,528,369,360,381,107,372,114,38,368,1,2025-26,Baylor Scheierman (2025-26),96.77,2877,13.9,377.0
1642879,Ben Saraf,Ben,1610612751,BKN,20.0,44,10,34,0.227,20.8,2.7,6.9,0.396,0.4,2.0,0.211,1.7,2.0,0.83,0.5,1.6,2.1,3.3,2.3,0.9,0.2,1.1,1.8,1.6,7.5,-5.4,15.9,0,0,15.5,336,411,125,513,272,306,252,486,411,344,486,177,189,171,406,399,412,119,64,184,382,19,250,218,300,535,325,284,38,318,1,2025-26,Ben Saraf (2025-26),100.13,1912,19.4,273.0
1641767,Ben Sheppard,Ben,1610612754,IND,24.0,65,16,49,0.246,21.4,2.6,6.0,0.434,1.3,3.6,0.362,0.6,0.8,0.765,0.7,2.3,3.0,1.8,0.6,0.6,0.1,0.4,1.8,0.7,7.1,-4.1,14.7,0,0,14.5,166,348,19,495,259,319,305,374,197,202,214,405,419,315,325,286,301,270,394,317,476,256,264,432,322,502,346,284,38,340,1,2025-26,Ben Sheppard (2025-26),104.23,3019,15.6,346.0
1631097,Bennedict Mathurin,Bennedict,1610612746,LAC,24.0,54,22,32,0.407,30.0,5.4,12.5,0.43,1.4,4.4,0.315,5.4,6.2,0.869,1.0,4.4,5.4,2.4,2.2,0.8,0.2,0.6,2.5,4.4,17.6,-2.7,28.6,3,0,28.9,266,277,149,380,89,108,82,384,181,147,378,18,21,100,191,81,108,196,69,214,327,131,75,30,66,440,114,128,38,100,2,2025-26,Bennedict Mathurin (2025-26),101.15,3408,30.9,112.0
1643016,Bez Mbeng,Bez,1610612762,UTA,23.0,15,2,13,0.133,32.8,3.3,6.7,0.5,0.4,2.1,0.194,1.1,1.7,0.64,1.2,2.6,3.8,4.1,1.5,2.3,0.3,0.3,3.1,1.9,8.1,-9.9,25.2,1,1,21.7,465,526,409,557,42,239,264,156,419,336,494,279,240,485,149,249,222,68,161,2,245,296,26,178,279,573,150,201,23,190,1,2025-26,Bez Mbeng (2025-26),107.42,1100,28.0,140.0
1641731,Bilal Coulibaly,Bilal,1610612764,WAS,21.0,56,14,42,0.25,26.2,4.1,9.7,0.425,1.2,3.6,0.319,2.4,3.2,0.746,0.9,3.5,4.3,2.6,1.4,1.3,1.0,0.6,2.3,2.4,11.7,-7.4,26.3,0,0,24.4,247,374,57,485,164,186,148,398,227,196,364,105,98,352,242,148,175,173,163,48,49,147,112,127,171,558,136,284,38,149,1,2025-26,Bilal Coulibaly (2025-26),104.43,3190,28.2,137.0
202687,Bismack Biyombo,Bismack,1610612759,SAS,33.0,25,20,5,0.8,5.7,0.4,0.6,0.6,0.0,0.0,0.0,0.2,0.3,0.714,0.2,0.8,1.0,0.2,0.3,0.2,0.1,0.1,1.1,0.3,0.9,-4.0,2.9,0,0,2.6,429,302,501,20,549,568,579,49,517,548,517,521,527,400,531,509,520,566,512,536,488,513,449,518,569,496,568,284,38,568,1,2025-26,Bismack Biyombo (2025-26),99.67,292,3.1,569.0
1642396,Blake Hinson,Blake,1610612762,UTA,26.0,14,4,10,0.286,20.4,4.2,8.2,0.513,2.6,5.6,0.468,0.9,1.1,0.75,0.8,1.6,2.4,1.1,0.4,0.4,0.1,0.3,1.7,1.0,11.9,3.2,17.6,0,0,19.1,472,487,440,454,286,173,198,133,38,80,25,329,332,333,274,406,382,372,496,454,423,328,276,341,163,78,286,284,38,237,1,2025-26,Blake Hinson (2025-26),104.01,620,18.1,307.0
1631104,Blake Wesley,Blake,1610612757,POR,23.0,31,20,11,0.645,11.6,1.8,4.0,0.452,0.3,1.2,0.278,0.8,1.5,0.553,0.3,1.0,1.3,2.0,1.0,0.5,0.2,0.3,1.1,1.4,4.8,-2.5,10.3,0,0,9.7,407,302,432,135,450,407,403,307,437,439,438,335,260,521,502,477,495,233,257,368,406,311,446,248,410,425,431,284,38,434,1,2025-26,Blake Wesley (2025-26),105.83,791,12.1,410.0
1626171,Bobby Portis Jr.,Bobby,1610612749,MIL,31.0,67,26,41,0.388,24.2,5.5,11.2,0.488,2.0,4.4,0.456,0.7,1.0,0.706,1.3,5.1,6.4,1.6,1.0,0.6,0.2,0.3,1.6,1.0,13.7,-4.0,25.1,11,0,25.2,147,231,61,395,203,104,114,190,85,145,28,366,358,417,129,52,68,297,274,309,385,307,301,340,125,494,152,53,38,135,1,2025-26,Bobby Portis Jr. (2025-26),98.78,3336,25.6,168.0
1641752,Bobi Klintman,Bobi,1610612765,DET,23.0,12,8,4,0.667,5.9,0.8,2.3,0.333,0.3,1.1,0.308,0.0,0.3,0.0,0.4,1.2,1.6,0.5,0.5,0.3,0.0,0.3,0.9,0.4,1.8,-0.4,4.7,0,0,4.8,485,440,509,106,544,528,514,539,429,451,388,563,529,563,423,456,468,510,444,498,524,296,477,498,540,289,539,284,38,531,1,2025-26,Bobi Klintman (2025-26),106.92,160,5.2,533.0
203992,Bogdan Bogdanović,Bogdan,1610612746,LAC,33.0,23,8,15,0.348,19.7,2.6,6.6,0.388,1.4,4.1,0.347,0.9,1.1,0.8,0.3,2.3,2.6,2.2,1.2,0.4,0.1,0.3,2.0,1.2,7.4,-1.3,14.4,0,0,14.8,436,440,382,412,301,323,267,499,174,170,263,323,342,229,499,290,353,213,225,418,438,321,203,301,305,351,353,284,38,334,1,2025-26,Bogdan Bogdanović (2025-26),96.68,915,16.1,336.0
1630538,Bones Hyland,Bones,1610612750,MIN,25.0,71,42,29,0.592,16.6,3.0,6.6,0.453,1.6,4.2,0.388,0.9,1.2,0.78,0.3,1.5,1.8,2.6,1.0,0.6,0.2,0.4,1.7,1.1,8.5,1.7,16.2,0,0,16.3,98,87,189,190,358,289,273,304,139,160,127,320,328,278,477,418,445,168,273,307,329,233,286,324,260,137,311,284,38,294,1,2025-26,Bones Hyland (2025-26),102.82,2518,18.2,304.0
203078,Bradley Beal,Bradley,1610612746,LAC,33.0,6,2,4,0.333,20.2,3.0,8.0,0.375,1.2,3.2,0.368,1.0,1.3,0.75,0.3,0.5,0.8,1.7,1.5,0.5,0.0,0.2,2.3,1.8,8.2,-3.8,11.7,0,0,12.8,527,526,509,419,289,280,206,513,224,236,192,286,290,333,467,550,542,278,150,373,524,445,108,183,277,487,403,284,38,375,1,2025-26,Bradley Beal (2025-26),97.65,246,13.8,381.0
1642382,Branden Carlson,Branden,1610612760,OKC,27.0,42,32,10,0.762,11.6,2.3,4.4,0.527,0.7,2.0,0.36,0.4,0.6,0.577,0.7,2.3,3.0,0.7,0.4,0.2,0.6,0.3,0.9,0.5,5.8,-0.6,12.5,3,0,11.8,348,182,440,40,451,349,384,107,325,342,220,481,451,512,317,296,311,474,492,527,115,328,487,482,370,297,385,128,38,393,1,2025-26,Branden Carlson (2025-26),102.2,1038,12.6,403.0
1641764,Brandin Podziemski,Brandin,1610612744,GSW,23.0,82,37,45,0.451,28.4,4.8,10.6,0.455,1.9,5.0,0.371,2.3,2.9,0.797,0.9,4.2,5.1,3.7,1.6,1.1,0.2,0.4,1.7,2.8,13.8,0.2,27.7,5,0,27.0,1,136,36,358,119,137,129,297,110,111,184,106,108,234,233,94,129,88,135,103,380,281,297,86,120,235,123,96,38,118,1,2025-26,Brandin Podziemski (2025-26),101.31,4933,30.1,121.0
1629634,Brandon Clarke,Brandon,1610612763,MEM,29.0,2,1,1,0.5,10.2,1.5,4.5,0.333,0.0,0.0,0.0,1.0,2.0,0.5,2.0,1.0,3.0,0.5,0.0,1.0,0.0,1.5,2.5,1.5,4.0,-6.0,11.4,0,0,9.5,572,549,556,303,474,445,375,539,517,548,517,286,189,531,63,477,301,510,562,121,524,2,79,226,449,539,410,284,38,439,1,2025-26,Brandon Clarke (2025-26),116.25,49,11.0,429.0
1627742,Brandon Ingram,Brandon,1610612761,TOR,28.0,77,43,34,0.558,33.8,8.0,16.7,0.477,1.8,4.6,0.382,3.8,4.6,0.82,0.8,4.8,5.6,3.7,2.4,0.8,0.7,0.9,1.9,3.6,21.5,0.6,35.7,2,0,35.5,37,75,125,234,22,25,26,221,120,133,150,47,49,199,256,67,95,91,50,233,97,41,229,53,30,211,49,159,38,43,1,2025-26,Brandon Ingram (2025-26),98.87,5360,38.9,51.0
1641706,Brandon Miller,Brandon,1610612766,CHA,23.0,65,41,24,0.631,30.3,7.0,16.1,0.435,3.1,8.2,0.383,3.1,3.4,0.892,1.1,3.8,4.9,3.3,2.5,1.0,0.7,0.5,2.8,2.7,20.2,5.7,33.6,3,0,34.9,166,97,258,148,84,50,32,366,13,13,149,69,81,67,176,126,144,112,42,118,107,197,42,95,42,34,67,128,38,45,1,2025-26,Brandon Miller (2025-26),98.44,4049,36.8,65.0
1630314,Brandon Williams,Brandon,1610612742,DAL,26.0,66,23,43,0.348,22.2,4.4,9.3,0.472,0.5,2.3,0.232,3.7,4.6,0.793,0.5,2.4,2.9,3.9,1.9,0.9,0.3,0.8,1.6,3.6,13.0,-2.2,24.1,1,0,22.8,157,268,51,411,239,155,158,240,382,317,477,49,50,246,406,271,317,78,89,146,276,49,324,54,140,410,162,201,38,173,1,2025-26,Brandon Williams (2025-26),105.52,3215,27.4,144.0
1641729,Brice Sensabaugh,Brice,1610612762,UTA,22.0,75,18,57,0.24,23.5,5.3,11.4,0.46,2.2,5.9,0.367,2.2,2.7,0.826,0.7,2.3,3.1,1.9,1.7,0.7,0.2,0.7,1.9,2.0,14.9,-5.1,22.4,0,0,23.8,60,325,5,499,216,118,106,277,69,70,199,115,129,186,293,287,292,250,129,253,408,106,231,156,102,527,190,284,38,157,1,2025-26,Brice Sensabaugh (2025-26),105.02,3848,24.4,180.0
1642355,Bronny James,Bronny,1610612747,LAL,21.0,42,24,18,0.571,8.9,1.1,2.7,0.409,0.5,1.4,0.386,0.1,0.2,0.857,0.1,0.4,0.5,1.2,0.6,0.5,0.1,0.1,0.7,0.2,2.9,-1.0,6.4,0,0,6.3,348,252,348,210,494,494,478,454,386,420,132,542,546,116,555,558,562,365,407,413,472,493,511,539,498,331,501,284,38,502,1,2025-26,Bronny James (2025-26),99.45,788,7.5,496.0
201572,Brook Lopez,Brook,1610612746,LAC,38.0,75,41,34,0.547,21.8,3.1,7.2,0.428,1.5,4.2,0.36,0.7,1.0,0.757,0.6,3.0,3.6,1.3,0.8,0.6,1.2,0.3,2.1,1.3,8.5,0.6,19.2,1,0,18.4,60,97,125,256,249,269,240,390,151,159,225,360,371,328,336,198,231,347,332,317,30,371,190,280,263,210,251,201,38,252,1,2025-26,Brook Lopez (2025-26),97.8,3333,20.0,261.0
1642964,Brooks Barnhizer,Brooks,1610612760,OKC,24.0,40,29,11,0.725,8.7,0.7,1.8,0.38,0.2,0.6,0.292,0.2,0.3,0.7,0.5,1.5,2.0,0.6,0.3,0.3,0.1,0.3,0.7,0.3,1.7,-2.6,5.8,0,0,5.2,362,203,432,70,503,539,537,507,473,487,424,529,529,424,397,417,428,499,529,491,444,372,510,531,545,428,516,284,38,521,1,2025-26,Brooks Barnhizer (2025-26),101.34,736,6.0,522.0
1628971,Bruce Brown,Bruce,1610612743,DEN,29.0,82,54,28,0.659,24.4,3.0,6.4,0.475,0.7,1.8,0.385,1.2,1.5,0.762,1.0,2.8,3.9,2.1,1.1,1.0,0.2,0.5,2.4,1.2,7.9,-0.9,18.5,1,0,17.2,1,13,205,124,198,277,287,227,342,374,139,253,255,319,187,223,213,222,237,112,323,173,100,298,288,328,267,201,38,276,1,2025-26,Bruce Brown (2025-26),100.24,4157,19.9,263.0
1631121,Bryce McGowens,Bryce,1610612740,NOP,23.0,42,14,28,0.333,21.0,2.7,5.6,0.481,0.9,2.2,0.409,1.8,2.3,0.779,0.3,1.8,2.1,1.5,0.4,0.6,0.2,0.5,2.1,2.0,8.1,-1.7,14.9,0,0,14.2,348,374,205,419,269,308,321,208,294,326,75,162,167,283,488,373,411,311,486,292,370,178,175,159,281,386,341,284,38,345,1,2025-26,Bryce McGowens (2025-26),103.45,1896,15.6,347.0
1642267,Bub Carrington,Bub,1610612764,WAS,20.0,82,17,65,0.207,27.7,3.8,9.0,0.424,2.1,5.0,0.408,1.0,1.4,0.73,0.4,3.0,3.4,4.6,2.3,0.6,0.2,0.2,2.2,1.4,10.7,-9.1,21.9,0,0,22.5,1,334,1,523,134,198,169,404,76,109,77,299,288,379,430,207,260,61,59,299,354,385,134,255,194,571,205,284,38,177,1,2025-26,Bub Carrington (2025-26),103.8,4913,25.9,164.0
1631205,Buddy Boeheim,Buddy,1610612760,OKC,26.0,4,2,2,0.5,3.8,0.5,1.5,0.333,0.5,1.5,0.333,0.0,0.0,0.0,0.0,0.0,0.0,0.0,0.0,0.0,0.0,0.3,0.3,0.3,1.5,1.5,1.5,0,0,2.0,551,526,540,303,568,554,548,539,393,403,302,563,564,563,565,577,579,574,562,564,524,372,570,531,553,153,578,284,38,575,1,2025-26,Buddy Boeheim (2025-26),97.58,32,1.5,578.0
1627741,Buddy Hield,Buddy,1610612737,ATL,33.0,51,25,26,0.49,16.1,2.8,6.4,0.437,1.5,4.2,0.349,0.6,0.7,0.811,0.5,1.7,2.3,1.4,0.9,0.8,0.2,0.2,1.1,0.3,7.6,-1.7,14.3,0,0,14.6,291,243,232,332,370,300,284,359,170,166,260,411,430,213,370,387,397,331,285,225,389,402,440,520,297,388,355,284,38,338,2,2025-26,Buddy Hield (2025-26),103.88,1773,15.5,349.0
1643047,CJ Huntley,CJ,1610612756,PHX,24.0,4,3,1,0.75,10.1,1.5,2.8,0.545,0.0,0.8,0.0,0.0,0.0,0.0,0.5,0.8,1.3,0.5,0.0,0.3,0.0,0.3,0.5,0.0,3.0,3.8,6.0,0,0,5.3,551,503,556,46,476,445,475,90,517,474,517,563,564,563,379,525,496,510,562,498,524,372,541,571,489,64,514,284,38,519,1,2025-26,CJ Huntley (2025-26),100.99,85,6.0,515.0
203468,CJ McCollum,CJ,1610612737,ATL,34.0,76,37,39,0.487,29.8,6.9,15.2,0.455,2.5,6.7,0.375,2.4,3.1,0.772,0.8,2.5,3.3,3.9,1.8,0.8,0.5,0.6,1.9,2.2,18.7,1.2,30.6,0,0,31.0,54,136,76,335,94,53,45,298,47,42,170,101,100,298,260,264,270,80,103,197,175,133,234,138,55,171,93,284,38,77,2,2025-26,CJ McCollum (2025-26),103.12,4870,33.7,85.0
1630595,Cade Cunningham,Cade,1610612765,DET,24.0,64,47,17,0.734,33.9,8.6,18.6,0.461,2.0,5.7,0.342,4.8,6.0,0.812,0.9,4.7,5.5,9.9,3.7,1.4,0.8,1.1,3.1,4.6,23.9,8.1,48.6,38,3,45.9,180,44,359,60,21,18,13,274,94,78,283,27,26,211,235,71,99,2,4,32,65,18,27,23,21,9,7,6,8,7,1,2025-26,Cade Cunningham (2025-26),100.94,4565,56.1,3.0
1631216,Caleb Houstan,Caleb,1610612737,ATL,23.0,18,12,6,0.667,4.2,0.8,1.4,0.538,0.6,1.2,0.524,0.2,0.2,1.0,0.3,0.3,0.6,0.2,0.2,0.1,0.1,0.1,0.6,0.1,2.3,0.1,3.7,0,0,4.1,456,395,485,106,562,525,553,96,361,437,12,531,546,1,492,565,559,564,538,551,506,525,523,566,520,249,557,284,38,544,1,2025-26,Caleb Houstan (2025-26),106.86,169,3.9,560.0
1631126,Caleb Love,Caleb,1610612757,POR,24.0,49,24,25,0.49,20.7,3.9,10.0,0.388,1.9,6.0,0.318,0.7,1.0,0.735,0.5,1.8,2.3,2.5,1.3,0.6,0.1,0.7,1.0,0.7,10.4,-2.6,17.6,0,0,18.4,305,252,246,333,275,197,142,500,105,65,366,362,360,368,377,367,387,186,204,353,486,91,471,412,199,429,287,284,38,254,1,2025-26,Caleb Love (2025-26),102.91,2175,19.6,269.0
1628997,Caleb Martin,Caleb,1610612742,DAL,30.0,58,20,38,0.345,14.8,1.5,3.3,0.45,0.3,1.0,0.351,0.6,1.1,0.607,0.5,2.0,2.5,1.4,0.7,0.7,0.3,0.3,1.5,1.0,3.9,-3.4,11.1,0,0,10.0,230,302,81,415,395,449,440,318,428,460,254,397,352,502,394,340,373,330,374,268,309,362,349,337,452,467,416,284,38,424,1,2025-26,Caleb Martin (2025-26),105.2,1866,12.0,412.0
1642353,Cam Christie,Cam,1610612746,LAC,20.0,55,26,29,0.473,8.7,1.0,2.5,0.381,0.2,0.9,0.245,0.7,0.9,0.76,0.3,1.1,1.4,0.6,0.4,0.3,0.1,0.3,0.3,0.5,2.8,-0.2,6.0,0,0,5.7,258,231,189,344,501,508,489,506,462,468,469,374,382,322,462,471,486,495,487,484,508,366,560,463,501,279,513,284,38,513,1,2025-26,Cam Christie (2025-26),97.75,974,6.4,509.0
1642285,Cam Spencer,Cam,1610612763,MEM,26.0,72,23,49,0.319,23.8,3.7,7.7,0.473,2.0,4.5,0.449,1.8,1.9,0.94,0.6,2.0,2.5,5.6,1.3,0.7,0.2,0.2,1.4,1.3,11.1,-1.2,23.8,6,0,23.0,84,268,19,435,211,212,216,234,82,139,29,164,212,38,356,339,360,36,196,250,417,391,363,271,184,347,168,84,38,167,1,2025-26,Cam Spencer (2025-26),101.59,3647,27.4,146.0
1630560,Cam Thomas,Cam,1610612749,MIL,24.0,42,12,30,0.286,21.0,4.5,11.0,0.41,1.2,4.0,0.31,3.3,4.0,0.811,0.3,1.4,1.7,2.6,1.8,0.2,0.1,0.7,1.0,3.5,13.5,-5.1,18.6,0,0,19.6,348,395,172,454,267,152,120,451,209,178,386,62,64,214,498,420,462,178,108,515,472,96,459,56,132,528,266,284,38,222,2,2025-26,Cam Thomas (2025-26),96.65,1774,21.3,239.0
1641715,Cam Whitmore,Cam,1610612764,WAS,21.0,21,3,18,0.143,16.9,3.7,8.0,0.456,0.8,2.7,0.286,1.1,1.5,0.742,0.9,1.9,2.8,0.7,0.9,0.7,0.4,1.0,1.2,1.0,9.2,-7.2,16.0,0,0,15.6,444,503,348,553,351,208,203,292,323,289,428,271,269,357,221,356,332,472,315,256,224,37,425,341,239,556,322,284,38,315,1,2025-26,Cam Whitmore (2025-26),105.84,781,16.7,329.0
1629661,Cameron Johnson,Cameron,1610612743,DEN,30.0,54,37,17,0.685,30.5,4.2,8.8,0.48,2.0,4.7,0.43,1.7,2.1,0.839,0.8,3.0,3.8,2.4,0.9,0.7,0.4,0.5,2.3,1.6,12.2,6.4,23.0,1,0,22.8,266,136,359,91,77,172,178,211,79,121,44,169,186,153,270,197,219,192,308,238,215,178,114,214,152,25,181,201,38,174,1,2025-26,Cameron Johnson (2025-26),101.38,3484,24.3,184.0
1626166,Cameron Payne,Cameron,1610612755,PHI,31.0,22,12,10,0.545,17.0,2.5,6.8,0.376,1.5,4.4,0.33,0.9,1.0,0.864,0.1,1.9,2.0,2.6,0.5,1.1,0.3,0.4,1.4,1.0,7.4,-2.9,17.5,1,0,16.3,440,395,440,258,348,325,256,512,168,146,334,327,360,109,552,355,418,170,444,97,264,267,377,341,308,448,290,201,38,293,1,2025-26,Cameron Payne (2025-26),104.63,817,18.9,287.0
1627747,Caris LeVert,Caris,1610612765,DET,31.0,60,44,16,0.733,19.2,2.7,6.5,0.417,1.0,3.0,0.333,1.0,1.4,0.679,0.4,1.6,2.0,2.7,1.4,0.9,0.7,0.3,1.5,1.3,7.4,-0.1,16.9,0,0,16.1,214,67,368,61,311,307,276,433,268,256,302,308,282,449,445,408,428,167,183,192,103,296,337,276,310,269,301,284,38,302,1,2025-26,Caris LeVert (2025-26),101.1,2419,19.2,277.0
1642868,Carter Bryant,Carter,1610612759,SAS,20.0,71,56,15,0.789,11.5,1.5,3.7,0.408,0.7,2.2,0.335,0.4,0.6,0.714,0.5,2.0,2.5,0.7,0.5,0.2,0.3,0.2,1.3,0.4,4.2,-0.1,9.4,0,0,9.2,98,7,382,27,454,442,418,456,327,329,299,463,460,400,367,343,364,482,467,509,258,436,387,502,446,257,454,284,38,451,1,2025-26,Carter Bryant (2025-26),102.06,1731,9.7,462.0
1641717,Cason Wallace,Cason,1610612760,OKC,22.0,77,61,16,0.792,26.6,3.3,7.6,0.432,1.3,3.7,0.351,0.7,0.9,0.809,0.8,2.3,3.1,2.6,0.9,1.9,0.4,0.5,2.0,0.8,8.6,6.9,22.2,1,0,20.2,37,3,368,26,156,246,226,378,194,187,255,367,390,215,256,294,291,172,282,7,232,165,203,388,257,20,199,201,38,216,1,2025-26,Cason Wallace (2025-26),101.76,4335,23.8,191.0
1642907,Cedric Coward,Cedric,1610612763,MEM,22.0,62,20,42,0.323,25.8,4.9,10.5,0.471,1.5,4.4,0.338,2.3,2.7,0.843,1.3,4.5,5.9,2.8,1.7,0.6,0.4,0.7,2.0,2.1,13.6,0.4,26.3,7,0,25.9,201,302,57,431,176,131,133,243,156,142,291,110,130,140,127,76,77,155,123,291,184,70,196,146,127,223,135,72,38,128,1,2025-26,Cedric Coward (2025-26),104.31,3478,28.2,134.0
1643052,Chaney Johnson,Chaney,1610612751,BKN,24.0,17,4,13,0.235,20.4,3.0,5.5,0.543,0.5,1.8,0.3,1.6,2.1,0.8,1.9,2.7,4.6,2.1,1.2,0.9,0.5,0.4,3.0,1.4,8.2,-4.6,20.0,1,0,18.3,459,487,409,503,283,280,325,94,384,383,403,181,187,229,71,239,158,224,224,176,145,231,29,249,276,516,234,201,38,258,1,2025-26,Chaney Johnson (2025-26),101.29,728,21.3,238.0
1629646,Charles Bassey,Charles,1610612744,GSW,25.0,13,4,9,0.308,11.7,2.4,3.6,0.66,0.0,0.0,0.0,1.1,1.5,0.7,1.8,2.6,4.4,0.5,0.5,0.3,0.8,0.3,1.5,1.2,5.8,-3.4,14.9,2,0,13.1,480,487,455,443,448,340,422,21,517,548,517,278,254,424,81,246,171,503,469,475,64,319,352,288,361,468,342,159,38,366,4,2025-26,Charles Bassey (2025-26),101.22,321,14.8,362.0
1642404,Chaz Lanier,Chaz,1610612765,DET,24.0,34,28,6,0.824,7.7,0.8,2.6,0.315,0.6,2.0,0.284,0.1,0.2,0.833,0.2,0.4,0.7,0.5,0.1,0.2,0.0,0.1,0.4,0.1,2.4,0.2,4.4,0,0,4.5,394,216,485,15,518,521,483,556,379,355,432,541,545,160,512,557,555,510,560,519,524,509,559,565,519,238,544,284,38,537,1,2025-26,Chaz Lanier (2025-26),102.32,556,4.6,546.0
1631096,Chet Holmgren,Chet,1610612760,OKC,24.0,69,56,13,0.812,28.9,6.3,11.3,0.557,1.3,3.5,0.362,3.3,4.1,0.792,1.9,7.0,8.9,1.7,1.6,0.6,1.9,0.8,2.3,3.8,17.1,9.8,36.3,24,0,34.0,118,7,409,19,112,68,112,80,201,206,213,63,57,247,74,18,21,278,140,304,4,65,124,46,71,5,46,16,38,50,1,2025-26,Chet Holmgren (2025-26),101.09,4207,36.9,64.0
1628449,Chris Boucher,Chris,1610612738,BOS,33.0,9,4,5,0.444,10.5,0.9,2.8,0.32,0.2,1.7,0.133,0.3,0.4,0.75,0.2,1.8,2.0,0.3,0.1,0.6,0.8,0.1,1.9,0.4,2.3,0.6,9.1,0,0,7.6,507,487,501,362,470,514,473,554,461,391,506,487,495,333,517,383,418,541,555,346,80,496,235,491,520,213,462,284,38,485,1,2025-26,Chris Boucher (2025-26),97.12,189,9.0,478.0
1641753,Chris Livingston,Chris,1610612739,CLE,22.0,3,2,1,0.667,5.8,1.3,2.3,0.571,0.0,1.0,0.0,0.3,0.3,1.0,0.0,1.0,1.0,0.3,0.0,0.3,0.0,0.0,1.3,0.3,3.0,2.7,5.7,0,0,5.0,566,526,556,106,547,461,504,72,517,455,517,487,516,1,565,477,526,541,562,463,524,540,382,512,489,98,518,284,38,522,1,2025-26,Chris Livingston (2025-26),101.91,36,5.7,530.0
1643024,Chris Mañon,Chris,1610612747,LAL,24.0,9,4,5,0.444,5.1,0.2,0.7,0.333,0.0,0.3,0.0,0.3,0.4,0.75,0.2,0.9,1.1,0.3,0.1,0.6,0.2,0.0,0.7,0.3,0.8,-0.1,4.8,0,0,3.8,507,487,501,362,554,574,578,539,517,510,517,487,495,333,517,503,517,541,555,346,340,540,511,512,573,266,537,284,38,552,1,2025-26,Chris Mañon (2025-26),99.99,97,4.9,541.0
101108,Chris Paul,Chris,1610612746,LAC,41.0,16,4,12,0.25,14.2,1.1,3.5,0.321,0.6,1.9,0.333,0.1,0.1,0.5,0.4,1.4,1.8,3.3,1.0,0.7,0.0,0.2,1.4,0.4,2.9,-5.3,11.1,0,0,10.0,461,487,419,485,405,493,428,553,358,362,302,560,557,531,450,433,452,118,257,269,524,432,359,494,494,530,417,284,38,425,1,2025-26,Chris Paul (2025-26),98.62,466,13.4,386.0
1642959,Chris Youngblood,Chris,1610612757,POR,24.0,34,29,5,0.853,5.4,0.6,1.9,0.349,0.5,1.6,0.333,0.3,0.3,0.9,0.2,0.6,0.8,0.4,0.1,0.1,0.1,0.1,0.6,0.3,2.1,0.3,4.2,0,0,4.2,394,203,501,7,552,546,531,533,384,396,302,507,525,53,529,540,545,540,561,549,482,522,518,530,528,232,550,284,38,542,2,2025-26,Chris Youngblood (2025-26),101.66,392,4.2,552.0
1631128,Christian Braun,Christian,1610612743,DEN,25.0,44,29,15,0.659,31.8,4.6,8.8,0.519,1.0,3.3,0.301,1.8,2.3,0.782,1.4,3.4,4.8,2.7,1.0,0.7,0.3,0.7,2.3,1.7,12.0,6.6,23.7,0,0,22.4,336,203,382,123,54,147,176,118,276,228,402,156,163,276,121,157,151,157,275,272,299,86,106,206,162,23,170,284,38,178,1,2025-26,Christian Braun (2025-26),101.38,2952,25.1,174.0
1631132,Christian Koloko,Christian,1610612737,ATL,26.0,27,16,11,0.593,13.2,1.1,2.7,0.419,0.0,0.3,0.111,0.4,0.6,0.667,1.1,1.9,3.0,0.7,0.6,0.5,0.9,0.5,1.8,0.7,2.7,-0.5,10.8,0,0,9.1,420,348,432,189,420,490,477,423,503,510,512,476,468,452,159,359,301,478,409,367,63,167,262,433,506,293,420,284,38,454,3,2025-26,Christian Koloko (2025-26),104.9,778,11.1,426.0
1642935,Chucky Hepburn,Chucky,1610612761,TOR,23.0,2,0,2,0.0,6.6,0.0,3.0,0.0,0.0,2.5,0.0,0.0,0.0,0.0,0.0,0.5,0.5,1.0,0.5,0.5,0.0,0.0,1.0,0.5,0.0,-8.0,3.1,0,0,2.5,572,567,540,567,532,578,458,578,517,303,517,563,564,563,565,550,564,394,444,373,524,540,462,469,579,567,566,284,38,569,1,2025-26,Chucky Hepburn (2025-26),99.75,26,4.0,555.0
203991,Clint Capela,Clint,1610612745,HOU,32.0,75,47,28,0.627,12.3,1.6,3.0,0.52,0.0,0.0,0.5,0.6,1.0,0.577,2.1,2.5,4.6,0.7,0.5,0.5,0.8,0.3,1.0,0.8,3.8,2.2,13.7,1,0,11.7,60,44,205,152,434,434,456,114,515,542,13,405,356,512,54,269,162,478,426,395,67,326,469,401,458,117,365,201,38,395,1,2025-26,Clint Capela (2025-26),98.6,1906,13.7,384.0
1629632,Coby White,Coby,1610612766,CHA,26.0,50,29,21,0.58,25.0,5.6,12.5,0.446,2.3,6.4,0.362,3.9,4.8,0.817,0.3,3.1,3.4,4.0,2.6,0.5,0.1,0.7,2.2,3.7,17.4,1.9,26.7,1,0,28.3,297,203,305,199,188,99,85,329,63,53,216,43,47,205,466,192,256,74,40,373,466,88,138,49,68,130,131,201,38,108,2,2025-26,Coby White (2025-26),101.68,2652,30.6,117.0
1628998,Cody Martin,Cody,1610612754,IND,30.0,4,0,4,0.0,13.8,0.5,2.5,0.2,0.0,1.3,0.0,0.8,1.5,0.5,0.3,3.3,3.5,0.5,1.0,1.0,0.5,0.3,1.3,1.3,1.8,-7.0,10.2,0,0,8.8,551,567,509,567,412,554,491,572,517,430,517,356,263,531,504,175,241,510,257,121,156,372,408,281,543,551,435,284,38,460,1,2025-26,Cody Martin (2025-26),105.26,119,10.8,435.0
1642262,Cody Williams,Cody,1610612762,UTA,21.0,67,16,51,0.239,24.3,3.6,7.6,0.468,0.4,2.0,0.214,1.3,1.8,0.706,0.9,2.0,3.0,2.0,1.1,0.8,0.4,0.7,1.8,1.3,8.8,-5.9,17.7,2,0,16.5,147,348,18,500,199,221,224,255,414,356,484,238,223,417,219,326,310,230,240,228,216,104,256,279,249,538,285,159,38,290,1,2025-26,Cody Williams (2025-26),105.04,3561,19.3,275.0
1641732,Colby Jones,Colby,1610612765,DET,24.0,1,0,1,0.0,6.8,1.0,3.0,0.333,0.0,2.0,0.0,0.0,0.0,0.0,0.0,4.0,4.0,2.0,0.0,0.0,0.0,0.0,1.0,0.0,2.0,12.0,9.8,0,0,8.0,579,567,556,567,529,500,458,539,517,348,517,563,564,563,565,107,200,233,562,564,524,540,462,571,531,1,443,284,38,475,1,2025-26,Colby Jones (2025-26),105.62,15,10.0,449.0
1630175,Cole Anthony,Cole,1610612749,MIL,26.0,35,12,23,0.343,15.0,2.8,6.6,0.424,0.6,2.1,0.306,0.5,0.7,0.615,0.5,2.0,2.5,3.5,1.9,0.6,0.3,0.3,2.1,1.3,6.7,-3.2,15.7,0,0,15.0,390,395,275,416,391,301,270,401,357,339,395,453,429,497,404,330,369,106,93,330,266,317,182,269,334,461,330,284,38,326,1,2025-26,Cole Anthony (2025-26),101.99,1118,18.7,292.0
1630658,Colin Castleton,Colin,1610612753,ORL,26.0,4,3,1,0.75,5.3,0.5,1.3,0.4,0.0,0.0,0.0,0.3,0.3,1.0,0.5,1.5,2.0,0.3,0.5,0.3,0.0,0.3,0.5,0.5,1.3,1.5,4.3,0,0,4.0,551,503,556,46,553,554,557,475,517,548,517,510,529,1,379,415,418,560,444,498,524,372,541,469,561,153,549,284,38,546,1,2025-26,Colin Castleton (2025-26),96.52,43,4.5,548.0
1631221,Collin Gillespie,Collin,1610612756,PHX,27.0,80,43,37,0.538,28.5,4.4,10.5,0.418,2.9,7.2,0.401,1.0,1.1,0.874,1.1,3.0,4.1,4.6,1.6,1.2,0.2,0.4,1.6,1.7,12.7,2.5,27.3,3,0,27.2,21,75,93,267,118,157,131,429,21,23,92,308,341,94,168,204,192,62,139,61,358,261,303,198,143,109,125,128,38,117,1,2025-26,Collin Gillespie (2025-26),99.53,4743,30.3,119.0
1642867,Collin Murray-Boyles,Collin,1610612761,TOR,21.0,57,31,26,0.544,21.9,3.5,6.0,0.579,0.3,0.9,0.34,1.2,1.9,0.657,2.3,2.7,5.0,1.9,1.0,0.9,0.9,0.5,2.6,1.5,8.5,0.8,21.8,4,0,19.3,235,188,232,260,248,228,301,65,443,469,288,240,209,467,46,240,135,253,252,157,53,199,67,234,261,192,206,114,38,228,1,2025-26,Collin Murray-Boyles (2025-26),99.54,2574,22.7,214.0
1629012,Collin Sexton,Collin,1610612741,CHI,27.0,68,25,43,0.368,23.7,5.3,10.9,0.485,1.6,4.1,0.401,3.2,3.8,0.855,0.6,1.7,2.3,3.3,2.1,1.1,0.1,0.9,2.1,3.4,15.4,-1.7,24.8,1,0,25.2,135,243,51,402,213,111,121,195,137,171,91,65,71,123,339,393,394,120,74,87,419,45,167,62,92,390,155,201,38,136,2,2025-26,Collin Sexton (2025-26),103.17,3462,28.1,139.0
1642843,Cooper Flagg,Cooper,1610612742,DAL,19.0,70,22,48,0.314,33.5,8.0,17.1,0.468,1.0,3.5,0.295,4.0,4.9,0.827,1.2,5.4,6.7,4.5,2.3,1.2,0.9,1.1,2.0,4.1,21.0,-3.8,39.8,13,0,37.5,105,277,25,440,27,24,23,253,261,211,415,42,46,179,146,38,65,63,61,65,57,12,197,37,32,485,33,42,38,37,1,2025-26,Cooper Flagg (2025-26),102.96,5026,43.1,32.0
1630557,Corey Kispert,Corey,1610612737,ATL,27.0,58,27,31,0.466,18.6,3.2,6.8,0.467,1.5,4.1,0.367,1.3,1.7,0.794,0.5,1.8,2.3,1.6,0.8,0.3,0.2,0.4,1.0,1.2,9.2,-2.6,14.8,0,0,15.4,230,225,160,347,317,260,255,260,156,174,198,220,238,242,401,372,396,296,355,489,414,272,457,297,241,432,345,284,38,321,2,2025-26,Corey Kispert (2025-26),104.15,2348,15.9,343.0
1642504,Cormac Ryan,Cormac,1610612749,MIL,27.0,11,2,9,0.182,24.6,4.8,9.3,0.52,2.5,5.4,0.458,2.2,2.4,0.923,0.7,1.8,2.5,1.7,1.5,1.0,0.3,0.4,2.5,1.9,14.3,-1.6,22.2,1,0,23.5,492,526,455,540,197,136,163,115,52,94,27,118,159,40,303,365,358,272,143,121,299,267,87,171,109,381,197,201,38,159,1,2025-26,Cormac Ryan (2025-26),96.73,545,24.1,186.0
1641854,Craig Porter Jr.,Craig,1610612739,CLE,26.0,64,43,21,0.672,17.9,1.8,4.0,0.45,0.5,1.5,0.355,0.4,0.6,0.6,1.3,2.1,3.4,3.2,0.9,0.9,0.6,0.3,1.1,0.8,4.5,1.6,17.0,0,0,14.6,180,75,305,103,329,406,402,319,389,410,240,474,449,506,130,314,252,127,293,169,129,338,447,391,420,151,300,284,38,339,1,2025-26,Craig Porter Jr. (2025-26),102.01,2435,18.8,289.0
1642938,Curtis Jones,Curtis,1610612743,DEN,24.0,10,8,2,0.8,8.8,1.1,2.7,0.407,0.6,1.8,0.333,0.1,0.2,0.5,0.2,0.9,1.1,1.0,0.2,0.4,0.0,0.1,0.6,0.3,2.9,2.6,6.7,0,0,6.4,500,440,540,20,498,496,480,457,366,375,302,553,540,531,531,502,518,394,541,432,524,500,525,522,499,103,499,284,38,499,1,2025-26,Curtis Jones (2025-26),100.41,184,7.2,503.0
1626156,D'Angelo Russell,D'Angelo,1610612764,WAS,30.0,26,9,17,0.346,19.0,3.6,8.9,0.405,1.3,4.3,0.295,1.7,2.3,0.717,0.3,2.0,2.3,4.0,1.9,0.5,0.1,0.2,1.2,2.0,10.2,-1.6,18.7,1,0,18.8,425,432,359,414,313,217,173,463,202,154,417,179,160,397,484,327,385,74,90,407,491,426,435,167,209,378,262,201,38,244,1,2025-26,D'Angelo Russell (2025-26),104.0,1070,22.1,222.0
1629610,DaQuan Jeffries,DaQuan,1610612758,SAC,28.0,3,0,3,0.0,20.0,3.7,6.3,0.579,1.3,3.0,0.444,1.7,1.7,1.0,1.0,0.7,1.7,0.3,0.0,0.7,0.0,0.3,3.0,1.7,10.3,0.3,14.8,0,0,15.0,566,567,530,567,291,208,289,65,190,256,31,174,240,1,193,534,464,541,562,276,524,296,29,208,202,227,344,284,38,327,1,2025-26,DaQuan Jeffries (2025-26),96.96,121,14.7,364.0
1641747,DaRon Holmes II,DaRon,1610612743,DEN,23.0,25,17,8,0.68,8.4,1.2,2.4,0.508,0.8,1.8,0.444,0.4,0.6,0.786,0.3,1.1,1.4,0.6,0.5,0.0,0.2,0.1,0.8,0.7,3.7,-0.6,6.7,0,0,7.1,429,334,468,97,512,473,498,142,311,375,31,458,466,264,479,470,487,484,460,563,328,513,500,429,462,303,499,284,38,489,1,2025-26,DaRon Holmes II (2025-26),96.57,420,7.2,501.0
1631342,Daeqwon Plowden,Daeqwon,1610612758,SAC,27.0,32,9,23,0.281,26.4,3.8,8.7,0.43,1.9,5.8,0.333,1.3,1.5,0.857,1.0,2.0,3.0,1.3,0.8,0.7,0.2,0.4,2.4,1.3,10.8,-6.4,18.3,0,0,18.9,400,432,275,460,161,203,182,383,96,72,302,224,257,116,189,332,297,349,333,254,346,261,92,270,191,546,271,284,38,243,1,2025-26,Daeqwon Plowden (2025-26),100.96,1771,19.2,278.0
1630625,Dalano Banton,Dalano,1610612738,BOS,26.0,6,4,2,0.667,10.3,0.7,2.0,0.333,0.0,0.2,0.0,0.7,0.7,1.0,0.3,0.5,0.8,1.8,1.3,0.3,0.8,0.5,0.5,0.5,2.0,-1.5,7.9,0,0,7.0,527,487,540,106,472,540,527,539,517,521,517,380,439,1,467,550,542,259,190,463,69,178,541,469,531,369,488,284,38,493,2,2025-26,Dalano Banton (2025-26),102.38,130,10.0,449.0
1631207,Dalen Terry,Dalen,1610612755,PHI,23.0,48,22,26,0.458,11.5,1.4,3.2,0.439,0.5,1.4,0.364,0.3,0.6,0.533,0.5,1.3,1.8,1.4,0.5,0.6,0.3,0.2,1.0,0.8,3.7,-0.9,10.1,0,0,9.2,310,277,232,350,455,454,445,353,393,418,203,487,449,527,360,443,443,335,429,314,267,445,460,384,463,330,438,284,38,453,2,2025-26,Dalen Terry (2025-26),104.92,1200,11.0,431.0
1642261,Dalton Knecht,Dalton,1610612747,LAL,25.0,54,34,20,0.63,10.2,1.6,3.5,0.455,0.7,2.1,0.342,0.3,0.4,0.727,0.3,1.1,1.4,0.4,0.4,0.2,0.2,0.2,0.8,0.3,4.2,-1.5,7.3,0,0,7.5,266,168,322,149,473,426,426,294,336,340,281,502,502,382,501,464,488,535,481,520,356,410,494,512,444,373,493,284,38,486,1,2025-26,Dalton Knecht (2025-26),100.57,1166,7.6,494.0
1629655,Daniel Gafford,Daniel,1610612742,DAL,27.0,55,12,43,0.218,21.7,3.8,5.7,0.655,0.0,0.0,0.0,2.0,2.9,0.683,2.5,4.4,6.9,1.1,1.1,0.8,1.3,0.7,2.6,2.7,9.5,-3.4,24.3,10,0,21.5,258,395,51,516,251,202,312,23,517,548,517,134,110,445,35,83,57,386,231,226,24,69,59,92,226,470,160,56,38,193,1,2025-26,Daniel Gafford (2025-26),104.6,2601,24.6,177.0
1642450,Daniss Jenkins,Daniss,1610612765,DET,24.0,72,54,18,0.75,20.2,3.2,7.9,0.408,1.0,2.7,0.374,1.9,2.2,0.832,0.7,1.6,2.3,3.9,1.6,0.9,0.2,0.7,1.5,2.0,9.3,2.9,19.6,3,0,18.7,84,13,348,46,288,253,213,455,266,287,171,149,170,167,311,403,390,79,136,172,353,83,347,158,232,89,238,128,38,248,1,2025-26,Daniss Jenkins (2025-26),101.34,3076,22.6,215.0
1642874,Danny Wolf,Danny,1610612751,BKN,22.0,57,14,43,0.246,20.8,3.1,7.7,0.405,1.2,3.7,0.322,1.5,1.9,0.771,1.0,3.9,4.9,2.2,1.3,0.5,0.6,0.6,2.2,1.3,8.9,-4.1,20.2,2,0,19.4,235,374,51,496,271,265,217,465,219,191,355,201,205,303,193,116,143,210,200,361,133,143,141,277,245,498,230,159,38,225,1,2025-26,Danny Wolf (2025-26),98.09,2420,21.6,230.0
203967,Dario Saric,Dario,1610612758,SAC,32.0,5,1,4,0.2,8.2,0.2,1.2,0.167,0.2,0.6,0.333,0.4,0.4,1.0,0.2,1.0,1.2,0.4,0.4,0.0,0.0,0.2,0.6,0.2,1.0,0.0,2.6,0,0,2.8,539,549,509,526,513,575,560,574,466,487,302,469,504,1,531,477,503,530,487,564,524,415,525,549,564,253,572,284,38,566,1,2025-26,Dario Saric (2025-26),98.91,85,3.0,570.0
1641727,Dariq Whitehead,Dariq,1610612763,MEM,21.0,6,0,6,0.0,30.5,6.2,15.5,0.398,3.2,10.0,0.317,0.8,1.2,0.714,0.3,3.7,4.0,1.5,1.7,0.7,0.0,0.7,2.2,0.8,16.3,-16.5,23.7,0,0,26.3,527,567,485,567,78,73,40,481,11,4,372,337,325,400,467,140,200,303,126,276,524,96,153,384,84,578,169,284,38,124,1,2025-26,Dariq Whitehead (2025-26),106.73,406,25.3,171.0
1642468,Darius Brown II,Darius,1610612739,CLE,26.0,1,1,0,1.0,2.7,0.0,1.0,0.0,0.0,0.0,0.0,0.0,0.0,0.0,0.0,1.0,1.0,0.0,0.0,0.0,0.0,0.0,0.0,0.0,0.0,-4.0,1.2,0,0,1.0,579,549,580,1,579,578,565,578,517,548,517,563,564,563,565,477,526,574,562,564,524,540,579,571,579,496,580,284,38,579,1,2025-26,Darius Brown II (2025-26),90.0,5,1.0,581.0
1629636,Darius Garland,Darius,1610612746,LAC,26.0,45,26,19,0.578,29.9,6.9,14.9,0.46,2.7,6.8,0.396,2.3,2.7,0.861,0.4,2.0,2.4,6.7,2.9,1.0,0.2,0.6,1.9,2.6,18.8,1.9,32.2,7,0,32.8,331,231,333,205,92,55,48,276,31,37,103,107,127,112,431,342,381,19,24,140,387,120,240,113,54,131,78,72,38,66,2,2025-26,Darius Garland (2025-26),101.84,2856,37.9,56.0
1642357,David Jones Garcia,David,1610612759,SAS,24.0,11,7,4,0.636,6.2,1.2,2.3,0.52,0.3,0.5,0.6,0.3,0.5,0.5,0.4,0.8,1.2,1.6,0.5,0.5,0.1,0.4,0.5,0.7,2.9,3.5,8.2,0,0,7.3,492,452,509,143,541,487,512,113,452,502,7,505,471,531,454,512,506,285,470,355,479,267,538,415,497,72,485,284,38,488,1,2025-26,David Jones Garcia (2025-26),109.45,156,9.3,476.0
1631223,David Roddy,David,1610612743,DEN,25.0,5,4,1,0.8,14.6,3.0,6.0,0.5,0.6,2.2,0.273,1.4,1.4,1.0,1.6,2.4,4.0,0.8,0.4,0.8,0.2,0.4,1.4,1.2,8.0,1.0,16.6,1,0,15.4,539,487,556,20,401,280,301,156,366,327,441,209,282,1,95,277,200,452,487,209,358,237,370,293,283,183,305,201,38,320,1,2025-26,David Roddy (2025-26),104.52,159,16.6,330.0
1630558,Davion Mitchell,Davion,1610612748,MIA,27.0,70,37,33,0.529,28.6,3.7,7.6,0.49,1.3,3.3,0.395,0.6,0.9,0.646,0.5,2.2,2.7,6.5,1.5,1.0,0.2,0.3,2.6,1.2,9.3,2.9,24.1,5,0,22.0,105,136,135,278,116,204,223,183,199,226,108,405,377,477,404,304,341,23,146,136,410,317,64,289,230,91,163,96,38,184,1,2025-26,Davion Mitchell (2025-26),103.88,4338,28.3,133.0
1630549,Day'Ron Sharpe,Day'Ron,1610612751,BKN,24.0,62,17,45,0.274,18.7,3.5,5.7,0.601,0.1,0.6,0.231,1.7,2.5,0.678,2.8,3.9,6.7,2.3,1.7,1.1,0.4,0.5,2.4,2.0,8.7,-1.8,23.0,5,0,20.9,201,334,36,467,315,230,313,48,479,483,478,175,148,451,28,118,64,201,120,99,191,157,101,166,252,394,180,96,38,205,1,2025-26,Day'Ron Sharpe (2025-26),98.86,2384,24.5,178.0
1628368,De'Aaron Fox,De'Aaron,1610612759,SAS,28.0,72,55,17,0.764,31.0,7.1,14.5,0.486,1.8,5.5,0.332,2.6,3.4,0.76,0.6,3.2,3.8,6.2,2.3,1.2,0.3,0.8,2.3,2.6,18.6,6.3,34.5,8,0,33.3,84,12,359,39,70,45,51,194,114,85,328,89,82,321,346,181,224,25,63,62,305,67,131,101,57,27,55,66,38,59,1,2025-26,De'Aaron Fox (2025-26),103.67,4807,39.2,47.0
1629631,De'Andre Hunter,De'Andre,1610612758,SAC,28.0,45,24,21,0.533,26.1,4.6,11.1,0.415,1.7,5.5,0.305,2.8,3.2,0.867,0.7,3.4,4.1,2.0,1.7,0.7,0.1,0.4,2.5,3.1,13.7,-0.5,22.3,0,0,23.0,331,252,305,270,167,146,115,443,134,88,398,81,97,102,320,153,189,233,126,276,434,224,84,73,124,292,193,284,38,166,2,2025-26,De'Andre Hunter (2025-26),103.39,2533,24.2,185.0
1629001,De'Anthony Melton,De'Anthony,1610612744,GSW,28.0,49,22,27,0.449,23.0,4.4,10.8,0.407,1.5,5.0,0.294,2.0,2.5,0.826,0.8,2.4,3.2,2.6,1.9,1.6,0.4,0.6,1.9,1.9,12.3,1.9,24.1,0,0,23.5,305,277,220,360,222,159,126,459,165,112,419,130,145,183,271,274,279,182,93,18,200,116,243,170,149,126,165,284,38,161,1,2025-26,De'Anthony Melton (2025-26),101.48,2380,26.6,154.0
201599,DeAndre Jordan,DeAndre,1610612740,NOP,37.0,12,6,6,0.5,16.6,1.8,2.7,0.656,0.0,0.0,0.0,0.9,1.4,0.647,2.2,4.2,6.3,0.9,0.8,0.3,0.8,0.4,1.3,1.2,4.4,-0.1,16.1,0,0,14.0,485,461,485,303,359,412,481,22,517,548,517,317,279,476,52,100,70,424,360,463,69,227,382,303,428,260,315,284,38,348,1,2025-26,DeAndre Jordan (2025-26),100.68,421,16.1,339.0
1630610,DeJon Jarreau,DeJon,1610612763,MEM,28.0,11,2,9,0.182,21.0,3.0,7.5,0.398,0.4,2.7,0.133,1.6,2.1,0.783,1.1,3.5,4.6,3.3,2.4,0.9,0.7,0.5,2.5,1.7,8.0,-10.2,21.0,0,0,19.5,492,526,455,540,265,280,228,483,427,285,506,183,184,273,175,144,159,121,55,158,92,208,70,197,283,574,214,284,38,223,1,2025-26,DeJon Jarreau (2025-26),103.18,497,24.1,186.0
201942,DeMar DeRozan,DeMar,1610612758,SAC,36.0,77,20,57,0.26,31.2,6.5,13.1,0.497,0.6,1.9,0.32,4.9,5.6,0.868,0.5,2.5,2.9,4.1,1.2,1.0,0.3,0.5,1.9,4.0,18.4,-7.6,30.9,2,0,28.8,37,302,5,481,64,63,75,169,364,360,361,26,34,101,406,268,314,72,210,110,281,191,225,41,59,565,87,159,38,102,1,2025-26,DeMar DeRozan (2025-26),101.26,5076,33.6,86.0
1629731,Dean Wade,Dean,1610612739,CLE,29.0,59,36,23,0.61,22.3,2.1,4.7,0.439,1.2,3.3,0.362,0.5,0.6,0.711,0.9,3.3,4.2,1.5,0.3,0.7,0.4,0.2,1.5,0.7,5.8,2.6,16.2,1,0,14.9,225,151,275,167,236,379,363,352,214,222,212,452,446,409,225,167,183,309,526,237,214,434,335,408,368,108,312,201,38,330,1,2025-26,Dean Wade (2025-26),101.78,2784,16.4,333.0
1629028,Deandre Ayton,Deandre,1610612747,LAL,27.0,72,46,26,0.639,27.2,5.6,8.3,0.671,0.0,0.0,0.0,1.3,2.0,0.645,2.6,5.4,8.0,0.8,1.2,0.6,1.0,0.4,2.2,1.6,12.5,-0.1,26.7,22,0,24.3,84,52,232,140,142,95,194,16,517,548,517,236,202,478,34,39,33,447,230,337,48,261,151,213,147,266,129,20,38,152,1,2025-26,Deandre Ayton (2025-26),99.65,4060,26.7,152.0
1627749,Dejounte Murray,Dejounte,1610612740,NOP,29.0,14,5,9,0.357,27.8,6.3,13.0,0.484,1.4,4.4,0.306,2.8,3.2,0.867,0.3,5.1,5.4,6.4,3.4,1.6,0.2,0.4,2.4,2.2,16.7,1.4,34.9,1,0,33.5,472,474,455,406,132,70,78,202,186,143,394,79,95,103,488,50,111,24,10,14,348,277,104,140,77,157,53,201,38,56,1,2025-26,Dejounte Murray (2025-26),100.83,822,40.4,45.0
1630166,Deni Avdija,Deni,1610612757,POR,25.0,66,35,31,0.53,33.3,7.5,16.1,0.462,1.9,6.0,0.318,7.4,9.2,0.802,1.1,5.8,6.9,6.7,3.8,0.8,0.6,1.2,2.5,6.6,24.2,0.2,42.9,19,3,42.5,157,162,160,275,30,32,30,269,106,66,367,4,3,227,164,30,56,18,2,220,122,10,70,5,18,234,18,25,8,17,1,2025-26,Deni Avdija (2025-26),102.78,4711,48.7,12.0
203471,Dennis Schröder,Dennis,1610612739,CLE,32.0,70,29,41,0.414,24.2,3.6,9.0,0.405,1.1,3.3,0.329,2.4,2.9,0.834,0.5,2.2,2.7,4.9,1.8,0.8,0.2,0.6,1.6,2.4,10.8,-3.4,22.4,3,0,21.3,105,203,61,377,201,213,171,462,250,226,337,98,109,159,399,302,338,53,106,218,410,109,325,122,190,466,191,128,38,196,2,2025-26,Dennis Schröder (2025-26),100.28,3537,26.1,161.0
1641726,Dereck Lively II,Dereck,1610612742,DAL,22.0,7,3,4,0.429,16.5,1.6,2.6,0.611,0.0,0.0,0.0,1.1,1.4,0.8,2.0,3.3,5.3,1.9,1.4,0.6,1.6,0.3,3.0,1.3,4.3,2.0,18.4,0,0,15.7,518,503,509,369,362,435,487,45,517,548,517,258,276,229,63,168,117,254,167,330,13,328,29,274,438,120,268,284,38,310,1,2025-26,Dereck Lively II (2025-26),107.02,256,19.7,267.0
1642852,Derik Queen,Derik,1610612740,NOP,21.0,81,26,55,0.321,25.0,4.4,9.2,0.473,0.3,1.1,0.261,2.7,3.4,0.795,1.7,5.4,7.1,3.7,2.3,1.0,0.9,0.8,2.7,2.7,11.7,-3.8,29.2,14,2,26.6,19,231,10,434,189,160,164,233,451,450,451,85,86,239,86,40,48,94,58,111,58,66,55,91,172,484,108,38,16,121,1,2025-26,Derik Queen (2025-26),103.32,4350,32.0,102.0
1627884,Derrick Jones Jr.,Derrick,1610612746,LAC,29.0,50,26,24,0.52,27.0,3.8,7.6,0.499,1.1,3.1,0.359,1.4,1.9,0.763,1.2,2.2,3.5,1.4,0.8,0.9,1.0,0.4,2.1,1.8,10.1,2.6,21.2,1,0,19.8,297,231,258,288,148,201,227,167,242,253,226,206,213,316,147,303,251,334,338,160,42,237,183,187,211,103,212,201,38,220,1,2025-26,Derrick Jones Jr. (2025-26),99.15,2795,22.0,223.0
1628401,Derrick White,Derrick,1610612738,BOS,31.0,77,52,25,0.675,34.1,5.7,14.4,0.394,2.7,8.3,0.327,2.4,2.6,0.902,1.1,3.3,4.4,5.4,1.7,1.1,1.3,0.4,1.5,2.8,16.5,7.8,35.3,1,0,33.8,37,24,246,102,20,91,52,491,30,12,343,103,132,51,165,168,169,44,113,81,23,216,331,90,82,10,50,201,38,53,1,2025-26,Derrick White (2025-26),96.35,5270,38.9,51.0
1630217,Desmond Bane,Desmond,1610612753,ORL,28.0,82,45,37,0.549,33.6,7.1,14.7,0.484,2.0,5.2,0.391,3.8,4.2,0.908,1.2,2.9,4.1,4.1,2.0,1.0,0.5,1.0,3.1,2.8,20.1,1.6,33.7,1,0,33.4,1,60,93,251,24,44,50,201,80,101,118,46,56,48,152,210,188,69,81,107,182,24,25,86,44,146,64,201,38,58,1,2025-26,Desmond Bane (2025-26),102.2,5871,37.0,63.0
1626164,Devin Booker,Devin,1610612756,PHX,29.0,64,37,27,0.578,33.5,8.5,18.7,0.456,1.9,5.8,0.33,7.1,8.1,0.873,0.8,3.1,3.9,6.0,3.1,0.8,0.3,1.0,2.6,6.7,26.1,3.1,39.9,6,0,40.0,180,136,220,203,25,20,10,290,100,74,335,5,7,96,286,184,214,29,17,213,291,32,57,3,13,81,32,84,38,25,1,2025-26,Devin Booker (2025-26),100.72,4516,45.2,26.0
1642269,Devin Carter,Devin,1610612758,SAC,24.0,38,8,30,0.211,18.4,3.2,7.7,0.414,0.8,3.0,0.263,1.8,2.5,0.713,0.9,2.3,3.3,2.7,1.4,0.9,0.2,0.3,1.3,2.4,8.9,-3.0,18.8,0,0,17.9,370,440,172,519,321,258,219,444,317,256,450,161,144,405,215,285,272,166,169,166,332,287,390,123,244,453,256,284,38,264,1,2025-26,Devin Carter (2025-26),100.78,1467,20.9,244.0
1630170,Devin Vassell,Devin,1610612759,SAS,25.0,67,52,15,0.776,30.5,4.9,11.3,0.437,2.5,6.4,0.384,1.6,1.9,0.815,0.6,3.4,4.0,2.5,0.9,0.9,0.4,0.3,1.6,1.4,13.9,7.3,25.2,1,0,25.3,147,24,382,32,76,130,113,360,50,50,142,190,203,206,347,154,198,187,299,191,229,350,317,258,119,14,149,201,38,134,1,2025-26,Devin Vassell (2025-26),101.48,4321,26.6,153.0
1628415,Dillon Brooks,Dillon,1610612756,PHX,30.0,56,32,24,0.571,30.4,7.4,17.1,0.435,2.3,6.6,0.344,3.0,3.6,0.842,0.8,2.9,3.6,1.8,1.8,1.0,0.2,0.5,3.3,3.3,20.2,-0.9,29.0,0,0,30.2,247,182,258,210,80,33,22,367,65,47,276,70,77,143,280,220,234,269,110,117,407,168,18,67,41,323,110,284,38,86,1,2025-26,Dillon Brooks (2025-26),100.54,3560,30.9,111.0
1641794,Dillon Jones,Dillon,1610612752,NYK,24.0,7,5,2,0.714,5.6,0.3,1.3,0.222,0.1,0.7,0.2,0.6,0.6,1.0,0.3,0.7,1.0,0.6,0.0,0.4,0.0,0.1,0.9,0.3,1.3,1.1,4.6,0,0,3.9,518,474,540,75,550,571,556,570,480,478,488,417,464,1,488,530,526,493,562,421,524,474,487,525,558,175,541,284,38,550,1,2025-26,Dillon Jones (2025-26),102.37,86,4.7,545.0
1627734,Domantas Sabonis,Domantas,1610612758,SAC,30.0,19,3,16,0.158,29.7,6.3,11.6,0.543,0.3,1.4,0.185,2.9,4.1,0.727,3.4,8.0,11.4,4.1,2.7,0.9,0.2,0.9,3.5,3.6,15.8,-9.3,36.4,12,0,33.9,453,503,368,550,98,66,102,93,454,415,498,74,62,382,13,6,6,71,34,142,351,38,8,55,90,572,45,47,38,51,1,2025-26,Domantas Sabonis (2025-26),102.46,1199,38.9,50.0
1631230,Dominick Barlow,Dominick,1610612755,PHI,23.0,71,40,31,0.563,23.8,3.0,5.6,0.539,0.3,1.2,0.256,1.3,1.8,0.718,1.9,2.9,4.8,1.2,0.8,0.9,0.7,0.4,2.1,1.5,7.7,0.4,19.4,2,0,17.3,98,110,160,228,212,275,322,95,444,440,454,222,216,394,75,213,152,361,346,173,89,265,171,224,295,222,247,159,38,274,1,2025-26,Dominick Barlow (2025-26),101.23,3560,19.8,266.0
1642270,Donovan Clingan,Donovan,1610612757,POR,22.0,77,41,36,0.532,27.2,4.6,8.9,0.52,1.1,3.2,0.341,1.8,2.6,0.68,4.5,7.1,11.6,2.1,1.2,0.6,1.7,0.5,2.4,2.3,12.1,0.2,34.7,37,0,31.4,37,97,102,272,144,145,175,111,243,234,284,157,133,448,3,15,3,226,215,330,8,155,103,135,158,237,54,7,38,75,1,2025-26,Donovan Clingan (2025-26),101.86,4447,34.7,78.0
1628378,Donovan Mitchell,Donovan,1610612739,CLE,29.0,70,45,25,0.643,33.5,9.7,20.0,0.483,3.2,8.8,0.364,5.3,6.1,0.865,0.7,3.8,4.5,5.7,2.8,1.5,0.3,0.7,2.3,4.6,27.9,5.3,44.3,5,0,44.8,105,60,246,136,28,9,5,203,10,8,203,21,22,106,310,129,166,33,27,29,287,95,111,27,7,39,12,96,38,12,1,2025-26,Donovan Mitchell (2025-26),103.13,5035,49.1,10.0
1628978,Donte DiVincenzo,Donte,1610612750,MIN,29.0,82,49,33,0.598,30.4,4.1,10.2,0.406,3.0,7.9,0.379,1.0,1.3,0.743,0.8,3.3,4.1,3.8,1.4,1.3,0.4,0.2,2.4,1.5,12.2,4.1,26.4,1,0,26.5,1,37,135,182,79,183,137,461,17,17,158,307,299,356,259,171,191,83,165,56,195,437,95,233,154,58,134,201,38,122,1,2025-26,Donte DiVincenzo (2025-26),102.07,5306,29.0,130.0
1627827,Dorian Finney-Smith,Dorian,1610612745,HOU,33.0,37,23,14,0.622,16.8,1.2,3.6,0.333,0.7,2.7,0.27,0.2,0.2,0.889,0.9,1.6,2.5,1.0,0.6,0.4,0.2,0.2,1.6,0.2,3.3,0.4,9.0,0,0,8.7,377,268,397,156,352,485,423,539,328,288,445,520,533,72,216,407,363,411,408,419,405,461,300,537,478,220,468,284,38,461,1,2025-26,Dorian Finney-Smith (2025-26),99.32,1280,9.6,463.0
203926,Doug McDermott,Doug,1610612758,SAC,34.0,29,8,21,0.276,15.1,1.9,4.8,0.388,1.7,4.2,0.39,0.3,0.3,0.889,0.2,1.0,1.3,0.8,0.4,0.2,0.1,0.0,1.0,0.2,5.7,-3.5,8.9,0,0,10.0,415,440,305,466,389,397,362,497,136,157,119,504,524,72,510,476,493,461,473,518,431,535,472,556,376,473,471,284,38,423,1,2025-26,Doug McDermott (2025-26),101.48,929,9.5,467.0
1642962,Drake Powell,Drake,1610612751,BKN,20.0,63,16,47,0.254,20.9,2.3,5.7,0.402,0.8,2.9,0.28,1.1,1.2,0.896,0.3,1.4,1.8,1.4,1.0,0.6,0.2,0.4,1.4,0.8,6.5,-7.1,12.2,0,0,12.1,194,348,32,484,270,356,317,471,309,271,435,271,314,59,467,420,450,321,280,330,340,230,366,399,341,552,393,284,38,386,1,2025-26,Drake Powell (2025-26),98.56,2704,13.5,385.0
203110,Draymond Green,Draymond,1610612744,GSW,36.0,68,31,37,0.456,27.5,3.0,7.2,0.418,1.5,4.6,0.326,0.9,1.2,0.702,0.8,4.7,5.5,5.5,2.7,0.9,0.6,0.2,2.9,1.6,8.4,-2.0,25.2,2,0,23.9,135,188,93,351,138,278,241,432,161,134,344,324,311,423,265,70,101,37,36,164,124,392,32,212,265,403,151,159,38,155,1,2025-26,Draymond Green (2025-26),101.72,3976,29.5,127.0
1629234,Drew Eubanks,Drew,1610612758,SAC,29.0,42,10,32,0.238,13.1,2.2,3.7,0.596,0.0,0.2,0.143,0.8,1.4,0.561,0.9,2.1,3.0,0.5,0.7,0.4,0.6,0.3,1.4,1.2,5.2,-3.7,11.7,1,0,10.7,348,411,149,501,421,363,419,58,508,521,505,353,286,516,217,317,299,521,365,454,123,358,379,289,396,483,402,201,38,411,1,2025-26,Drew Eubanks (2025-26),102.17,1165,12.1,409.0
1641809,Drew Peterson,Drew,1610612766,CHA,26.0,6,1,5,0.167,10.7,0.3,2.7,0.125,0.0,2.0,0.0,0.2,0.3,0.5,0.5,1.0,1.5,0.3,0.0,0.5,0.2,0.0,0.5,0.5,0.8,-1.7,5.1,0,0,4.0,527,549,501,544,467,569,481,577,517,348,517,531,516,531,379,477,478,541,562,373,399,540,541,469,571,386,531,284,38,546,1,2025-26,Drew Peterson (2025-26),97.84,131,5.0,537.0
1631166,Drew Timme,Drew,1610612747,LAL,25.0,27,18,9,0.667,8.7,1.4,2.4,0.576,0.4,0.9,0.44,0.2,0.3,0.556,0.4,0.9,1.2,0.9,0.5,0.2,0.0,0.1,0.7,0.4,3.4,-0.9,6.3,0,0,6.3,420,325,455,106,502,456,497,69,417,464,34,525,516,519,453,507,499,440,459,510,524,470,504,508,473,318,503,284,38,500,1,2025-26,Drew Timme (2025-26),97.7,483,7.0,505.0
1630696,Dru Smith,Dru,1610612748,MIA,28.0,70,38,32,0.543,16.3,1.9,4.6,0.415,0.5,1.8,0.295,1.2,1.5,0.829,0.9,1.6,2.5,2.6,0.8,1.4,0.3,0.4,1.6,1.3,5.6,-1.2,16.9,0,0,14.7,105,128,149,262,365,392,367,441,383,367,418,241,263,175,230,405,372,178,348,33,277,214,325,275,378,345,304,284,38,336,1,2025-26,Dru Smith (2025-26),107.2,2548,18.4,298.0
1629130,Duncan Robinson,Duncan,1610612765,DET,32.0,77,58,19,0.753,27.4,4.1,9.1,0.456,2.9,7.0,0.41,1.1,1.4,0.755,0.4,2.3,2.7,2.1,0.7,0.6,0.3,0.2,2.2,1.5,12.2,7.0,20.4,0,0,21.5,37,5,333,45,139,184,168,293,22,32,72,277,276,331,449,292,343,227,371,330,287,407,150,229,155,18,228,284,38,192,1,2025-26,Duncan Robinson (2025-26),101.22,4471,21.6,231.0
1641871,Duop Reath,Duop,1610612757,POR,30.0,32,16,16,0.5,8.1,1.0,2.3,0.446,0.7,1.7,0.418,0.2,0.2,0.833,0.3,0.9,1.2,0.3,0.2,0.2,0.3,0.1,0.9,0.2,2.9,-1.2,5.8,0,0,6.0,400,348,368,303,514,499,508,330,330,386,61,538,542,160,482,504,505,550,539,538,316,520,483,554,494,346,515,284,38,509,1,2025-26,Duop Reath (2025-26),104.4,560,6.0,519.0
203939,Dwight Powell,Dwight,1610612742,DAL,34.0,63,19,44,0.302,14.4,1.0,1.6,0.644,0.0,0.1,0.286,1.2,1.8,0.696,1.5,2.6,4.1,1.1,0.7,0.5,0.3,0.2,2.1,1.7,3.3,-0.1,11.8,3,0,10.3,194,316,43,446,403,498,545,29,504,530,428,242,220,431,102,256,193,378,390,358,245,429,172,203,475,273,400,128,38,420,1,2025-26,Dwight Powell (2025-26),104.58,1971,12.2,407.0
1642928,Dylan Cardwell,Dylan,1610612758,SAC,24.0,44,13,31,0.295,20.6,2.4,4.1,0.587,0.0,0.1,0.5,0.6,1.2,0.51,3.3,4.2,7.5,1.4,0.9,0.7,1.5,0.4,3.7,1.2,5.4,-1.5,22.3,3,0,18.8,336,384,160,449,277,339,401,62,499,533,13,409,326,530,14,97,40,328,304,272,16,221,5,308,390,369,194,128,38,245,1,2025-26,Dylan Cardwell (2025-26),100.31,1886,22.4,219.0
1642844,Dylan Harper,Dylan,1610612759,SAS,20.0,69,53,16,0.768,22.6,4.8,9.5,0.505,0.9,2.6,0.343,1.3,1.7,0.756,0.8,2.6,3.4,3.9,1.4,0.8,0.3,0.8,2.0,1.4,11.8,4.4,23.6,0,0,22.2,118,19,368,36,231,138,153,148,300,298,278,225,230,329,275,247,259,81,166,219,239,54,201,257,168,53,171,284,38,180,1,2025-26,Dylan Harper (2025-26),101.49,3290,26.3,158.0
1630700,Dyson Daniels,Dyson,1610612737,ATL,23.0,76,44,32,0.579,33.2,5.3,10.2,0.517,0.3,1.5,0.188,1.0,1.6,0.615,2.4,4.4,6.8,5.9,1.8,2.0,0.4,0.6,2.2,1.7,11.9,4.0,34.3,15,2,29.6,54,67,149,201,37,112,135,120,445,401,497,301,247,498,41,80,59,32,103,6,201,148,149,200,165,60,57,36,16,92,1,2025-26,Dyson Daniels (2025-26),103.18,5403,37.6,59.0
1630604,E.J. Liddell,E.J.,1610612751,BKN,25.0,26,5,21,0.192,13.4,2.1,4.3,0.486,0.7,2.0,0.346,0.8,1.0,0.808,0.5,2.1,2.7,0.9,0.6,0.2,0.4,0.3,1.7,1.1,5.7,-1.8,11.5,1,0,11.2,425,474,305,535,417,376,390,193,343,348,270,341,360,217,363,313,346,422,412,507,220,349,271,316,377,392,406,201,38,401,1,2025-26,E.J. Liddell (2025-26),99.52,724,12.0,413.0
1642856,Egor Dëmin,Egor,1610612751,BKN,20.0,52,14,38,0.269,25.2,3.4,8.6,0.399,2.4,6.2,0.385,1.0,1.3,0.831,0.4,2.8,3.2,3.3,1.7,0.8,0.3,0.3,1.8,1.2,10.3,-3.1,20.9,1,0,21.5,286,374,81,473,185,231,184,479,54,58,140,282,303,169,429,229,284,115,128,206,255,319,261,302,204,459,218,201,38,194,1,2025-26,Egor Dëmin (2025-26),99.16,2702,23.5,196.0
1641989,Elijah Harkless,Elijah,1610612762,UTA,26.0,26,5,21,0.192,21.0,2.1,6.2,0.335,0.8,3.4,0.239,1.9,2.5,0.766,0.4,1.7,2.0,2.9,1.0,1.2,0.2,0.4,2.0,2.7,6.8,-1.3,16.9,1,0,15.4,425,474,305,535,268,376,294,537,310,218,472,146,147,312,444,395,415,147,257,70,336,256,203,93,329,348,303,201,38,319,1,2025-26,Elijah Harkless (2025-26),103.83,1177,18.9,286.0
1641801,Emanuel Miller,Emanuel,1610612759,SAS,26.0,5,0,5,0.0,6.6,1.2,2.6,0.462,0.4,1.2,0.333,0.2,0.4,0.5,0.2,0.4,0.6,0.8,0.0,0.4,0.0,0.0,0.4,0.2,3.0,-3.8,6.1,0,0,5.6,539,567,501,567,533,480,484,271,419,435,302,521,504,531,531,561,560,452,562,432,524,540,556,549,489,485,510,284,38,515,1,2025-26,Emanuel Miller (2025-26),103.84,72,6.4,511.0
1642402,Enrique Freeman,Enrique,1610612750,MIN,25.0,4,3,1,0.75,9.3,1.0,2.0,0.5,0.5,1.0,0.5,0.8,1.0,0.75,0.5,2.0,2.5,0.5,0.5,0.5,0.8,0.3,1.3,1.0,3.3,7.0,10.3,0,0,9.3,551,503,556,46,489,500,527,156,393,455,13,356,360,333,379,332,365,510,444,373,85,372,408,341,480,16,434,284,38,449,1,2025-26,Enrique Freeman (2025-26),112.23,90,10.5,441.0
201569,Eric Gordon,Eric,1610612755,PHI,37.0,6,3,3,0.5,12.3,2.0,3.5,0.571,1.3,2.3,0.571,0.2,0.3,0.5,0.2,0.2,0.3,0.5,0.5,0.7,0.2,0.2,0.5,0.2,5.5,-5.2,8.7,0,0,9.3,527,503,530,303,436,383,428,72,190,318,9,531,516,531,544,573,572,510,444,276,399,445,541,557,383,529,476,284,38,445,1,2025-26,Eric Gordon (2025-26),102.51,156,9.3,473.0
1630679,Ethan Thompson,Ethan,1610612754,IND,27.0,32,8,24,0.25,20.4,2.3,6.1,0.378,1.2,3.6,0.328,1.2,1.5,0.787,0.5,1.6,2.2,1.8,0.8,0.6,0.3,0.4,2.2,1.4,7.0,0.0,14.2,0,0,13.9,400,440,258,485,285,352,296,511,221,197,340,256,270,259,369,400,406,265,351,303,291,234,158,251,326,250,358,284,38,351,1,2025-26,Ethan Thompson (2025-26),101.84,1387,15.4,352.0
1630596,Evan Mobley,Evan,1610612739,CLE,25.0,65,40,25,0.615,31.9,7.2,13.2,0.546,1.0,3.2,0.297,2.8,4.6,0.606,2.4,6.6,9.0,3.6,1.9,0.7,1.7,0.7,2.4,3.5,18.2,3.4,39.9,27,0,36.7,166,110,246,163,52,40,70,89,284,231,413,80,51,503,43,20,19,99,91,239,7,72,89,58,61,73,30,14,38,39,1,2025-26,Evan Mobley (2025-26),101.89,4391,41.8,40.0
1630532,Franz Wagner,Franz,1610612753,ORL,24.0,34,20,14,0.588,30.0,7.2,14.9,0.481,1.4,4.1,0.345,4.8,5.8,0.823,1.3,3.9,5.2,3.3,1.7,0.9,0.3,1.0,2.1,4.5,20.6,2.4,33.9,0,0,33.0,394,302,397,191,90,41,49,207,178,173,274,28,29,193,136,115,123,116,122,145,259,22,167,28,37,113,60,284,38,63,1,2025-26,Franz Wagner (2025-26),104.86,2226,36.2,72.0
1641713,GG Jackson,GG,1610612763,MEM,21.0,55,16,39,0.291,21.4,4.6,9.3,0.496,1.2,3.5,0.332,2.0,2.7,0.742,0.9,3.4,4.3,1.5,1.5,0.6,0.8,0.6,1.4,1.9,12.5,-1.5,22.4,1,0,22.1,258,348,76,450,258,144,159,171,226,207,329,131,122,359,228,158,179,313,143,340,75,113,377,171,145,376,192,201,38,182,1,2025-26,GG Jackson (2025-26),102.85,2525,23.8,192.0
1629216,Gabe Vincent,Gabe,1610612737,ATL,30.0,53,36,17,0.679,16.6,1.4,4.1,0.352,1.1,3.3,0.341,0.4,0.4,0.87,0.3,0.7,1.0,1.4,0.5,0.5,0.1,0.2,1.5,0.6,4.4,0.7,8.9,0,0,9.1,276,151,359,99,357,452,400,531,240,225,285,473,497,99,478,533,524,323,443,371,505,431,344,442,430,197,470,284,38,456,2,2025-26,Gabe Vincent (2025-26),101.94,1873,9.9,452.0
202066,Garrett Temple,Garrett,1610612761,TOR,40.0,22,10,12,0.455,3.3,0.2,0.7,0.267,0.1,0.5,0.25,0.3,0.4,0.667,0.0,0.4,0.4,0.4,0.3,0.2,0.1,0.0,0.3,0.3,0.8,0.0,2.4,0,0,2.3,440,411,419,352,574,576,577,565,483,494,458,505,501,452,564,564,568,529,513,528,479,531,569,519,575,256,573,284,38,574,1,2025-26,Garrett Temple (2025-26),102.66,157,2.8,571.0
1629726,Garrison Mathews,Garrison,1610612754,IND,29.0,15,4,11,0.267,13.1,1.4,3.5,0.404,1.1,3.1,0.37,1.3,1.5,0.826,0.1,1.0,1.1,0.7,0.2,0.4,0.2,0.1,1.3,1.5,5.2,-0.1,9.2,0,0,9.3,465,487,432,476,422,457,431,467,237,251,188,234,256,184,553,477,514,478,541,432,358,482,404,237,397,271,460,284,38,445,1,2025-26,Garrison Mathews (2025-26),103.91,425,9.5,469.0
203914,Gary Harris,Gary,1610612749,MIL,31.0,48,15,33,0.313,13.8,1.0,2.2,0.442,0.6,1.4,0.412,0.2,0.2,0.889,0.3,0.9,1.3,1.1,0.4,0.6,0.2,0.1,1.1,0.1,2.7,-2.8,7.6,0,0,7.1,310,365,135,441,413,509,521,341,374,416,68,531,542,72,467,495,494,383,490,342,373,511,443,560,508,441,491,284,38,490,1,2025-26,Gary Harris (2025-26),98.9,1361,8.3,489.0
1627780,Gary Payton II,Gary,1610612744,GSW,33.0,73,33,40,0.452,15.6,3.3,5.7,0.583,0.5,1.7,0.291,0.4,0.5,0.65,1.4,2.2,3.6,1.7,0.8,0.9,0.3,0.2,1.8,0.5,7.5,-1.5,17.1,2,0,15.7,78,175,69,356,382,242,316,63,392,384,425,484,470,471,122,299,233,275,318,152,286,408,258,462,304,368,296,159,38,309,1,2025-26,Gary Payton II (2025-26),102.7,2420,18.1,305.0
1629018,Gary Trent Jr.,Gary,1610612749,MIL,27.0,65,24,41,0.369,21.2,2.8,7.3,0.387,1.9,5.3,0.36,0.6,0.8,0.769,0.1,0.9,1.0,1.2,0.6,0.5,0.0,0.2,1.3,0.7,8.1,-5.4,12.3,0,0,13.4,166,252,61,400,262,299,238,501,107,98,224,401,409,306,554,499,521,364,394,364,512,397,393,417,278,534,389,284,38,357,1,2025-26,Gary Trent Jr. (2025-26),99.53,2859,13.3,389.0
203507,Giannis Antetokounmpo,Giannis,1610612749,MIL,31.0,36,17,19,0.472,28.9,10.4,16.6,0.624,0.4,1.3,0.333,6.4,9.9,0.65,2.7,7.1,9.8,5.4,3.2,0.9,0.7,1.0,2.4,8.1,27.6,2.7,49.1,19,0,46.4,384,334,333,345,114,4,28,40,415,430,302,8,2,474,29,16,17,41,13,143,110,35,99,1,9,98,5,25,38,6,1,2025-26,Giannis Antetokounmpo (2025-26),99.9,2163,53.1,8.0
1629048,Goga Bitadze,Goga,1610612753,ORL,26.0,64,34,30,0.531,15.2,2.4,3.5,0.676,0.0,0.2,0.182,1.1,1.5,0.711,2.1,2.9,5.0,1.3,0.7,0.6,1.0,0.2,2.1,1.5,5.9,0.3,17.8,3,0,15.3,180,168,172,273,388,341,427,15,505,520,500,276,261,406,53,219,135,345,378,327,51,413,163,236,360,231,284,128,38,322,1,2025-26,Goga Bitadze (2025-26),102.52,2069,18.1,306.0
1641711,Gradey Dick,Gradey,1610612761,TOR,22.0,76,43,33,0.566,14.0,2.1,5.1,0.419,0.7,2.4,0.301,1.0,1.2,0.875,0.6,1.4,1.9,0.7,0.6,0.6,0.1,0.3,1.3,0.9,6.0,1.6,10.8,1,0,10.7,54,75,135,224,406,372,348,422,326,307,401,285,327,87,357,432,432,477,423,324,478,327,384,380,359,149,421,201,38,410,1,2025-26,Gradey Dick (2025-26),103.25,2308,11.3,422.0
1641761,Grant Nelson,Grant,1610612751,BKN,24.0,4,0,4,0.0,8.8,1.3,2.3,0.556,0.0,0.0,0.0,1.8,2.5,0.7,0.3,1.3,1.5,1.3,1.0,0.3,1.3,0.5,1.5,2.0,4.3,-1.8,11.4,0,0,10.0,551,567,509,567,499,468,514,81,517,548,517,164,136,424,504,443,478,354,257,498,25,178,340,160,440,391,408,284,38,425,1,2025-26,Grant Nelson (2025-26),97.34,71,12.8,400.0
1629684,Grant Williams,Grant,1610612766,CHA,27.0,36,25,11,0.694,19.8,2.2,5.1,0.426,1.4,3.7,0.388,1.2,1.5,0.815,1.3,2.7,3.9,1.6,0.9,0.5,0.5,0.2,1.6,1.4,7.0,5.6,16.1,0,0,15.9,384,243,432,85,299,366,346,393,172,190,126,245,263,207,134,240,209,298,313,399,156,445,327,245,324,35,317,284,38,306,1,2025-26,Grant Williams (2025-26),99.41,1479,17.0,323.0
1628960,Grayson Allen,Grayson,1610612756,PHX,30.0,51,26,25,0.51,28.8,5.3,13.1,0.403,3.1,8.9,0.349,2.8,3.3,0.857,0.7,2.3,3.0,3.8,1.6,1.4,0.3,0.6,2.3,3.0,16.5,0.4,29.1,0,0,29.7,291,231,246,296,115,116,74,469,14,7,259,76,91,116,304,288,294,82,132,47,314,137,122,77,81,224,109,284,38,91,1,2025-26,Grayson Allen (2025-26),99.12,3037,32.0,100.0
1627824,Guerschon Yabusele,Guerschon,1610612741,CHI,30.0,67,32,35,0.478,15.0,1.9,4.7,0.401,1.0,2.9,0.352,0.8,1.1,0.75,0.8,2.7,3.5,0.9,0.6,0.4,0.2,0.3,1.2,0.8,5.6,-2.5,12.4,4,0,12.3,147,182,112,340,392,396,366,474,259,266,247,343,345,333,250,242,245,418,401,440,330,368,419,395,380,422,387,114,38,383,2,2025-26,Guerschon Yabusele (2025-26),103.86,2182,12.8,399.0
1630611,Gui Santos,Gui,1610612744,GSW,24.0,68,29,39,0.426,20.5,3.4,6.8,0.5,1.1,3.3,0.351,1.3,1.8,0.725,1.1,2.8,3.9,2.3,1.5,0.9,0.3,0.5,2.1,1.8,9.2,0.5,19.6,3,0,19.0,135,203,76,371,279,234,257,156,232,224,252,231,224,386,170,227,211,202,150,164,259,201,179,193,238,217,239,128,38,239,1,2025-26,Gui Santos (2025-26),100.89,2935,21.4,234.0
203084,Harrison Barnes,Harrison,1610612759,SAS,34.0,77,57,20,0.74,25.8,3.4,7.5,0.456,1.8,4.6,0.388,1.3,1.6,0.829,0.8,2.0,2.8,1.9,0.8,0.6,0.2,0.3,1.1,1.3,9.9,4.3,17.8,0,0,18.0,37,6,322,58,175,233,230,291,115,130,125,221,248,172,266,344,331,248,344,289,413,347,444,262,217,55,283,284,38,262,1,2025-26,Harrison Barnes (2025-26),101.69,4209,19.0,285.0
1631127,Harrison Ingram,Harrison,1610612759,SAS,23.0,7,6,1,0.857,3.7,0.7,0.9,0.833,0.1,0.1,1.0,0.0,0.0,0.0,0.4,0.0,0.4,0.1,0.1,0.0,0.0,0.0,0.3,0.1,1.6,-0.9,2.2,0,0,2.3,518,461,556,6,569,534,572,1,480,526,1,563,564,563,414,577,566,570,550,564,524,540,565,561,549,319,574,284,38,573,1,2025-26,Harrison Ingram (2025-26),103.84,57,2.3,575.0
1643060,Hayden Gray,Hayden,1610612762,UTA,23.0,1,0,1,0.0,24.8,2.0,3.0,0.667,0.0,1.0,0.0,2.0,2.0,1.0,0.0,0.0,0.0,1.0,1.0,1.0,1.0,0.0,0.0,1.0,6.0,-18.0,12.5,0,0,11.0,579,567,556,567,194,383,458,17,517,455,517,134,189,1,565,577,579,394,257,121,42,540,579,341,357,580,384,284,38,404,1,2025-26,Hayden Gray (2025-26),104.73,53,14.0,374.0
1629312,Haywood Highsmith,Haywood,1610612756,PHX,29.0,7,4,3,0.571,13.0,1.7,3.3,0.522,1.1,2.0,0.571,0.9,1.0,0.857,0.9,1.0,1.9,1.0,0.0,0.6,0.0,0.3,1.3,0.7,5.4,1.4,10.9,0,0,10.6,518,487,530,210,424,418,439,110,234,348,9,329,360,116,242,477,437,394,562,330,524,328,399,422,389,157,419,284,38,414,1,2025-26,Haywood Highsmith (2025-26),93.58,180,11.0,429.0
1630529,Herbert Jones,Herbert,1610612740,NOP,27.0,56,22,34,0.393,28.4,3.3,8.5,0.383,1.4,4.6,0.309,0.9,1.1,0.806,0.8,2.6,3.4,2.8,1.3,1.6,0.5,0.5,3.2,1.2,8.9,-0.9,21.9,0,0,20.6,247,277,125,390,123,249,187,505,176,131,387,321,339,218,247,258,258,154,195,18,166,196,22,307,247,323,204,284,38,212,1,2025-26,Herbert Jones (2025-26),101.08,3337,23.9,189.0
1642864,Hugo González,Hugo,1610612738,BOS,20.0,74,51,23,0.689,14.6,1.6,3.3,0.476,0.6,1.6,0.362,0.2,0.4,0.5,0.8,2.5,3.3,0.5,0.5,0.6,0.3,0.3,1.7,0.7,3.9,3.3,10.7,2,0,10.0,70,30,275,88,397,431,438,226,378,399,214,528,512,531,248,266,268,502,442,338,290,336,289,424,453,77,423,159,38,422,1,2025-26,Hugo González (2025-26),97.78,2201,10.9,432.0
1630621,Hunter Dickinson,Hunter,1610612740,NOP,25.0,5,1,4,0.2,8.5,1.0,2.8,0.357,0.0,0.8,0.0,0.4,0.4,1.0,0.4,0.6,1.0,0.4,0.6,0.2,0.4,0.0,1.2,0.2,2.4,-7.4,5.4,0,0,5.0,539,549,509,526,509,500,472,528,517,472,517,469,504,1,431,541,526,530,403,521,205,540,421,549,515,560,526,284,38,522,1,2025-26,Hunter Dickinson (2025-26),109.61,96,6.0,515.0
1642282,Hunter Sallis,Hunter,1610612755,PHI,23.0,7,3,4,0.429,3.7,0.4,0.7,0.6,0.0,0.0,0.0,0.1,0.3,0.5,0.0,0.1,0.1,0.6,0.7,0.0,0.1,0.0,0.3,0.3,1.0,-1.9,1.7,0,0,2.0,518,503,509,369,571,563,575,49,517,548,517,542,526,531,565,574,578,493,365,564,423,540,565,525,564,395,575,284,38,575,1,2025-26,Hunter Sallis (2025-26),106.57,57,2.7,573.0
1641816,Hunter Tyson,Hunter,1610612743,DEN,26.0,21,15,6,0.714,7.7,0.7,2.5,0.269,0.3,1.6,0.212,0.5,0.6,0.846,0.2,1.5,1.7,0.8,0.2,0.1,0.0,0.3,0.6,0.4,2.2,-1.1,5.7,0,0,5.3,444,365,485,75,517,540,494,564,429,398,485,427,451,136,539,412,458,450,535,555,510,328,522,505,526,342,521,284,38,518,1,2025-26,Hunter Tyson (2025-26),98.58,333,6.0,521.0
1630193,Immanuel Quickley,Immanuel,1610612761,TOR,27.0,70,41,29,0.586,31.9,5.7,12.9,0.443,2.5,6.8,0.374,2.4,3.0,0.821,0.5,3.5,4.0,5.9,1.5,1.3,0.1,0.6,2.0,2.7,16.4,1.7,32.9,8,0,31.7,105,97,189,193,53,88,79,339,43,40,173,99,107,197,359,147,196,30,162,50,496,125,202,98,83,143,73,66,38,73,1,2025-26,Immanuel Quickley (2025-26),100.06,4644,36.5,69.0
1642403,Isaac Jones,Isaac,1610612765,DET,25.0,7,5,2,0.714,5.1,0.4,1.0,0.429,0.0,0.3,0.0,0.4,0.6,0.75,0.3,0.4,0.7,0.1,0.1,0.0,0.1,0.1,0.6,0.6,1.3,-3.7,2.6,0,0,2.4,518,474,540,75,555,563,565,385,517,514,517,462,464,333,488,558,553,570,550,564,423,474,531,451,558,482,571,284,38,571,2,2025-26,Isaac Jones (2025-26),96.18,72,2.7,573.0
1630171,Isaac Okoro,Isaac,1610612741,CHI,25.0,63,26,37,0.413,26.9,3.3,7.3,0.46,1.2,3.5,0.33,1.4,1.8,0.795,1.1,1.7,2.7,1.6,0.7,0.7,0.5,0.4,2.6,1.7,9.3,-5.3,17.8,0,0,17.1,194,231,93,378,153,238,237,278,228,208,332,208,220,241,173,397,335,295,364,243,176,212,69,203,234,531,282,284,38,278,1,2025-26,Isaac Okoro (2025-26),103.21,3634,18.8,291.0
1642268,Isaiah Collier,Isaiah,1610612762,UTA,21.0,59,16,43,0.271,25.7,4.3,8.7,0.495,0.5,1.7,0.27,2.6,3.5,0.722,0.4,2.2,2.5,7.2,2.5,1.1,0.3,0.9,2.3,2.6,11.7,-7.5,27.3,10,0,24.7,225,348,51,471,178,165,181,173,407,389,445,90,78,389,460,310,359,13,41,86,244,39,107,109,174,564,124,56,38,142,1,2025-26,Isaiah Collier (2025-26),104.25,3291,32.9,91.0
1642384,Isaiah Crawford,Isaiah,1610612745,HOU,24.0,14,8,6,0.571,6.6,0.7,1.7,0.417,0.2,0.9,0.231,0.4,0.4,0.833,0.2,0.9,1.1,0.4,0.3,0.1,0.2,0.1,0.3,0.6,2.0,-0.6,4.7,0,0,4.4,472,440,485,210,534,534,540,434,464,463,478,481,498,160,524,496,511,539,519,541,348,474,565,451,531,304,540,284,38,538,1,2025-26,Isaiah Crawford (2025-26),97.46,188,4.9,540.0
1628392,Isaiah Hartenstein,Isaiah,1610612760,OKC,28.0,47,39,8,0.83,24.2,3.9,6.3,0.622,0.0,0.1,0.0,1.4,2.2,0.61,3.2,6.3,9.4,3.5,1.7,1.0,0.8,0.4,2.5,2.1,9.2,7.8,29.4,11,1,25.7,320,118,468,14,202,195,290,41,517,525,517,215,171,500,16,23,18,103,112,114,82,273,78,153,237,11,105,53,23,130,1,2025-26,Isaiah Hartenstein (2025-26),100.69,2383,31.0,109.0
1630543,Isaiah Jackson,Isaiah,1610612746,LAC,24.0,55,20,35,0.364,16.5,2.7,4.3,0.637,0.0,0.1,0.0,1.2,1.9,0.648,2.1,3.2,5.3,0.9,1.1,0.7,0.9,0.3,2.7,1.5,6.7,-0.9,18.1,7,0,16.0,258,302,112,403,361,305,388,33,517,539,517,243,207,475,59,178,118,417,247,285,61,366,50,235,332,327,274,72,38,304,2,2025-26,Isaiah Jackson (2025-26),102.07,1934,18.5,296.0
1630198,Isaiah Joe,Isaiah,1610612760,OKC,26.0,71,56,15,0.789,21.2,3.5,7.6,0.455,2.5,6.0,0.423,1.5,1.7,0.894,0.5,2.1,2.5,1.3,0.6,0.7,0.2,0.2,1.7,1.9,11.1,5.0,18.0,0,0,19.2,98,7,382,27,261,227,221,299,41,64,50,192,228,64,403,320,357,344,392,261,415,390,281,177,185,42,275,284,38,232,1,2025-26,Isaiah Joe (2025-26),101.43,3178,18.8,288.0
1630587,Isaiah Livers,Isaiah,1610612756,PHX,27.0,36,21,15,0.583,9.6,0.6,1.8,0.344,0.3,1.1,0.3,0.3,0.3,0.75,0.5,1.2,1.7,0.6,0.3,0.4,0.2,0.2,0.8,0.2,1.8,0.3,6.1,0,0,5.6,384,292,382,195,482,548,536,535,429,447,403,510,516,333,371,456,461,492,503,452,340,424,499,545,541,229,508,284,38,516,1,2025-26,Isaiah Livers (2025-26),101.64,737,6.4,510.0
1641815,Isaiah Stevens,Isaiah,1610612758,SAC,25.0,3,0,3,0.0,14.3,1.0,2.3,0.429,0.0,0.3,0.0,1.3,1.3,1.0,0.7,0.3,1.0,3.3,0.7,1.7,0.0,0.7,0.7,0.7,3.3,-3.0,13.9,0,0,11.0,566,567,530,567,404,500,504,385,517,510,517,217,290,1,320,565,526,113,379,13,524,96,511,433,475,454,360,284,38,404,1,2025-26,Isaiah Stevens (2025-26),97.61,88,16.0,341.0
1630191,Isaiah Stewart,Isaiah,1610612765,DET,25.0,58,42,16,0.724,22.7,3.8,6.9,0.55,0.7,2.1,0.333,1.7,2.3,0.756,1.7,3.3,5.0,1.1,1.2,0.3,1.6,0.4,2.9,2.1,10.0,0.7,22.2,2,0,20.6,230,87,368,71,228,199,250,86,344,335,302,172,168,330,90,160,135,373,229,489,12,245,35,149,213,200,196,159,38,211,1,2025-26,Isaiah Stewart (2025-26),101.0,2767,22.9,210.0
1627826,Ivica Zubac,Ivica,1610612754,IND,29.0,48,17,31,0.354,30.1,6.0,10.0,0.598,0.0,0.0,0.0,2.1,3.0,0.711,3.4,7.2,10.6,2.2,1.8,0.4,0.8,0.7,2.3,3.1,14.1,-1.0,31.9,24,0,29.3,310,334,160,408,88,80,141,57,517,548,517,122,106,407,12,11,10,216,102,448,69,76,108,74,114,332,80,16,38,95,2,2025-26,Ivica Zubac (2025-26),97.51,2949,32.7,94.0
1631120,JD Davison,JD,1610612745,HOU,23.0,28,23,5,0.821,7.8,0.9,2.3,0.375,0.3,1.1,0.25,0.5,0.7,0.684,0.1,1.1,1.2,1.3,0.3,0.2,0.2,0.1,0.6,0.5,2.5,0.6,6.8,0,0,6.1,418,268,501,17,516,516,509,513,446,441,458,450,436,442,557,468,502,354,529,515,348,474,524,464,513,209,498,284,38,505,1,2025-26,JD Davison (2025-26),97.79,447,7.5,498.0
1629630,Ja Morant,Ja,1610612763,MEM,26.0,20,7,13,0.35,28.4,6.6,16.1,0.41,1.0,4.3,0.235,5.3,5.9,0.897,0.4,2.9,3.3,8.1,3.6,1.0,0.3,0.9,2.0,4.2,19.5,-2.5,35.8,8,0,34.4,449,452,409,409,120,59,31,452,268,155,474,23,28,58,431,222,277,5,7,121,277,40,203,36,50,423,48,66,38,48,1,2025-26,Ja Morant (2025-26),106.6,1265,42.7,35.0
1642266,Ja'Kobe Walter,Ja'Kobe,1610612761,TOR,21.0,72,41,31,0.569,20.5,2.5,5.6,0.446,1.5,3.7,0.409,1.0,1.3,0.789,0.8,1.8,2.6,1.2,0.5,1.0,0.2,0.3,2.3,1.1,7.5,0.0,15.5,0,0,15.2,84,97,160,218,282,328,323,333,150,188,74,302,303,254,276,379,352,367,441,120,369,345,131,311,302,252,332,284,38,323,1,2025-26,Ja'Kobe Walter (2025-26),100.83,3084,16.1,338.0
1631095,Jabari Smith Jr.,Jabari,1610612745,HOU,23.0,77,48,29,0.623,35.1,5.7,12.7,0.449,2.3,6.3,0.363,2.1,2.7,0.775,1.4,5.5,6.9,1.9,1.4,0.7,0.9,0.7,2.5,2.1,15.8,3.4,30.4,14,0,30.1,37,41,189,155,9,90,81,320,64,54,209,124,126,294,120,37,58,254,186,245,55,87,82,151,91,74,96,38,38,88,1,2025-26,Jabari Smith Jr. (2025-26),97.66,5501,31.3,106.0
1631133,Jabari Walker,Jabari,1610612755,PHI,23.0,64,36,28,0.563,11.9,1.5,3.3,0.455,0.5,1.5,0.337,0.8,1.1,0.735,1.1,1.9,3.0,0.5,0.4,0.4,0.2,0.3,1.6,0.9,4.3,0.1,10.0,2,0,9.5,180,151,205,229,445,443,437,295,393,406,296,348,347,367,162,353,301,506,482,453,357,286,310,378,434,246,440,159,38,442,1,2025-26,Jabari Walker (2025-26),102.53,1629,10.1,447.0
1631210,Jacob Toppin,Jacob,1610612737,ATL,26.0,5,3,2,0.6,3.4,0.8,1.2,0.667,0.0,0.0,0.0,0.0,0.0,0.0,0.0,0.2,0.2,0.2,0.0,0.0,0.2,0.0,0.2,0.2,1.6,2.6,2.7,0,0,2.4,539,503,540,174,573,523,560,17,517,548,517,563,564,563,565,570,576,566,562,564,358,540,574,549,548,103,570,284,38,572,1,2025-26,Jacob Toppin (2025-26),102.45,37,2.8,572.0
1630702,Jaden Hardy,Jaden,1610612764,WAS,23.0,57,13,44,0.228,15.8,3.2,7.5,0.424,1.8,4.6,0.397,1.0,1.3,0.733,0.3,1.2,1.5,1.0,1.1,0.3,0.1,0.3,1.6,1.0,9.2,-1.5,12.6,0,0,14.3,235,384,43,511,377,257,229,401,113,132,102,306,295,370,496,447,477,391,241,487,459,296,323,336,240,366,383,284,38,344,2,2025-26,Jaden Hardy (2025-26),103.45,1936,13.9,380.0
1631093,Jaden Ivey,Jaden,1610612741,CHI,24.0,37,23,14,0.622,18.1,3.1,6.9,0.445,1.4,3.6,0.373,1.0,1.3,0.809,0.6,1.8,2.5,1.8,1.1,0.6,0.4,0.5,1.4,1.1,8.5,0.7,16.1,0,0,16.2,377,268,397,156,328,270,251,334,188,198,178,284,300,216,327,370,374,258,238,306,226,170,362,326,258,198,316,284,38,297,2,2025-26,Jaden Ivey (2025-26),101.98,1422,17.7,313.0
1630183,Jaden McDaniels,Jaden,1610612750,MIN,25.0,73,44,29,0.603,31.7,5.7,11.1,0.515,1.4,3.4,0.412,2.0,2.4,0.835,1.0,3.2,4.2,2.7,1.8,1.1,1.0,0.6,3.3,2.1,14.8,1.6,28.6,0,0,27.5,78,67,189,173,55,89,117,124,179,216,67,133,153,158,184,179,180,158,101,90,42,139,13,147,103,147,115,284,38,115,1,2025-26,Jaden McDaniels (2025-26),102.0,4908,30.9,113.0
1630256,Jae'Sean Tate,Jae'Sean,1610612745,HOU,30.0,46,33,13,0.717,8.8,1.2,2.4,0.514,0.2,0.7,0.313,0.2,0.2,0.636,0.7,0.9,1.6,0.5,0.3,0.2,0.1,0.1,1.0,0.4,2.8,-0.8,6.0,0,0,5.7,324,175,409,74,497,477,502,131,463,479,382,539,534,486,307,505,467,501,498,513,501,486,456,509,504,315,512,284,38,514,1,2025-26,Jae'Sean Tate (2025-26),97.9,821,6.3,513.0
1642942,Jahmai Mashack,Jahmai,1610612763,MEM,23.0,31,10,21,0.323,21.7,2.5,6.3,0.395,0.6,2.4,0.253,0.6,1.1,0.543,0.7,1.9,2.6,2.2,1.6,1.2,0.5,0.3,2.2,1.1,6.2,-6.8,16.0,2,1,14.9,407,411,305,431,252,331,291,490,359,310,456,403,335,525,295,354,349,212,137,69,181,311,154,312,350,548,321,159,23,331,1,2025-26,Jahmai Mashack (2025-26),104.0,1459,18.2,302.0
1642443,Jahmir Young,Jahmir,1610612748,MIA,25.0,14,10,4,0.714,4.2,0.7,1.8,0.4,0.2,0.6,0.333,0.1,0.1,1.0,0.1,0.1,0.3,0.6,0.2,0.1,0.0,0.3,0.5,0.2,1.8,0.1,3.1,0,0,3.1,472,411,509,75,564,534,534,475,464,481,302,542,553,1,549,574,573,483,540,560,524,328,541,546,542,245,567,284,38,564,1,2025-26,Jahmir Young (2025-26),112.17,133,3.6,565.0
1643141,Jahmyl Telfort,Jahmyl,1610612746,LAC,25.0,8,2,6,0.25,4.0,0.0,0.5,0.0,0.0,0.5,0.0,0.1,0.5,0.25,0.0,0.4,0.4,0.1,0.1,0.1,0.0,0.0,0.6,0.3,0.1,-0.9,1.0,0,0,0.9,515,526,485,485,565,578,580,578,517,496,517,546,481,560,565,563,570,573,554,545,524,540,520,531,578,323,581,284,38,581,1,2025-26,Jahmyl Telfort (2025-26),101.14,67,1.1,580.0
1631170,Jaime Jaquez Jr.,Jaime,1610612748,MIA,25.0,75,41,34,0.547,28.3,6.2,12.2,0.507,0.8,2.4,0.317,2.2,2.9,0.769,1.3,3.7,5.0,4.7,2.0,0.7,0.3,1.0,1.8,2.2,15.4,1.9,29.3,6,0,27.7,60,97,125,256,126,72,89,143,321,309,370,115,116,308,133,135,135,60,80,275,293,36,254,144,94,127,107,84,38,114,1,2025-26,Jaime Jaquez Jr. (2025-26),105.49,4666,32.6,95.0
1631222,Jake LaRavia,Jake,1610612747,LAL,24.0,82,53,29,0.646,25.1,2.9,6.4,0.459,1.0,3.0,0.321,1.4,1.9,0.763,1.4,2.6,4.0,1.8,1.1,1.3,0.5,0.3,2.4,1.5,8.2,-0.1,19.8,1,0,18.4,1,19,189,132,186,295,286,282,285,261,358,207,214,317,116,254,205,268,245,56,172,289,97,242,274,258,236,201,38,255,1,2025-26,Jake LaRavia (2025-26),100.51,4314,20.9,243.0
1627751,Jakob Poeltl,Jakob,1610612761,TOR,30.0,46,26,20,0.565,25.0,4.7,6.7,0.7,0.0,0.0,0.0,1.3,2.1,0.602,2.5,4.5,7.0,2.0,1.2,0.9,0.7,0.3,3.2,2.0,10.7,1.0,25.6,7,0,22.9,324,231,322,225,190,141,258,11,517,548,517,229,178,505,38,75,52,232,213,180,100,359,23,160,193,180,144,72,38,169,1,2025-26,Jakob Poeltl (2025-26),100.36,2402,26.5,156.0
1628973,Jalen Brunson,Jalen,1610612752,NYK,29.0,74,50,24,0.676,35.0,9.3,19.9,0.467,2.6,7.1,0.369,4.8,5.7,0.841,0.4,2.9,3.3,6.8,2.4,0.8,0.1,0.7,2.3,5.1,26.0,4.8,40.5,12,0,40.6,70,32,258,101,11,10,6,258,39,26,189,29,31,147,421,212,263,16,54,221,457,94,118,17,14,45,27,47,38,21,1,2025-26,Jalen Brunson (2025-26),98.25,5313,45.6,23.0
1631105,Jalen Duren,Jalen,1610612765,DET,22.0,70,50,20,0.714,28.2,7.5,11.5,0.65,0.0,0.0,0.0,4.6,6.1,0.747,3.8,6.7,10.5,2.0,1.9,0.8,0.8,1.2,2.8,4.3,19.5,6.9,38.2,41,0,35.3,105,32,322,75,127,31,105,26,517,548,517,34,22,351,8,19,12,241,93,203,66,11,41,35,49,21,39,5,38,44,1,2025-26,Jalen Duren (2025-26),100.81,4145,38.9,48.0
1630224,Jalen Green,Jalen,1610612756,PHX,24.0,32,17,15,0.531,25.9,6.8,16.0,0.422,2.2,7.1,0.313,2.0,2.7,0.747,0.5,3.1,3.6,2.8,2.3,1.1,0.3,1.1,1.3,2.6,17.8,1.0,28.1,0,0,29.1,400,334,382,273,171,57,34,413,68,29,381,132,125,349,379,184,234,149,64,105,316,15,392,114,64,181,118,284,38,98,1,2025-26,Jalen Green (2025-26),99.56,1727,31.0,110.0
1630552,Jalen Johnson,Jalen,1610612737,ATL,24.0,72,42,30,0.583,35.2,8.3,17.1,0.489,1.7,4.7,0.352,4.2,5.3,0.788,1.4,8.9,10.3,7.9,3.4,1.2,0.4,1.2,2.1,3.7,22.5,2.6,48.3,49,13,45.7,84,87,172,195,8,22,24,189,134,122,249,38,37,256,119,4,14,8,9,62,188,9,174,51,25,106,8,3,2,8,1,2025-26,Jalen Johnson (2025-26),103.58,5468,53.5,7.0
1629618,Jalen Pickett,Jalen,1610612743,DEN,26.0,50,34,16,0.68,16.1,2.0,4.6,0.422,1.0,2.5,0.386,0.3,0.4,0.789,0.4,1.9,2.3,2.3,0.7,0.3,0.1,0.2,0.8,0.4,5.2,0.1,11.8,0,0,11.5,297,168,368,97,369,390,368,410,275,300,135,501,508,250,456,348,393,204,376,496,466,415,493,507,397,247,401,284,38,397,1,2025-26,Jalen Pickett (2025-26),97.97,1650,13.2,393.0
1641771,Jalen Slawson,Jalen,1610612754,IND,26.0,13,3,10,0.231,23.9,2.6,5.9,0.442,1.2,3.1,0.375,0.9,1.3,0.706,0.5,3.8,4.4,2.8,1.3,1.5,1.1,0.5,2.1,1.5,7.3,-2.0,23.3,0,0,20.8,480,503,440,507,210,315,306,344,230,248,167,315,296,417,363,124,171,153,194,22,36,205,185,243,313,404,174,284,38,206,1,2025-26,Jalen Slawson (2025-26),101.39,657,25.1,173.0
1630188,Jalen Smith,Jalen,1610612741,CHI,26.0,53,26,27,0.491,20.7,3.7,7.6,0.483,1.5,4.2,0.373,1.3,1.8,0.742,1.8,4.8,6.7,1.2,1.0,0.5,0.8,0.4,2.1,1.8,10.2,1.6,22.8,9,0,22.2,276,231,220,330,274,206,222,205,147,168,179,228,225,357,78,63,62,360,257,411,77,276,176,184,207,148,183,63,38,181,1,2025-26,Jalen Smith (2025-26),103.79,2371,23.1,204.0
1630591,Jalen Suggs,Jalen,1610612753,ORL,25.0,57,34,23,0.596,27.6,4.9,11.4,0.435,2.1,6.3,0.339,1.8,2.1,0.855,0.6,3.2,3.9,5.5,2.7,1.8,0.7,0.4,2.5,2.3,13.8,3.2,31.6,4,1,30.4,235,168,275,184,136,129,108,370,71,55,290,163,188,125,334,177,216,40,35,11,99,226,73,134,123,80,84,114,23,84,1,2025-26,Jalen Suggs (2025-26),104.54,3428,36.2,71.0
1631114,Jalen Williams,Jalen,1610612760,OKC,25.0,33,25,8,0.758,28.4,6.5,13.5,0.484,0.7,2.3,0.299,3.3,3.9,0.837,0.8,3.8,4.6,5.5,1.9,1.2,0.3,0.7,2.0,3.1,17.1,6.9,33.3,1,0,30.8,398,243,468,42,124,62,65,198,339,318,409,60,69,155,256,128,159,39,87,72,299,96,216,72,73,19,69,201,38,82,1,2025-26,Jalen Williams (2025-26),102.62,1999,37.0,62.0
1630592,Jalen Wilson,Jalen,1610612751,BKN,25.0,54,10,44,0.185,15.9,2.0,5.1,0.396,1.0,2.8,0.355,1.3,1.8,0.719,0.3,1.8,2.1,0.9,0.7,0.4,0.0,0.3,1.6,1.4,6.4,-3.6,10.9,0,0,11.3,266,411,43,539,373,382,342,487,268,277,238,232,220,393,481,377,409,421,369,430,517,296,318,250,346,474,418,284,38,400,1,2025-26,Jalen Wilson (2025-26),98.57,1764,11.6,420.0
1631288,Jamal Cain,Jamal,1610612753,ORL,27.0,40,22,18,0.55,12.1,1.9,3.8,0.487,0.7,1.8,0.384,1.0,1.2,0.848,0.7,1.3,2.0,0.7,0.5,0.3,0.1,0.2,1.3,0.9,5.4,1.1,9.5,0,0,9.5,362,277,348,248,440,399,413,191,337,372,144,304,330,135,315,443,428,471,462,491,466,415,385,363,393,177,453,284,38,439,1,2025-26,Jamal Cain (2025-26),100.94,1021,9.9,454.0
1627750,Jamal Murray,Jamal,1610612743,DEN,29.0,75,48,27,0.64,35.4,8.8,18.1,0.483,3.3,7.5,0.435,4.6,5.2,0.887,0.4,4.0,4.4,7.1,2.3,0.9,0.4,0.8,1.7,4.0,25.4,5.8,42.9,18,0,42.7,60,41,220,139,7,15,16,204,7,21,38,32,40,77,416,112,170,15,62,178,218,63,267,39,16,33,17,27,38,15,1,2025-26,Jamal Murray (2025-26),99.84,5541,47.9,16.0
1642347,Jamal Shead,Jamal,1610612761,TOR,23.0,82,46,36,0.561,22.6,2.3,6.1,0.367,1.0,3.2,0.321,1.1,1.4,0.784,0.3,1.4,1.7,5.4,1.4,0.9,0.2,0.4,2.0,2.0,6.6,2.8,18.8,2,0,17.0,1,52,102,232,229,359,295,523,263,233,359,269,281,268,480,422,454,42,184,148,380,252,214,160,336,94,258,159,38,279,1,2025-26,Jamal Shead (2025-26),100.44,3878,22.5,216.0
1631123,Jamaree Bouyea,Jamaree,1610612756,PHX,27.0,46,23,23,0.5,14.0,2.3,5.1,0.458,0.5,1.7,0.295,0.5,0.8,0.686,0.4,1.4,1.8,1.8,0.7,0.6,0.3,0.4,0.8,0.9,5.7,0.5,12.8,0,0,11.7,324,268,275,303,408,344,344,285,393,388,416,428,423,441,440,429,446,264,388,302,239,249,497,365,372,215,381,284,38,394,1,2025-26,Jamaree Bouyea (2025-26),96.74,1301,14.0,374.0
201935,James Harden,James,1610612739,CLE,36.0,70,40,30,0.571,34.8,7.0,16.0,0.434,3.1,8.2,0.375,6.6,7.5,0.884,0.6,4.2,4.8,8.0,3.5,1.1,0.4,1.1,2.0,4.6,23.6,1.4,42.4,20,2,42.5,105,110,172,210,14,51,33,375,15,14,166,6,11,80,350,95,150,7,8,84,205,12,219,24,23,159,19,21,16,16,2,2025-26,James Harden (2025-26),98.24,4995,48.9,11.0
1630164,James Wiseman,James,1610612754,IND,25.0,4,0,4,0.0,14.6,1.5,2.5,0.6,0.0,0.0,0.0,0.3,0.5,0.5,1.3,0.8,2.0,0.8,1.3,0.0,0.3,0.3,2.5,0.5,3.3,-2.3,6.3,0,0,6.5,551,567,509,567,399,445,491,49,517,548,517,510,481,531,137,525,418,464,207,564,316,372,79,469,480,414,506,284,38,497,1,2025-26,James Wiseman (2025-26),103.04,127,7.5,497.0
1642364,Jamir Watkins,Jamir,1610612764,WAS,24.0,50,10,40,0.2,20.6,2.6,5.9,0.446,0.9,3.2,0.297,1.1,1.6,0.695,1.0,2.9,3.9,1.3,0.8,1.1,0.5,0.3,2.6,1.5,7.4,-3.3,18.0,0,0,16.7,297,411,69,526,276,313,307,330,288,238,411,260,243,433,204,215,212,341,338,100,156,341,66,221,311,464,277,284,38,287,1,2025-26,Jamir Watkins (2025-26),103.26,2211,18.7,294.0
1642419,Jamison Battle,Jamison,1610612761,TOR,25.0,61,35,26,0.574,8.5,1.2,2.4,0.51,0.6,1.4,0.412,0.1,0.2,0.643,0.3,1.1,1.5,0.4,0.3,0.1,0.0,0.1,0.7,0.2,3.1,1.5,5.7,0,0,5.9,210,162,232,208,510,479,501,138,376,417,68,540,538,482,476,463,482,534,515,550,509,519,509,547,485,156,520,284,38,511,1,2025-26,Jamison Battle (2025-26),102.08,1106,5.9,524.0
1641716,Jarace Walker,Jarace,1610612754,IND,22.0,76,16,60,0.211,25.7,4.0,9.6,0.419,1.8,4.7,0.374,1.8,2.4,0.749,0.6,4.5,5.1,2.5,1.8,0.8,0.3,0.4,1.6,1.7,11.6,-6.0,23.3,3,0,23.4,54,348,3,519,179,188,149,425,121,128,176,154,155,348,329,77,125,185,97,201,242,246,302,210,175,541,173,128,38,162,1,2025-26,Jarace Walker (2025-26),104.46,4257,25.3,170.0
1642272,Jared McCain,Jared,1610612760,OKC,22.0,67,46,21,0.687,17.3,3.0,7.2,0.425,1.5,3.8,0.385,0.8,0.9,0.864,0.3,1.7,2.0,1.3,0.8,0.5,0.1,0.4,1.2,0.8,8.3,1.9,13.8,0,0,14.4,147,52,305,89,340,273,244,399,162,183,138,354,392,107,463,392,414,340,324,365,493,235,419,387,270,129,363,284,38,342,2,2025-26,Jared McCain (2025-26),102.61,2484,14.9,358.0
1628991,Jaren Jackson Jr.,Jaren,1610612762,UTA,26.0,48,19,29,0.396,30.3,7.1,15.0,0.476,1.8,4.9,0.357,3.4,4.2,0.803,0.9,4.8,5.7,2.0,2.2,1.1,1.4,1.1,3.7,4.0,19.4,-1.3,34.5,3,0,33.9,310,316,189,388,83,42,46,224,121,117,231,56,54,224,235,66,90,244,66,93,21,15,3,43,51,353,56,128,38,52,2,2025-26,Jaren Jackson Jr. (2025-26),103.6,3140,36.6,67.0
1629020,Jarred Vanderbilt,Jarred,1610612747,LAL,27.0,65,39,26,0.6,17.3,1.7,3.7,0.471,0.4,1.5,0.293,0.5,0.9,0.589,1.2,3.3,4.5,1.3,0.9,0.8,0.3,0.4,1.6,0.8,4.4,0.1,14.3,1,0,12.9,166,118,232,174,339,415,420,242,409,402,421,432,395,510,145,172,167,348,312,194,285,280,312,386,424,244,356,201,38,373,1,2025-26,Jarred Vanderbilt (2025-26),100.41,2360,14.9,357.0
1628386,Jarrett Allen,Jarrett,1610612739,CLE,28.0,56,37,19,0.661,27.1,6.0,9.4,0.638,0.0,0.2,0.1,3.3,4.7,0.709,2.6,5.9,8.5,1.8,1.3,1.0,0.8,0.6,1.7,4.0,15.4,3.8,32.4,20,0,29.3,247,136,333,121,146,78,155,32,511,519,514,58,48,414,33,27,26,263,189,134,68,119,284,42,95,63,77,21,38,96,1,2025-26,Jarrett Allen (2025-26),102.56,3248,32.9,92.0
1642859,Jase Richardson,Jase,1610612753,ORL,20.0,54,26,28,0.481,10.9,1.6,3.5,0.473,0.5,1.5,0.354,0.6,0.9,0.717,0.4,0.8,1.2,1.1,0.5,0.4,0.0,0.1,1.0,0.9,4.4,-0.3,8.1,0,0,8.0,266,231,205,336,464,424,430,232,388,409,241,404,396,395,442,520,507,379,468,460,517,506,470,366,426,285,486,284,38,478,1,2025-26,Jase Richardson (2025-26),100.95,1231,8.9,480.0
1642914,Javon Small,Javon,1610612763,MEM,23.0,41,13,28,0.317,20.2,3.3,7.0,0.465,1.5,3.5,0.423,1.7,2.0,0.829,0.9,2.2,3.1,3.7,1.4,0.8,0.2,0.7,1.6,1.4,9.7,-2.6,20.7,0,0,20.0,356,384,205,437,287,248,246,263,167,213,52,178,189,172,233,301,289,93,184,200,344,84,316,246,223,436,222,284,38,218,1,2025-26,Javon Small (2025-26),104.37,1802,23.3,202.0
1631451,Javonte Cooke,Javonte,1610612757,POR,26.0,19,6,13,0.316,4.9,0.5,2.2,0.22,0.2,1.2,0.13,0.1,0.1,1.0,0.2,0.8,1.0,0.4,0.5,0.3,0.0,0.3,0.3,0.2,1.2,-3.1,3.4,0,0,3.4,453,461,409,439,557,559,522,571,476,434,508,550,559,1,526,518,526,537,463,474,524,357,563,548,563,460,559,284,38,562,1,2025-26,Javonte Cooke (2025-26),107.36,210,3.9,559.0
1629750,Javonte Green,Javonte,1610612765,DET,32.0,82,60,22,0.732,17.6,2.3,5.0,0.447,1.1,3.0,0.381,1.3,1.5,0.84,0.8,2.0,2.8,0.7,0.5,1.2,0.3,0.2,1.3,1.2,6.9,2.6,15.4,1,0,14.7,1,4,295,65,334,359,349,327,233,255,154,230,259,149,283,325,325,475,424,60,274,395,394,287,327,101,333,201,38,337,1,2025-26,Javonte Green (2025-26),102.74,3086,15.8,344.0
1629637,Jaxson Hayes,Jaxson,1610612747,LAL,26.0,66,43,23,0.652,18.3,3.0,4.0,0.756,0.0,0.0,1.0,1.5,2.3,0.653,1.5,2.6,4.1,0.9,0.5,0.4,0.8,0.2,1.9,2.1,7.5,1.1,17.0,1,0,15.0,157,75,275,128,326,280,408,4,499,540,1,199,164,469,103,248,190,430,464,415,78,466,228,148,301,178,299,201,38,325,1,2025-26,Jaxson Hayes (2025-26),100.49,2530,17.1,321.0
1630643,Jay Huff,Jay,1610612754,IND,28.0,82,19,63,0.232,21.0,3.5,7.5,0.476,1.5,4.5,0.319,1.0,1.2,0.828,0.9,3.1,4.0,1.5,0.9,0.5,1.9,0.2,2.4,1.3,9.5,-3.1,22.7,1,0,21.2,1,316,2,506,266,222,231,222,169,136,363,286,319,176,229,190,206,312,292,373,5,385,97,272,225,458,184,201,38,199,1,2025-26,Jay Huff (2025-26),102.99,3680,23.5,195.0
1627759,Jaylen Brown,Jaylen,1610612738,BOS,29.0,71,47,24,0.662,34.4,10.4,21.7,0.477,2.0,5.7,0.347,6.0,7.5,0.795,1.1,5.8,6.9,5.1,3.6,1.0,0.4,1.3,2.7,6.3,28.7,4.5,45.2,14,3,45.5,98,44,258,118,18,3,2,220,90,79,269,13,9,240,160,29,53,50,5,119,225,4,48,6,4,52,10,38,8,9,1,2025-26,Jaylen Brown (2025-26),97.73,4973,50.1,9.0
1641740,Jaylen Clark,Jaylen,1610612750,MIN,24.0,68,40,28,0.588,13.1,1.5,3.4,0.434,0.5,1.5,0.327,0.6,1.0,0.657,0.8,1.0,1.8,0.6,0.3,0.7,0.1,0.2,1.3,0.7,4.0,1.1,9.2,0,0,8.6,135,110,205,191,423,450,434,372,405,405,342,393,372,468,272,493,448,485,502,267,436,440,401,419,448,179,459,284,38,465,1,2025-26,Jaylen Clark (2025-26),103.47,1911,9.5,465.0
1642377,Jaylen Wells,Jaylen,1610612763,MEM,22.0,69,24,45,0.348,26.4,4.4,10.1,0.431,1.9,5.3,0.353,1.9,2.5,0.784,0.9,2.3,3.2,1.6,1.1,0.9,0.1,0.5,2.1,2.6,12.5,-2.6,20.7,0,0,21.2,118,252,36,412,162,161,139,380,109,97,244,143,143,272,231,290,282,291,243,174,438,193,162,102,144,430,220,284,38,198,1,2025-26,Jaylen Wells (2025-26),102.14,3870,22.0,226.0
1631119,Jaylin Williams,Jaylin,1610612760,OKC,24.0,65,54,11,0.831,19.7,2.3,5.4,0.423,1.5,3.9,0.383,1.1,1.4,0.793,0.5,5.0,5.5,2.4,1.0,0.5,0.6,0.2,2.0,1.5,7.2,4.7,19.8,6,0,18.9,166,13,432,13,303,354,329,406,154,179,147,266,280,244,392,54,102,194,253,397,114,444,220,223,318,48,235,84,38,241,1,2025-26,Jaylin Williams (2025-26),102.17,2715,21.0,242.0
1642281,Jaylon Tyson,Jaylon,1610612739,CLE,23.0,66,41,25,0.621,26.9,5.0,10.2,0.493,2.0,4.5,0.446,1.2,1.6,0.738,1.8,3.3,5.1,2.2,1.5,0.8,0.4,0.6,2.5,1.5,13.2,1.7,24.9,7,0,25.1,157,97,246,158,151,127,138,175,84,138,30,250,246,363,80,162,128,211,150,202,190,122,85,226,138,144,153,72,38,137,1,2025-26,Jaylon Tyson (2025-26),101.39,3744,26.5,155.0
1643257,Jayson Kent,Jayson,1610612757,POR,24.0,5,4,1,0.8,4.5,0.8,1.4,0.571,0.2,0.8,0.25,0.2,0.2,1.0,0.0,1.0,1.0,0.0,0.0,0.2,0.2,0.0,0.2,0.2,2.0,-0.6,4.4,0,0,4.0,539,487,556,20,559,523,554,72,466,472,458,521,540,1,565,477,526,574,562,521,358,540,574,549,531,299,545,284,38,546,1,2025-26,Jayson Kent (2025-26),98.28,45,4.2,553.0
1628369,Jayson Tatum,Jayson,1610612738,BOS,28.0,16,13,3,0.813,32.6,7.4,17.9,0.411,2.9,8.9,0.329,4.1,4.9,0.823,0.5,9.5,10.0,5.3,2.4,1.4,0.2,0.5,1.6,3.4,21.8,7.4,44.0,10,1,43.1,461,384,530,18,43,35,17,450,19,6,338,41,42,194,379,2,16,46,48,43,373,178,303,63,27,13,14,56,23,14,1,2025-26,Jayson Tatum (2025-26),98.1,1069,47.1,19.0
201145,Jeff Green,Jeff,1610612745,HOU,39.0,30,22,8,0.733,5.8,0.8,2.3,0.368,0.4,1.5,0.273,0.2,0.2,1.0,0.2,0.6,0.8,0.3,0.1,0.1,0.1,0.0,0.4,0.1,2.2,-0.9,3.9,0,0,4.0,410,277,468,61,546,518,513,522,419,408,441,531,546,1,513,541,542,558,553,562,499,537,556,562,523,322,553,284,38,546,1,2025-26,Jeff Green (2025-26),98.71,361,4.0,555.0
203924,Jerami Grant,Jerami,1610612757,POR,32.0,57,27,30,0.474,29.7,5.8,12.8,0.453,2.4,6.1,0.389,4.6,5.6,0.814,1.0,2.5,3.5,2.1,2.1,0.7,0.6,1.0,2.5,3.9,18.6,-0.1,28.0,0,0,29.3,235,225,172,342,95,83,80,302,53,60,122,33,32,210,211,263,250,221,72,240,118,33,83,44,56,263,120,284,38,94,1,2025-26,Jerami Grant (2025-26),104.02,3676,30.5,118.0
1642847,Jeremiah Fears,Jeremiah,1610612740,NOP,19.0,82,26,56,0.317,25.8,5.3,12.3,0.434,1.2,3.7,0.33,2.4,3.0,0.789,0.7,2.9,3.7,3.4,2.2,1.2,0.4,1.1,1.8,2.5,14.3,-3.5,26.2,3,0,25.6,1,231,7,437,177,109,88,371,211,189,333,104,103,255,301,210,230,107,70,71,231,21,249,117,111,472,141,128,38,132,1,2025-26,Jeremiah Fears (2025-26),102.98,4532,29.4,129.0
1630526,Jeremiah Robinson-Earl,Jeremiah,1610612742,DAL,25.0,22,8,14,0.364,16.4,1.7,4.5,0.37,0.5,1.9,0.244,0.8,0.8,0.944,1.6,3.0,4.7,0.7,0.5,0.4,0.0,0.5,1.2,0.8,4.6,-3.9,12.1,0,0,11.3,440,440,397,403,363,422,371,521,408,364,471,351,406,37,91,193,157,476,427,429,513,150,427,388,413,490,398,284,38,399,2,2025-26,Jeremiah Robinson-Earl (2025-26),104.82,785,12.0,413.0
1631110,Jeremy Sochan,Jeremy,1610612752,NYK,23.0,44,30,14,0.682,10.6,1.5,2.9,0.496,0.3,1.0,0.244,0.4,0.6,0.731,0.8,1.6,2.4,0.9,0.5,0.4,0.2,0.2,1.4,0.6,3.6,-1.3,9.0,0,0,8.3,336,196,397,94,469,451,465,170,456,454,470,460,461,376,246,404,378,425,461,443,409,409,368,438,467,354,467,284,38,471,2,2025-26,Jeremy Sochan (2025-26),101.73,984,9.5,468.0
1630579,Jericho Sims,Jericho,1610612749,MIL,27.0,67,25,42,0.373,19.7,2.2,2.8,0.784,0.0,0.0,0.0,0.7,1.1,0.62,2.2,3.3,5.5,1.6,1.1,0.3,0.3,0.3,2.2,1.2,5.0,-4.1,14.4,6,1,13.1,147,243,57,399,300,367,474,3,517,548,517,386,348,495,50,164,100,299,235,486,315,368,152,306,408,499,351,84,23,364,1,2025-26,Jericho Sims (2025-26),97.72,2682,15.2,355.0
1641724,Jett Howard,Jett,1610612753,ORL,22.0,55,28,27,0.509,12.6,1.9,4.6,0.418,1.0,2.6,0.372,0.7,0.7,0.949,0.4,1.2,1.6,0.8,0.3,0.2,0.2,0.3,1.2,0.5,5.5,-1.3,9.5,0,0,9.6,258,216,220,298,429,395,370,426,274,293,181,379,432,36,422,459,469,448,523,528,358,285,421,483,387,349,452,284,38,436,1,2025-26,Jett Howard (2025-26),100.55,1461,9.8,456.0
1628975,Jevon Carter,Jevon,1610612753,ORL,30.0,53,26,27,0.491,16.4,2.3,5.8,0.401,1.5,4.1,0.363,0.3,0.4,0.789,0.3,1.4,1.7,1.6,0.7,0.8,0.2,0.2,1.1,0.3,6.4,-1.6,13.0,0,0,13.1,276,231,220,330,364,351,311,473,164,176,208,503,511,250,495,424,463,284,377,231,372,467,451,517,344,383,377,284,38,367,2,2025-26,Jevon Carter (2025-26),101.62,1844,14.2,369.0
202710,Jimmy Butler III,Jimmy,1610612744,GSW,36.0,38,23,15,0.605,31.1,6.3,12.2,0.519,0.8,2.2,0.376,6.5,7.6,0.864,2.3,3.2,5.6,4.9,1.6,1.4,0.2,0.8,1.2,5.5,20.0,4.9,37.4,3,0,34.6,370,268,382,171,66,66,90,116,304,325,164,7,8,108,47,176,98,54,138,31,351,62,418,11,47,43,44,128,38,47,1,2025-26,Jimmy Butler III (2025-26),101.73,2505,40.3,46.0
1642866,Joan Beringer,Joan,1610612750,MIN,19.0,40,22,18,0.55,7.9,1.6,2.5,0.663,0.0,0.0,0.0,0.7,0.9,0.703,1.1,1.2,2.3,0.3,0.3,0.2,0.7,0.3,1.2,0.8,3.9,0.6,9.3,1,0,8.2,362,277,348,248,515,425,496,20,517,548,517,392,380,422,162,455,391,551,522,530,113,372,429,404,454,208,455,201,38,474,1,2025-26,Joan Beringer (2025-26),105.74,695,9.3,475.0
1629111,Jock Landale,Jock,1610612737,ATL,30.0,68,36,32,0.529,22.1,4.1,8.1,0.515,1.1,2.8,0.383,1.2,1.9,0.635,2.7,3.0,5.7,1.7,0.9,0.5,0.5,0.5,2.2,2.0,10.6,-0.8,22.2,9,0,21.1,135,151,149,276,240,181,201,128,245,276,145,252,215,489,30,199,88,274,305,369,145,201,143,157,195,316,198,63,38,200,2,2025-26,Jock Landale (2025-26),101.83,3202,22.8,213.0
204060,Joe Ingles,Joe,1610612750,MIN,38.0,27,13,14,0.481,5.7,0.6,1.0,0.593,0.3,0.6,0.438,0.1,0.1,1.0,0.0,0.7,0.7,1.3,0.5,0.3,0.1,0.0,0.3,0.1,1.5,-0.3,5.0,1,0,4.6,420,384,397,336,548,549,565,60,455,492,36,557,562,1,565,532,554,352,439,463,494,540,561,558,552,284,534,201,38,536,1,2025-26,Joe Ingles (2025-26),110.81,358,6.0,520.0
203954,Joel Embiid,Joel,1610612755,PHI,32.0,38,24,14,0.632,31.6,9.0,18.3,0.489,1.4,4.2,0.333,7.5,8.8,0.854,2.0,5.7,7.7,3.9,2.9,0.6,1.2,1.0,2.2,6.1,26.9,4.1,44.5,10,1,43.4,370,252,397,147,56,14,15,186,180,162,302,3,5,126,68,31,37,76,25,351,26,23,155,9,10,59,11,56,23,13,1,2025-26,Joel Embiid (2025-26),100.69,2522,47.8,17.0
1628381,John Collins,John,1610612746,LAC,28.0,69,32,37,0.464,27.1,5.3,9.6,0.552,1.3,3.2,0.406,1.7,2.2,0.766,1.6,3.7,5.3,1.0,1.4,0.9,0.7,0.6,2.7,2.2,13.6,-0.6,24.9,3,0,24.4,118,182,93,349,147,115,152,85,198,235,82,170,172,310,97,133,115,393,182,180,90,112,46,139,130,296,154,128,38,150,1,2025-26,John Collins (2025-26),97.98,3823,25.7,166.0
1629723,John Konchar,John,1610612762,UTA,30.0,56,18,38,0.321,19.9,1.7,3.6,0.472,0.5,1.8,0.283,0.6,0.8,0.727,1.3,3.0,4.3,2.1,0.6,1.5,0.7,0.1,1.4,0.8,4.4,-2.6,18.6,3,2,15.6,247,325,81,433,294,423,424,237,393,381,434,417,418,382,132,206,178,225,398,30,106,488,367,404,425,433,265,128,16,313,2,2025-26,John Konchar (2025-26),105.42,2447,19.4,272.0
1642967,John Poulakidas,John,1610612742,DAL,23.0,13,3,10,0.231,19.5,3.0,7.0,0.429,2.4,5.9,0.403,0.5,0.5,0.857,0.3,2.0,2.3,0.8,0.3,0.5,0.3,0.0,2.2,0.4,8.8,-1.2,15.1,0,0,16.1,480,503,440,507,307,280,247,385,54,68,89,451,473,116,484,332,389,441,516,359,271,540,160,504,248,344,340,284,38,300,1,2025-26,John Poulakidas (2025-26),106.25,560,15.4,353.0
1642910,John Tonje,John,1610612738,BOS,25.0,6,5,1,0.833,7.0,0.7,2.3,0.286,0.5,1.7,0.3,0.7,0.7,1.0,0.0,1.0,1.0,0.3,0.0,0.3,0.0,0.2,0.8,0.7,2.5,-1.0,5.2,0,0,5.0,527,474,556,10,527,540,504,563,393,391,403,380,439,1,565,477,526,541,562,463,524,445,494,433,511,334,530,284,38,522,1,2025-26,John Tonje (2025-26),106.54,91,5.2,533.0
1641780,Johni Broome,Johni,1610612755,PHI,23.0,11,5,6,0.455,5.0,0.4,2.2,0.167,0.0,0.5,0.0,0.2,0.5,0.333,0.6,0.8,1.5,0.4,0.3,0.3,0.2,0.3,0.6,0.6,0.9,-1.6,4.3,0,0,3.6,492,474,485,352,556,567,519,574,517,502,517,526,471,559,331,512,483,538,523,494,382,347,519,438,570,381,548,284,38,555,1,2025-26,Johni Broome (2025-26),103.43,117,4.5,549.0
1642277,Johnny Furphy,Johnny,1610612754,IND,21.0,35,10,25,0.286,18.4,2.0,4.3,0.47,0.7,2.0,0.324,0.5,1.0,0.486,0.9,3.5,4.4,1.2,0.8,0.6,0.2,0.5,1.9,0.8,5.1,-1.7,13.6,1,0,12.9,390,411,246,454,323,383,391,247,351,346,349,442,360,548,218,151,173,370,327,330,358,194,243,396,404,384,367,201,38,374,1,2025-26,Johnny Furphy (2025-26),102.22,1372,14.2,370.0
1630548,Johnny Juzang,Johnny,1610612750,MIN,25.0,21,13,8,0.619,4.2,0.8,1.8,0.421,0.3,1.1,0.25,0.2,0.4,0.625,0.2,0.6,0.8,0.3,0.2,0.1,0.0,0.0,0.1,0.2,2.0,-0.2,3.6,0,0,3.7,444,384,468,161,563,527,532,415,446,441,458,514,507,492,511,545,547,556,535,555,510,540,578,539,529,281,558,284,38,554,1,2025-26,Johnny Juzang (2025-26),111.66,206,3.9,561.0
202685,Jonas Valanciunas,Jonas,1610612743,DEN,34.0,65,42,23,0.646,13.4,3.5,6.0,0.582,0.1,0.4,0.308,1.6,2.1,0.772,1.6,3.4,5.1,1.2,1.1,0.2,0.6,0.4,2.0,2.2,8.7,-0.7,17.8,5,0,16.7,166,87,275,134,418,226,301,64,485,506,388,187,183,299,93,152,133,366,234,514,131,211,192,142,251,307,279,96,38,288,1,2025-26,Jonas Valanciunas (2025-26),97.23,1761,18.5,295.0
1628371,Jonathan Isaac,Jonathan,1610612753,ORL,28.0,52,29,23,0.558,10.0,0.9,2.1,0.422,0.1,0.7,0.184,0.7,1.1,0.603,0.8,1.7,2.5,0.4,0.3,0.4,0.6,0.1,0.8,1.0,2.6,-0.7,8.9,0,0,7.6,286,203,275,239,477,515,524,412,484,477,499,378,337,504,253,391,361,526,500,444,128,524,498,338,510,306,472,284,38,482,1,2025-26,Jonathan Isaac (2025-26),102.61,1104,8.9,481.0
1630228,Jonathan Kuminga,Jonathan,1610612737,ATL,23.0,36,22,14,0.611,23.1,4.4,9.4,0.463,1.0,2.9,0.333,2.5,3.4,0.724,1.4,4.3,5.6,2.3,1.9,0.6,0.3,0.7,1.5,2.6,12.2,2.0,23.2,1,0,22.9,384,277,397,165,221,162,156,268,279,268,302,96,82,388,123,93,93,203,92,310,272,90,334,111,156,124,176,201,38,170,2,2025-26,Jonathan Kuminga (2025-26),102.73,1777,25.1,172.0
1642367,Jonathan Mogbo,Jonathan,1610612761,TOR,24.0,40,20,20,0.5,6.2,0.7,1.1,0.591,0.0,0.0,0.0,0.2,0.4,0.643,0.5,1.2,1.7,0.6,0.4,0.3,0.2,0.1,0.7,0.3,1.5,-1.3,5.6,0,0,4.8,362,302,322,303,539,545,564,61,517,543,517,518,513,482,397,449,460,487,497,491,358,516,517,522,551,358,523,284,38,530,1,2025-26,Jonathan Mogbo (2025-26),103.95,540,5.9,523.0
203903,Jordan Clarkson,Jordan,1610612752,NYK,34.0,72,45,27,0.625,17.8,3.3,7.3,0.451,1.0,3.0,0.327,1.1,1.3,0.83,0.9,0.9,1.8,1.3,0.9,0.4,0.1,0.4,1.7,1.1,8.6,1.5,13.5,0,0,13.8,84,60,220,153,332,244,234,312,279,260,341,275,297,170,241,501,449,342,307,426,444,274,279,313,255,152,369,284,38,353,1,2025-26,Jordan Clarkson (2025-26),98.78,2638,14.7,363.0
1630692,Jordan Goodwin,Jordan,1610612756,PHX,27.0,70,39,31,0.557,22.5,3.3,7.9,0.413,1.6,4.3,0.371,0.6,0.8,0.696,2.0,2.9,4.9,2.2,1.0,1.5,0.2,0.4,1.9,1.0,8.7,1.3,22.0,2,0,20.8,105,118,160,240,233,247,210,447,141,153,186,422,409,431,69,215,146,219,277,23,358,214,232,355,253,166,203,159,38,207,1,2025-26,Jordan Goodwin (2025-26),99.3,3245,23.0,207.0
1641722,Jordan Hawkins,Jordan,1610612740,NOP,24.0,51,13,38,0.255,13.6,1.8,5.0,0.366,0.9,2.6,0.348,0.5,0.5,0.852,0.4,1.3,1.7,0.8,0.7,0.3,0.2,0.2,0.6,0.6,5.1,-2.6,9.1,0,0,9.4,291,384,81,483,416,401,350,525,291,290,262,455,476,128,438,439,456,445,379,497,368,392,530,453,407,434,465,284,38,443,1,2025-26,Jordan Hawkins (2025-26),103.84,1503,9.8,458.0
1629162,Jordan McLaughlin,Jordan,1610612759,SAS,30.0,44,37,7,0.841,6.4,0.8,1.8,0.418,0.4,0.9,0.425,0.1,0.2,0.857,0.2,0.6,0.7,0.9,0.3,0.5,0.0,0.0,0.3,0.2,2.0,-1.4,5.4,0,0,5.0,336,136,475,8,536,528,533,431,423,466,48,545,550,116,547,546,551,438,501,410,513,531,570,555,530,361,527,284,38,522,1,2025-26,Jordan McLaughlin (2025-26),101.67,600,6.0,518.0
1641757,Jordan Miller,Jordan,1610612746,LAC,26.0,60,36,24,0.6,22.1,3.5,6.7,0.531,0.6,1.8,0.345,2.3,2.9,0.777,0.8,2.2,3.0,2.3,1.1,0.8,0.2,0.8,1.0,2.0,10.0,-0.2,18.8,1,0,17.8,214,151,258,174,243,223,265,102,355,371,272,109,112,291,251,307,295,207,249,234,379,61,458,165,216,278,260,201,38,266,1,2025-26,Jordan Miller (2025-26),98.57,2720,20.3,255.0
1629673,Jordan Poole,Jordan,1610612740,NOP,27.0,39,16,23,0.41,23.9,4.2,11.4,0.372,2.5,7.4,0.333,2.5,2.9,0.86,0.2,1.7,2.0,3.1,1.8,0.6,0.4,0.7,2.3,2.9,13.4,-3.7,21.5,0,0,22.8,368,348,275,379,207,171,109,519,51,22,302,94,111,113,515,388,425,133,107,339,220,96,127,84,134,479,209,284,38,172,1,2025-26,Jordan Poole (2025-26),104.18,2033,24.4,182.0
1641775,Jordan Walsh,Jordan,1610612738,BOS,22.0,68,46,22,0.676,17.8,2.0,3.9,0.509,0.7,1.8,0.384,0.6,0.8,0.772,1.3,2.8,4.0,0.8,0.5,0.7,0.5,0.3,2.0,0.8,5.4,1.4,14.4,2,0,13.2,135,52,295,100,331,383,409,139,335,370,143,393,401,300,137,234,200,455,440,251,177,372,200,392,394,162,354,159,38,361,1,2025-26,Jordan Walsh (2025-26),95.8,2407,14.5,366.0
1630631,Jose Alvarado,Jose,1610612752,NYK,28.0,69,28,41,0.406,19.9,2.7,6.5,0.416,1.5,4.2,0.352,0.5,0.7,0.761,0.4,2.1,2.5,3.4,1.1,1.0,0.1,0.4,1.9,0.9,7.4,0.3,17.6,1,0,16.9,118,216,61,382,297,309,277,439,166,165,248,434,439,320,448,316,371,108,236,139,452,259,238,372,309,226,288,201,38,282,2,2025-26,Jose Alvarado (2025-26),99.57,2837,19.9,265.0
1630581,Josh Giddey,Josh,1610612741,CHI,23.0,54,21,33,0.389,32.1,5.9,13.3,0.448,1.9,5.2,0.364,3.2,4.2,0.763,1.2,7.1,8.3,9.1,3.6,1.0,0.5,0.8,1.7,2.9,17.0,-3.5,41.6,28,13,39.4,266,292,135,394,50,81,69,322,99,99,202,64,55,317,143,16,32,3,6,116,156,51,293,82,75,471,22,13,2,27,1,2025-26,Josh Giddey (2025-26),104.46,3768,48.2,15.0
1630182,Josh Green,Josh,1610612766,CHA,25.0,58,37,21,0.638,15.7,1.4,3.1,0.459,1.0,2.4,0.42,0.4,0.5,0.893,0.8,1.0,1.8,0.8,0.6,0.6,0.1,0.1,1.1,0.7,4.3,3.6,9.1,0,0,9.3,230,136,305,142,381,453,450,284,268,314,56,461,489,65,278,491,451,449,402,315,463,510,445,409,436,69,461,284,38,447,1,2025-26,Josh Green (2025-26),98.23,1847,9.8,457.0
1628404,Josh Hart,Josh,1610612752,NYK,31.0,66,44,22,0.667,30.2,4.6,9.0,0.508,1.5,3.7,0.413,1.4,1.9,0.72,1.4,6.0,7.4,4.8,1.9,1.1,0.3,0.6,2.5,2.1,12.0,3.2,30.3,13,2,28.5,157,67,295,106,86,148,172,141,152,193,66,214,210,391,118,26,46,55,84,83,310,144,79,154,159,79,98,42,16,104,1,2025-26,Josh Hart (2025-26),98.97,4104,33.2,88.0
1631169,Josh Minott,Josh,1610612751,BKN,23.0,49,23,26,0.469,17.0,2.6,5.1,0.5,1.3,3.1,0.418,1.0,1.2,0.787,1.0,2.2,3.2,0.9,0.9,0.9,0.5,0.3,1.5,1.1,7.4,-0.5,16.0,1,0,15.7,305,268,232,346,349,322,343,156,195,242,60,303,310,262,205,300,279,419,306,163,165,353,345,320,306,295,323,201,38,312,2,2025-26,Josh Minott (2025-26),98.94,1708,16.7,328.0
1642490,Josh Oduro,Josh,1610612740,NOP,25.0,3,1,2,0.333,27.3,3.7,5.7,0.647,0.0,0.7,0.0,1.0,2.0,0.5,3.7,4.0,7.7,1.3,0.7,0.0,0.0,0.0,4.7,2.3,8.3,0.3,18.9,1,0,17.3,566,549,540,419,141,208,319,27,517,480,517,286,189,531,10,107,38,342,379,564,524,540,1,131,268,227,254,201,38,271,1,2025-26,Josh Oduro (2025-26),110.95,187,18.7,293.0
1629006,Josh Okogie,Josh,1610612745,HOU,27.0,78,49,29,0.628,17.4,1.6,3.8,0.425,0.8,2.1,0.385,0.5,0.9,0.594,1.0,1.5,2.6,0.9,0.5,0.8,0.2,0.3,1.4,1.1,4.5,0.9,11.4,1,0,10.8,28,37,189,151,338,427,416,397,315,338,140,426,388,509,185,411,354,432,435,206,355,337,374,322,419,189,407,201,38,407,1,2025-26,Josh Okogie (2025-26),98.25,2733,11.9,417.0
201950,Jrue Holiday,Jrue,1610612757,POR,36.0,53,28,25,0.528,29.4,6.0,13.4,0.451,2.6,6.8,0.378,1.7,2.0,0.838,1.3,3.3,4.6,6.1,2.8,1.0,0.1,0.7,1.5,1.7,16.3,3.7,31.6,9,0,31.9,276,216,246,279,102,77,68,310,40,39,160,176,200,154,126,170,161,28,30,115,453,81,351,196,85,66,83,63,38,70,1,2025-26,Jrue Holiday (2025-26),103.5,3361,36.5,68.0
1630577,Julian Champagnie,Julian,1610612759,SAS,25.0,82,62,20,0.756,27.6,3.7,8.4,0.437,2.4,6.2,0.381,1.4,1.6,0.844,0.9,4.9,5.8,1.5,0.8,0.8,0.5,0.1,1.6,1.0,11.1,7.2,23.2,7,0,23.2,1,1,322,43,135,207,192,361,57,57,152,212,242,139,223,62,83,300,321,230,172,481,314,352,183,15,177,72,38,163,1,2025-26,Julian Champagnie (2025-26),102.55,4838,23.6,194.0
1641763,Julian Phillips,Julian,1610612750,MIN,22.0,48,19,29,0.396,8.9,1.1,2.5,0.421,0.4,1.4,0.308,0.4,0.5,0.783,0.5,0.5,1.0,0.2,0.2,0.5,0.1,0.2,0.9,0.4,2.9,-0.5,6.0,0,0,5.8,310,316,189,388,496,497,490,414,415,421,388,474,490,273,395,547,523,565,537,408,421,445,481,494,496,291,511,284,38,512,2,2025-26,Julian Phillips (2025-26),105.72,943,6.2,514.0
1642882,Julian Reese,Julian,1610612764,WAS,23.0,13,1,12,0.077,30.9,4.8,9.2,0.529,0.0,0.0,0.0,2.2,3.4,0.636,4.2,6.3,10.5,1.8,2.5,1.4,0.6,1.8,3.2,3.5,11.8,-8.6,30.8,5,0,28.2,480,549,419,565,73,134,165,105,517,548,517,120,85,486,4,22,11,257,46,42,125,1,20,61,166,570,88,96,38,109,1,2025-26,Julian Reese (2025-26),102.52,853,32.1,99.0
1631124,Julian Strawther,Julian,1610612743,DEN,24.0,57,38,19,0.667,15.1,2.6,5.6,0.467,1.0,2.6,0.387,1.0,1.2,0.814,0.2,1.8,2.0,1.1,0.6,0.4,0.1,0.4,1.3,1.2,7.2,0.4,12.3,0,0,12.4,235,128,333,106,390,316,324,259,265,294,129,286,313,209,526,380,418,382,393,416,459,255,400,300,316,225,390,284,38,379,1,2025-26,Julian Strawther (2025-26),101.86,1823,13.0,396.0
203944,Julius Randle,Julius,1610612750,MIN,31.0,79,47,32,0.595,33.0,7.3,15.3,0.481,1.4,4.4,0.315,5.0,6.3,0.802,1.7,5.1,6.7,5.0,2.7,1.1,0.2,0.8,2.8,4.4,21.1,2.9,37.9,15,3,36.9,25,44,149,187,40,37,44,209,183,149,379,25,20,225,87,51,61,52,31,98,339,64,40,32,31,86,42,36,8,38,1,2025-26,Julius Randle (2025-26),102.3,5568,41.9,39.0
1630551,Justin Champagnie,Justin,1610612764,WAS,25.0,69,13,56,0.188,20.0,3.4,6.7,0.502,0.8,2.4,0.319,1.2,1.5,0.784,2.1,3.5,5.6,1.2,0.7,0.9,0.6,0.7,1.7,1.2,8.7,-4.3,20.9,4,0,19.2,118,384,7,537,292,236,260,154,322,313,362,255,268,269,55,149,96,363,388,188,121,93,298,292,254,507,216,114,38,234,1,2025-26,Justin Champagnie (2025-26),103.51,2964,21.1,240.0
1642348,Justin Edwards,Justin,1610612755,PHI,22.0,64,37,27,0.578,15.3,2.2,5.0,0.447,1.0,2.8,0.372,0.5,0.6,0.846,0.4,1.1,1.5,1.3,0.6,0.8,0.2,0.3,1.4,0.5,6.0,-1.1,12.2,0,0,11.8,180,136,220,203,387,362,353,326,256,278,182,431,455,136,427,473,481,354,418,195,394,352,364,468,356,340,394,284,38,392,1,2025-26,Justin Edwards (2025-26),103.91,2115,13.0,395.0
203994,Jusuf Nurkić,Jusuf,1610612762,UTA,31.0,41,14,27,0.341,26.4,4.4,8.7,0.503,0.6,1.7,0.352,1.5,2.8,0.549,2.6,7.8,10.4,4.8,2.5,1.3,0.5,0.7,3.3,2.8,10.9,-4.6,33.5,16,3,30.3,356,374,220,417,160,158,180,152,365,385,246,196,120,524,32,9,13,56,45,56,139,74,17,86,189,515,68,33,8,85,1,2025-26,Jusuf Nurkić (2025-26),105.32,2377,36.2,70.0
1642354,KJ Simpson,KJ,1610612743,DEN,23.0,20,10,10,0.5,12.9,1.7,5.0,0.343,0.6,2.0,0.3,0.6,0.9,0.611,0.5,1.4,1.9,2.2,1.3,0.8,0.0,0.4,0.9,1.4,4.6,-0.1,11.1,0,0,10.8,449,411,440,303,426,420,356,536,366,348,403,424,385,499,410,426,438,220,207,209,524,237,480,259,416,261,415,284,38,409,2,2025-26,KJ Simpson (2025-26),100.24,537,13.1,394.0
1642955,Kadary Richmond,Kadary,1610612764,WAS,24.0,3,2,1,0.667,22.3,3.3,5.3,0.625,0.7,1.3,0.5,1.0,1.0,1.0,0.3,3.0,3.3,2.7,0.7,2.7,0.3,0.0,0.7,1.0,8.3,1.7,24.7,0,0,21.0,566,526,556,106,237,239,336,38,347,422,13,286,360,1,467,199,264,162,379,1,245,540,511,341,268,144,156,284,38,202,1,2025-26,Kadary Richmond (2025-26),108.86,151,26.0,163.0
1642880,Kam Jones,Kam,1610612754,IND,24.0,37,6,31,0.162,16.7,1.8,4.6,0.402,0.6,2.0,0.293,0.1,0.2,0.5,0.4,1.2,1.6,3.2,1.0,0.5,0.0,0.3,1.1,0.3,4.4,-3.9,11.6,1,0,10.8,377,461,160,549,355,403,369,470,373,347,420,549,539,531,428,452,466,125,276,394,524,310,452,524,429,489,404,201,38,408,1,2025-26,Kam Jones (2025-26),104.2,1334,13.9,379.0
1626157,Karl-Anthony Towns,Karl-Anthony,1610612752,NYK,30.0,75,49,26,0.653,31.0,6.9,13.8,0.501,1.5,4.1,0.368,4.8,5.5,0.858,3.1,8.7,11.9,3.0,2.5,0.9,0.5,1.0,3.4,4.9,20.1,5.0,40.5,56,1,39.2,60,37,232,127,71,54,60,155,155,172,194,30,35,115,17,5,2,137,44,182,140,34,10,20,46,41,28,1,23,28,1,2025-26,Karl-Anthony Towns (2025-26),99.48,4830,42.1,37.0
1631255,Karlo Matković,Karlo,1610612740,NOP,25.0,62,24,38,0.387,14.7,2.3,3.8,0.604,0.6,1.5,0.422,0.5,0.7,0.732,1.2,2.5,3.7,0.8,0.5,0.4,0.9,0.2,1.7,0.6,5.7,-1.5,14.6,1,0,13.3,201,252,81,396,396,355,415,47,359,411,53,444,444,373,157,259,226,451,425,431,62,463,285,446,374,369,348,201,38,360,1,2025-26,Karlo Matković (2025-26),102.42,1942,14.8,359.0
1642857,Kasparas Jakučionis,Kasparas,1610612748,MIA,20.0,53,28,25,0.528,17.8,1.9,4.5,0.429,1.2,2.9,0.423,1.1,1.2,0.879,0.8,1.8,2.6,2.6,0.9,0.6,0.1,0.3,1.9,1.2,6.2,1.4,14.5,0,0,14.1,276,216,246,279,330,393,377,385,207,264,49,273,309,83,263,378,350,175,284,305,437,322,239,309,351,163,349,284,38,346,1,2025-26,Kasparas Jakučionis (2025-26),106.96,2109,16.2,335.0
202695,Kawhi Leonard,Kawhi,1610612746,LAC,35.0,65,37,28,0.569,32.1,9.8,19.4,0.505,2.6,6.8,0.387,5.7,6.4,0.892,1.1,5.3,6.4,3.6,2.0,1.9,0.4,0.5,1.2,5.1,27.9,5.2,45.7,5,0,45.1,166,136,205,220,49,8,8,147,37,36,131,16,18,69,174,46,69,99,78,9,193,162,421,19,6,40,9,96,38,11,1,2025-26,Kawhi Leonard (2025-26),97.53,4245,48.3,14.0
1630811,Keaton Wallace,Keaton,1610612737,ATL,27.0,53,31,22,0.585,10.1,1.3,3.2,0.398,0.7,1.9,0.373,0.2,0.3,0.667,0.1,1.0,1.1,1.8,0.5,0.5,0.1,0.1,0.9,0.3,3.5,-1.9,8.6,0,0,8.2,276,188,295,194,475,466,446,482,331,359,180,516,515,452,563,477,519,266,432,411,474,515,479,511,469,399,479,284,38,473,1,2025-26,Keaton Wallace (2025-26),102.54,1144,9.8,459.0
1631099,Keegan Murray,Keegan,1610612758,SAC,25.0,23,5,18,0.217,34.5,5.5,13.0,0.42,1.3,4.9,0.277,1.7,2.1,0.776,1.4,4.3,5.7,1.7,1.2,1.0,1.6,0.7,1.8,1.7,14.0,-7.1,30.0,2,0,27.9,436,474,348,517,17,103,76,418,189,118,440,180,178,293,113,89,84,283,225,109,14,107,255,211,118,554,100,159,38,113,1,2025-26,Keegan Murray (2025-26),100.29,1663,30.8,115.0
1642276,Kel'el Ware,Kel'el,1610612748,MIA,22.0,77,39,38,0.506,22.1,4.5,8.4,0.53,1.2,3.0,0.395,0.9,1.2,0.74,2.8,6.2,9.0,0.7,0.8,0.8,1.1,0.3,1.5,1.1,11.1,-0.9,27.7,24,0,25.7,37,118,81,302,242,154,191,103,218,254,107,316,308,361,26,25,20,470,336,224,35,295,331,327,186,319,122,16,38,131,1,2025-26,Kel'el Ware (2025-26),105.48,3731,27.1,150.0
1629640,Keldon Johnson,Keldon,1610612759,SAS,26.0,82,62,20,0.756,23.3,5.0,9.7,0.519,1.2,3.3,0.363,1.9,2.4,0.794,1.7,3.7,5.4,1.4,0.9,0.6,0.1,0.7,2.0,1.8,13.2,3.9,22.9,5,0,22.5,1,1,322,43,219,125,146,117,213,221,210,147,158,242,88,137,110,336,317,344,433,84,214,188,139,62,182,96,38,176,1,2025-26,Keldon Johnson (2025-26),102.22,4070,23.3,200.0
203482,Kelly Olynyk,Kelly,1610612759,SAS,35.0,42,33,9,0.786,8.6,1.1,2.3,0.49,0.3,1.1,0.255,0.6,0.9,0.711,0.6,1.2,1.8,1.2,0.6,0.4,0.1,0.2,0.9,0.9,3.2,-0.9,7.8,0,0,7.3,348,175,455,29,505,494,509,184,446,446,455,396,384,409,350,448,441,371,413,454,496,445,475,361,483,326,490,284,38,487,1,2025-26,Kelly Olynyk (2025-26),100.81,763,8.6,486.0
1626162,Kelly Oubre Jr.,Kelly,1610612755,PHI,30.0,50,27,23,0.54,31.5,5.1,10.9,0.467,1.7,4.8,0.36,2.2,2.9,0.766,1.0,4.0,5.0,1.6,1.4,1.4,0.5,0.7,2.5,2.5,14.1,-1.3,26.7,5,0,26.1,297,225,275,266,58,124,122,261,126,120,222,114,115,313,193,104,134,293,180,45,168,103,74,118,115,355,130,96,38,125,1,2025-26,Kelly Oubre Jr. (2025-26),100.39,3291,27.9,142.0
1631113,Kennedy Chandler,Kennedy,1610612762,UTA,23.0,11,1,10,0.091,32.3,5.5,12.5,0.445,1.4,3.5,0.395,2.5,3.9,0.651,0.5,2.8,3.4,6.7,2.1,1.0,0.2,1.3,2.1,3.4,15.0,-6.3,30.6,1,0,28.8,492,549,440,564,47,100,86,335,185,214,108,92,69,470,358,226,261,17,71,121,382,5,177,64,100,545,95,201,38,101,1,2025-26,Kennedy Chandler (2025-26),109.25,811,35.4,76.0
1629026,Kenrich Williams,Kenrich,1610612760,OKC,31.0,56,41,15,0.732,15.3,2.5,5.3,0.473,0.9,2.3,0.388,0.6,0.9,0.635,1.1,2.3,3.3,1.4,0.8,0.6,0.1,0.3,1.1,1.0,6.5,0.8,13.8,1,0,13.4,247,97,382,64,386,328,338,235,296,320,128,410,377,490,183,292,262,327,359,349,481,313,453,339,340,193,362,201,38,358,1,2025-26,Kenrich Williams (2025-26),100.84,1792,14.6,365.0
203484,Kentavious Caldwell-Pope,Kentavious,1610612763,MEM,33.0,51,20,31,0.392,21.3,2.9,7.2,0.41,1.1,3.4,0.316,1.4,1.6,0.913,0.4,2.1,2.5,2.7,1.2,0.8,0.2,0.2,1.1,1.3,8.4,-2.2,17.2,0,0,16.6,291,302,160,391,260,293,243,453,249,217,373,205,252,47,438,324,376,159,221,196,412,392,440,263,264,412,294,284,38,289,1,2025-26,Kentavious Caldwell-Pope (2025-26),102.31,2314,19.3,274.0
1631165,Keon Ellis,Keon,1610612739,CLE,26.0,72,31,41,0.431,20.5,2.3,5.3,0.44,1.3,3.5,0.363,0.7,1.0,0.729,0.5,1.3,1.9,1.0,0.6,1.2,0.6,0.1,1.9,1.2,6.7,-2.0,15.2,0,0,14.4,84,188,61,368,278,346,336,346,204,210,211,368,373,380,371,438,436,394,417,78,117,504,242,296,335,404,337,284,38,341,2,2025-26,Keon Ellis (2025-26),100.49,3097,15.9,342.0
1642352,Keshad Johnson,Keshad,1610612748,MIA,25.0,32,16,16,0.5,8.7,1.6,3.3,0.49,0.4,1.4,0.295,0.7,0.9,0.724,0.8,1.1,1.9,0.3,0.4,0.5,0.3,0.2,0.9,0.6,4.3,2.8,8.7,1,0,8.3,400,348,368,303,500,428,442,180,418,418,414,387,383,387,261,465,431,560,485,403,316,432,483,456,440,93,474,201,38,470,1,2025-26,Keshad Johnson (2025-26),109.64,642,8.8,483.0
1642933,Keshon Gilbert,Keshon,1610612737,ATL,23.0,4,0,4,0.0,18.4,1.3,3.0,0.417,0.0,0.8,0.0,1.8,1.8,1.0,0.5,0.8,1.3,3.0,2.0,0.8,1.0,0.0,1.3,1.3,4.3,-14.5,13.5,0,0,12.0,551,567,509,567,320,468,458,434,517,474,517,164,227,1,379,525,496,138,81,234,42,540,408,281,440,577,370,284,38,389,2,2025-26,Keshon Gilbert (2025-26),101.16,156,16.8,327.0
201142,Kevin Durant,Kevin,1610612745,HOU,37.0,78,48,30,0.615,36.4,9.2,17.6,0.52,2.4,5.8,0.413,5.2,6.0,0.874,0.5,4.9,5.5,4.8,3.2,0.8,0.9,0.5,1.8,4.8,26.0,4.4,41.6,7,0,42.0,28,41,172,163,3,11,18,112,54,76,64,24,25,93,373,58,105,57,15,215,59,161,257,21,15,54,21,72,38,19,1,2025-26,Kevin Durant (2025-26),98.14,5816,46.1,21.0
1628989,Kevin Huerter,Kevin,1610612765,DET,27.0,69,40,29,0.58,22.5,3.9,8.6,0.451,1.4,4.7,0.308,0.8,1.0,0.775,0.5,3.0,3.5,2.6,1.0,0.9,0.5,0.4,1.7,1.0,10.0,1.2,21.2,1,0,20.3,118,110,189,200,234,196,183,309,171,125,388,347,357,295,391,203,249,176,250,155,169,259,293,333,212,169,211,201,38,213,2,2025-26,Kevin Huerter (2025-26),102.94,3327,22.9,211.0
201567,Kevin Love,Kevin,1610612762,UTA,37.0,37,10,27,0.27,16.6,2.1,5.4,0.397,1.4,3.8,0.373,1.0,1.2,0.841,1.5,4.3,5.8,1.8,0.8,0.4,0.2,0.0,1.5,1.1,6.7,-2.2,17.4,2,0,17.0,377,411,220,472,360,370,330,484,175,182,177,286,323,146,106,86,81,261,334,446,325,538,353,318,333,409,291,159,38,280,1,2025-26,Kevin Love (2025-26),104.18,1334,18.0,308.0
1641755,Kevin McCullar Jr.,Kevin,1610612752,NYK,25.0,21,11,10,0.524,7.4,1.0,2.2,0.426,0.4,1.1,0.333,0.1,0.2,0.4,0.5,0.8,1.3,1.0,0.6,0.4,0.0,0.1,1.0,0.2,2.4,-2.3,6.1,0,0,5.9,444,406,440,284,520,510,516,396,424,441,302,554,535,553,374,514,491,416,413,421,524,505,455,539,516,415,509,284,38,510,1,2025-26,Kevin McCullar Jr. (2025-26),101.27,323,6.9,506.0
1629645,Kevin Porter Jr.,Kevin,1610612749,MIL,26.0,38,18,20,0.474,33.2,6.3,13.5,0.465,1.2,3.8,0.322,3.6,4.1,0.878,0.9,4.3,5.2,7.4,2.9,2.2,0.5,0.8,2.3,3.6,17.4,-2.8,39.9,10,2,36.6,370,325,322,342,35,69,64,264,212,186,356,51,58,85,227,87,122,11,23,3,156,50,113,52,67,444,31,56,16,40,1,2025-26,Kevin Porter Jr. (2025-26),99.18,2612,45.4,24.0
1626172,Kevon Looney,Kevon,1610612740,NOP,30.0,21,3,18,0.143,14.6,1.2,2.9,0.417,0.1,0.6,0.154,0.3,0.5,0.7,2.3,3.3,5.6,1.6,0.4,0.4,0.5,0.2,1.6,0.4,2.8,-3.0,14.3,0,0,12.0,444,503,348,553,398,484,470,434,490,484,504,487,491,424,48,162,92,289,478,421,170,429,305,505,503,454,357,284,38,390,1,2025-26,Kevon Looney (2025-26),102.64,660,14.4,367.0
1641718,Keyonte George,Keyonte,1610612762,UTA,22.0,54,16,38,0.296,33.1,7.4,16.3,0.456,2.5,6.7,0.371,6.2,7.0,0.892,0.4,3.3,3.7,6.1,3.1,1.1,0.3,1.1,2.2,4.7,23.6,-6.2,38.2,4,0,38.6,266,348,81,448,39,34,29,288,49,43,185,11,16,70,418,173,228,27,19,102,307,20,137,22,22,542,40,114,38,34,1,2025-26,Keyonte George (2025-26),103.25,3840,43.6,29.0
1642863,Khaman Maluach,Khaman,1610612756,PHX,19.0,46,22,24,0.478,8.9,1.2,2.3,0.533,0.1,0.5,0.238,0.5,0.7,0.71,1.1,1.8,2.9,0.1,0.5,0.1,0.7,0.3,0.9,0.6,3.0,1.0,8.6,1,0,7.8,324,277,258,339,495,477,511,100,487,501,473,446,437,413,178,362,318,572,428,552,94,359,473,449,488,182,477,201,38,480,1,2025-26,Khaman Maluach (2025-26),97.92,851,8.7,485.0
203114,Khris Middleton,Khris,1610612742,DAL,34.0,63,18,45,0.286,22.8,3.6,8.6,0.42,1.1,3.0,0.36,1.9,2.2,0.875,0.8,2.9,3.7,2.8,1.7,0.7,0.1,0.4,2.3,1.8,10.2,-5.3,19.4,2,0,19.3,194,325,36,454,225,218,185,417,254,263,221,145,173,87,264,220,229,152,119,287,423,244,126,191,208,533,246,159,38,229,2,2025-26,Khris Middleton (2025-26),103.88,3118,21.8,228.0
1630165,Killian Hayes,Killian,1610612758,SAC,24.0,23,10,13,0.435,17.6,1.8,6.0,0.304,0.7,2.7,0.27,1.1,1.2,0.929,0.2,2.2,2.3,3.5,1.2,0.9,0.2,0.2,1.6,1.1,5.5,-0.8,15.7,0,0,14.3,436,411,409,365,335,404,301,560,324,284,447,263,317,39,543,312,384,104,219,155,392,401,322,323,382,313,329,284,38,343,1,2025-26,Killian Hayes (2025-26),100.91,855,18.2,303.0
202691,Klay Thompson,Klay,1610612742,DAL,36.0,69,21,48,0.304,21.7,4.1,10.6,0.393,2.9,7.6,0.383,0.5,0.7,0.766,0.3,1.8,2.1,1.4,0.9,0.5,0.3,0.1,1.0,0.4,11.7,-1.9,17.8,0,0,19.7,118,292,25,444,253,182,130,494,20,19,146,428,435,311,499,368,413,332,295,396,263,473,461,503,169,401,280,284,38,221,1,2025-26,Klay Thompson (2025-26),106.06,3318,19.0,284.0
1641738,Kobe Brown,Kobe,1610612754,IND,26.0,61,17,44,0.279,15.8,2.1,4.4,0.469,0.9,2.3,0.374,0.8,1.0,0.797,1.1,1.9,3.0,1.3,0.9,0.4,0.2,0.4,1.1,0.9,5.8,-3.6,12.2,0,0,12.1,210,334,43,464,376,375,383,251,302,321,172,352,374,235,166,349,296,346,310,447,367,248,438,364,369,475,392,284,38,385,2,2025-26,Kobe Brown (2025-26),100.6,2014,13.2,392.0
1641723,Kobe Bufkin,Kobe,1610612747,LAL,22.0,16,10,6,0.625,7.5,0.9,3.1,0.3,0.3,1.6,0.192,0.7,0.8,0.917,0.1,0.8,0.8,0.6,0.3,0.1,0.2,0.1,0.6,0.7,2.9,-4.3,5.4,0,0,5.3,461,411,485,153,519,512,449,562,439,394,495,375,425,42,561,525,546,487,514,545,373,488,535,428,500,506,525,284,38,519,1,2025-26,Kobe Bufkin (2025-26),102.44,259,5.9,525.0
1642920,Kobe Sanders,Kobe,1610612746,LAC,24.0,68,36,32,0.529,19.9,2.6,5.6,0.466,1.2,2.9,0.408,0.8,1.0,0.826,0.4,1.8,2.3,1.6,1.2,0.7,0.1,0.3,2.1,0.9,7.3,0.5,13.8,0,0,14.0,135,151,149,276,296,314,320,262,222,272,78,336,359,184,417,363,400,292,223,251,419,354,161,359,314,219,361,284,38,347,1,2025-26,Kobe Sanders (2025-26),99.33,2808,15.3,354.0
1642886,Koby Brea,Koby,1610612756,PHX,23.0,12,5,7,0.417,7.0,1.3,3.0,0.417,1.1,2.5,0.433,0.2,0.2,1.0,0.1,0.6,0.7,0.8,0.3,0.1,0.0,0.1,0.5,0.1,3.8,-0.4,5.7,0,0,6.5,485,474,475,374,526,468,458,434,247,303,41,531,546,1,559,544,556,443,503,558,524,511,541,569,459,289,517,284,38,497,1,2025-26,Koby Brea (2025-26),96.15,169,6.3,512.0
1642851,Kon Knueppel,Kon,1610612766,CHA,20.0,81,44,37,0.543,31.5,6.4,13.4,0.475,3.4,7.9,0.425,2.4,2.8,0.863,1.2,4.1,5.3,3.4,2.0,0.7,0.2,0.6,2.1,2.3,18.5,4.0,30.8,7,0,32.5,19,67,93,261,57,65,67,228,5,16,47,102,119,110,151,101,112,109,83,263,334,117,181,128,58,61,89,72,38,67,1,2025-26,Kon Knueppel (2025-26),99.73,5297,33.4,87.0
1627739,Kris Dunn,Kris,1610612746,LAC,32.0,82,42,40,0.512,27.2,2.8,5.8,0.476,1.0,2.6,0.374,0.8,1.0,0.765,0.7,2.6,3.3,3.6,1.4,1.6,0.2,0.3,2.3,0.9,7.3,0.2,20.6,0,0,18.7,1,87,69,293,143,303,309,223,277,296,174,355,370,314,312,251,271,101,187,17,396,340,115,369,315,235,226,284,38,249,1,2025-26,Kris Dunn (2025-26),98.23,4560,23.1,205.0
1631200,Kris Murray,Kris,1610612757,POR,25.0,57,28,29,0.491,23.4,2.3,4.8,0.467,0.6,2.1,0.279,0.7,1.0,0.684,1.6,2.0,3.6,1.4,0.8,0.9,0.4,0.3,1.6,0.8,5.8,0.8,15.3,0,0,14.0,235,216,189,329,217,358,361,257,372,332,436,376,360,442,98,328,236,324,328,166,219,316,307,383,366,195,335,284,38,348,1,2025-26,Kris Murray (2025-26),102.27,2841,16.1,337.0
204001,Kristaps Porziņģis,Kristaps,1610612744,GSW,30.0,32,13,19,0.406,24.0,5.4,12.1,0.446,1.7,5.0,0.338,4.2,4.9,0.842,1.3,4.0,5.2,2.5,1.3,0.6,1.2,0.4,2.9,4.3,16.7,1.4,30.7,1,0,29.6,400,384,333,381,205,105,91,332,132,112,293,39,42,142,137,114,121,183,199,342,27,218,34,34,80,160,92,201,38,93,2,2025-26,Kristaps Porziņģis (2025-26),103.63,1658,32.2,98.0
203937,Kyle Anderson,Kyle,1610612750,MIN,32.0,43,15,28,0.349,19.8,2.5,4.7,0.53,0.1,0.3,0.364,1.1,1.6,0.706,1.0,2.5,3.5,2.9,0.9,1.0,0.6,0.3,2.2,1.5,6.2,-1.9,18.8,0,0,16.0,342,365,205,410,298,330,364,104,491,517,203,268,251,417,207,262,246,144,296,108,127,343,135,240,352,397,259,284,38,305,3,2025-26,Kyle Anderson (2025-26),103.85,1844,20.5,252.0
1642271,Kyle Filipowski,Kyle,1610612762,UTA,22.0,77,21,56,0.273,23.4,4.2,8.5,0.492,1.0,3.0,0.325,2.1,2.8,0.75,1.9,5.3,7.2,2.6,1.6,0.9,0.5,0.7,3.0,1.9,11.4,-3.3,26.6,13,0,25.0,37,292,7,470,218,174,188,177,282,262,347,127,121,333,76,44,47,178,133,141,154,102,28,168,179,465,132,42,38,138,1,2025-26,Kyle Filipowski (2025-26),104.07,3906,28.1,138.0
1628398,Kyle Kuzma,Kyle,1610612749,MIL,30.0,69,31,38,0.449,26.2,4.9,10.0,0.492,1.2,3.5,0.347,2.0,2.7,0.726,0.8,3.7,4.5,2.7,1.7,0.7,0.4,0.5,1.9,2.3,13.0,-4.1,23.9,4,0,23.5,118,188,81,359,166,132,143,176,215,212,264,141,128,385,255,136,164,162,116,276,202,153,223,136,141,500,166,114,38,160,1,2025-26,Kyle Kuzma (2025-26),100.59,3769,26.1,162.0
200768,Kyle Lowry,Kyle,1610612755,PHI,40.0,14,9,5,0.643,8.4,0.3,1.8,0.16,0.3,1.8,0.16,0.4,0.4,0.833,0.0,0.6,0.6,0.8,0.3,0.1,0.1,0.0,0.6,0.4,1.2,-2.8,3.7,0,0,3.5,472,432,501,136,511,571,534,576,446,379,502,481,498,160,565,539,558,456,519,541,423,540,531,496,562,443,555,284,38,558,1,2025-26,Kyle Lowry (2025-26),105.12,262,4.3,551.0
1642273,Kyshawn George,Kyshawn,1610612764,WAS,22.0,48,10,38,0.208,29.0,5.3,12.0,0.438,2.1,5.4,0.381,2.2,2.7,0.802,0.9,4.2,5.1,4.5,2.6,1.0,0.9,0.8,3.5,2.6,14.8,-7.4,30.7,3,0,30.2,310,411,81,521,110,117,94,356,75,89,153,117,124,228,226,96,130,64,38,121,60,57,6,99,105,559,91,128,38,87,1,2025-26,Kyshawn George (2025-26),103.49,2994,34.5,80.0
1643018,LJ Cryer,LJ,1610612744,GSW,24.0,18,6,12,0.333,16.2,2.6,6.5,0.402,2.1,5.2,0.394,0.9,1.1,0.895,0.2,1.3,1.6,1.0,0.8,0.2,0.0,0.1,1.6,0.7,8.2,0.9,11.3,0,0,13.2,456,461,419,419,367,317,278,472,78,100,112,310,350,62,517,439,472,394,352,531,524,525,327,418,273,188,411,284,38,362,1,2025-26,LJ Cryer (2025-26),99.16,612,12.3,406.0
1630163,LaMelo Ball,LaMelo,1610612766,CHA,24.0,72,41,31,0.569,28.0,7.0,17.3,0.407,3.8,10.3,0.368,2.2,2.5,0.899,0.9,3.9,4.8,7.1,2.8,1.2,0.3,0.7,2.7,3.0,20.1,5.8,38.1,10,1,38.7,84,97,160,218,128,48,21,460,3,3,196,112,142,56,222,117,149,14,29,64,316,73,47,75,45,32,41,56,23,33,1,2025-26,LaMelo Ball (2025-26),99.43,4194,43.5,30.0
1642950,Lachlan Olbrich,Lachlan,1610612741,CHI,22.0,37,9,28,0.243,9.3,1.0,2.1,0.468,0.1,0.5,0.105,0.4,1.1,0.375,1.2,1.8,3.0,1.1,0.4,0.3,0.2,0.2,1.3,1.0,2.4,0.7,8.9,1,1,7.7,377,432,205,498,488,507,525,256,497,495,513,468,343,557,148,370,298,374,477,472,347,461,386,341,514,199,469,201,23,481,1,2025-26,Lachlan Olbrich (2025-26),105.91,763,9.3,474.0
1629013,Landry Shamet,Landry,1610612752,NYK,29.0,51,35,16,0.686,23.0,3.1,7.1,0.437,2.0,5.2,0.392,1.1,1.5,0.711,0.5,1.4,1.8,1.4,0.6,0.6,0.2,0.4,1.5,1.6,9.3,3.7,15.4,0,0,16.1,291,162,368,90,223,266,245,362,83,105,116,280,267,409,409,437,442,326,411,313,389,282,339,219,233,65,334,284,38,298,1,2025-26,Landry Shamet (2025-26),99.44,2423,16.3,334.0
1626204,Larry Nance Jr.,Larry,1610612739,CLE,33.0,35,25,10,0.714,12.8,1.5,3.5,0.419,0.6,1.8,0.333,0.2,0.4,0.462,0.8,1.8,2.7,1.0,0.6,0.6,0.2,0.2,1.6,0.6,3.7,-0.5,10.1,0,0,9.5,390,243,440,75,428,448,425,420,366,375,302,530,510,550,252,361,345,412,413,317,395,415,320,443,460,294,437,284,38,438,1,2025-26,Larry Nance Jr. (2025-26),101.61,955,10.7,437.0
1628374,Lauri Markkanen,Lauri,1610612762,UTA,29.0,42,17,25,0.405,34.3,9.1,19.2,0.477,2.7,7.7,0.355,5.7,6.4,0.896,2.0,4.9,6.9,2.1,1.5,1.0,0.5,1.1,1.8,5.5,26.7,-1.3,41.2,5,0,41.5,348,334,246,383,19,12,9,219,27,18,239,15,19,61,63,59,55,223,150,121,156,17,252,12,11,352,24,96,38,20,1,2025-26,Lauri Markkanen (2025-26),104.48,3137,42.4,36.0
1643133,Lawson Lovering,Lawson,1610612763,MEM,23.0,2,1,1,0.5,24.6,3.0,5.0,0.6,0.0,0.0,0.0,1.0,2.5,0.4,3.0,4.5,7.5,1.5,1.0,1.5,0.5,0.5,3.5,2.0,7.0,0.5,23.3,1,0,20.0,572,549,556,303,196,280,353,49,517,548,517,286,136,553,21,77,42,303,257,25,156,178,7,160,324,218,175,201,38,219,1,2025-26,Lawson Lovering (2025-26),110.59,114,23.5,198.0
2544,LeBron James,LeBron,1610612747,LAL,41.0,60,39,21,0.65,33.2,7.9,15.3,0.515,1.3,4.1,0.317,3.9,5.3,0.737,0.7,5.4,6.1,7.2,3.0,1.2,0.6,0.8,1.4,3.7,20.9,2.0,41.4,17,3,39.1,214,118,305,129,38,26,43,127,200,177,371,44,38,364,309,41,76,12,20,65,130,67,381,49,34,123,23,30,8,30,1,2025-26,LeBron James (2025-26),100.29,4160,46.8,20.0
1641778,Leaky Black,Leaky,1610612764,WAS,27.0,15,1,14,0.067,28.9,2.7,6.9,0.388,1.3,3.7,0.345,0.5,0.5,0.875,1.0,4.0,5.0,1.5,0.9,1.2,0.5,0.2,2.7,0.5,7.1,-6.8,19.5,0,0,18.3,465,549,397,566,113,311,253,498,203,193,272,449,474,87,193,107,135,315,286,65,140,415,51,485,321,549,241,284,38,259,1,2025-26,Leaky Black (2025-26),103.63,931,20.2,256.0
1631159,Leonard Miller,Leonard,1610612741,CHI,22.0,46,18,28,0.391,15.6,3.2,5.7,0.553,0.7,2.2,0.323,0.8,1.2,0.736,1.2,2.8,3.9,0.9,0.8,0.4,0.3,0.3,1.4,0.9,7.8,-0.6,15.2,3,0,14.7,324,325,205,393,383,262,315,82,340,330,351,332,329,366,154,231,210,434,349,450,256,359,365,375,291,300,338,128,38,335,2,2025-26,Leonard Miller (2025-26),106.87,1605,15.6,348.0
1642862,Liam McNeeley,Liam,1610612766,CHA,20.0,31,12,19,0.387,11.9,1.2,3.1,0.4,0.8,1.9,0.4,1.0,1.3,0.821,0.4,1.9,2.4,0.8,0.4,0.2,0.1,0.2,1.2,0.9,4.3,0.3,8.6,0,0,8.7,407,395,333,396,446,474,455,475,320,358,94,283,302,198,420,346,383,459,483,535,471,425,433,368,439,233,478,284,38,462,1,2025-26,Liam McNeeley (2025-26),98.74,754,8.9,479.0
1630322,Lindy Waters III,Lindy,1610612759,SAS,28.0,40,31,9,0.775,7.1,0.8,2.2,0.375,0.7,2.0,0.342,0.1,0.1,0.667,0.1,0.7,0.7,0.5,0.2,0.2,0.0,0.1,0.6,0.3,2.4,-0.1,4.3,0,0,4.6,362,188,455,33,524,520,517,513,346,354,282,561,561,452,560,538,552,519,547,539,521,529,525,529,517,270,547,284,38,535,1,2025-26,Lindy Waters III (2025-26),101.17,602,4.6,547.0
1628366,Lonzo Ball,Lonzo,1610612739,CLE,28.0,35,19,16,0.543,20.8,1.5,5.0,0.301,1.1,4.2,0.272,0.4,0.6,0.667,0.7,3.3,4.0,3.9,1.5,1.3,0.3,0.2,1.3,0.5,4.6,0.9,18.3,0,0,16.7,390,316,368,262,273,444,351,561,234,161,443,469,459,452,294,174,200,77,158,54,311,443,391,480,414,186,270,284,38,286,1,2025-26,Lonzo Ball (2025-26),104.87,1595,21.0,241.0
1631351,Lucas Williamson,Lucas,1610612763,MEM,27.0,7,0,7,0.0,32.0,3.6,10.7,0.333,2.1,7.6,0.283,1.1,1.1,1.0,1.6,3.9,5.4,2.6,1.4,1.6,0.1,1.0,3.7,1.1,10.4,-17.9,24.5,1,0,24.0,518,567,475,567,51,219,128,539,70,20,433,258,332,1,100,123,107,178,167,18,423,24,4,310,198,579,159,201,38,154,1,2025-26,Lucas Williamson (2025-26),107.27,499,26.1,160.0
1629652,Luguentz Dort,Luguentz,1610612760,OKC,27.0,69,53,16,0.768,26.8,2.9,7.6,0.385,1.9,5.4,0.344,0.6,0.8,0.759,0.8,2.7,3.6,1.2,0.8,0.9,0.4,0.2,2.6,1.5,8.3,4.3,17.5,0,0,17.6,118,19,368,36,154,294,225,502,111,92,277,398,400,324,262,236,239,358,349,162,213,414,63,241,267,56,289,284,38,269,1,2025-26,Luguentz Dort (2025-26),100.54,3865,18.2,301.0
1629029,Luka Dončić,Luka,1610612747,LAL,27.0,64,43,21,0.672,35.8,10.8,22.8,0.476,4.0,10.8,0.366,7.9,10.1,0.78,0.6,7.1,7.7,8.3,4.0,1.6,0.5,0.4,2.4,7.3,33.5,2.9,57.7,34,8,57.8,180,75,305,103,5,1,1,225,2,2,201,2,1,280,330,14,36,4,1,15,143,218,96,2,1,88,2,9,4,1,1,2025-26,Luka Dončić (2025-26),100.73,4804,64.3,2.0
1630568,Luka Garza,Luka,1610612738,BOS,27.0,69,47,22,0.681,16.2,3.0,5.2,0.577,0.8,1.8,0.433,1.3,1.7,0.769,2.3,1.8,4.1,1.0,0.7,0.4,0.4,0.4,2.3,1.7,8.1,1.8,16.1,2,0,15.5,118,44,295,96,368,290,340,68,314,368,43,225,233,306,49,368,194,415,379,438,202,271,108,199,282,133,318,159,38,317,1,2025-26,Luka Garza (2025-26),97.4,2265,16.4,331.0
1628379,Luke Kennard,Luke,1610612747,LAL,30.0,78,45,33,0.577,21.5,3.0,5.7,0.533,1.5,3.1,0.478,0.8,0.9,0.913,0.4,1.9,2.3,2.2,0.8,0.7,0.1,0.2,1.3,0.7,8.4,0.5,16.2,1,1,16.0,28,60,135,207,254,276,318,101,156,240,24,341,388,45,425,347,386,209,356,259,464,397,397,433,266,216,314,201,23,303,2,2025-26,Luke Kennard (2025-26),101.7,3571,17.6,316.0
1628436,Luke Kornet,Luke,1610612759,SAS,30.0,68,52,16,0.765,21.0,2.6,4.0,0.643,0.0,0.0,0.0,1.4,1.7,0.825,2.7,3.4,6.1,1.9,0.4,0.5,1.0,0.3,1.8,1.8,6.5,1.7,20.5,3,0,17.3,135,24,368,38,264,321,403,30,517,548,517,213,237,189,31,155,75,256,484,401,50,354,263,182,338,138,227,128,38,272,1,2025-26,Luke Kornet (2025-26),102.41,3051,20.6,251.0
1631247,Luke Travers,Luke,1610612739,CLE,24.0,12,6,6,0.5,8.6,0.8,3.0,0.25,0.1,1.3,0.063,0.8,0.8,1.0,0.8,1.3,2.0,0.8,0.3,0.6,0.3,0.3,0.5,0.4,2.3,-2.7,8.4,0,0,7.0,485,461,485,303,504,528,458,566,494,422,516,356,425,1,286,443,418,464,529,325,245,372,541,498,520,438,483,284,38,493,1,2025-26,Luke Travers (2025-26),105.69,226,8.6,487.0
1630644,Mac McClung,Mac,1610612741,CHI,27.0,11,2,9,0.182,12.3,2.1,5.4,0.39,0.6,2.7,0.233,1.3,1.6,0.778,0.2,0.7,0.9,0.9,0.8,1.0,0.3,0.2,1.7,1.0,6.1,-2.4,11.5,0,0,11.1,492,526,455,540,437,374,333,495,354,285,476,233,244,284,541,529,540,425,329,121,299,438,272,341,355,417,405,284,38,403,2,2025-26,Mac McClung (2025-26),106.88,302,12.6,402.0
1641869,Malachi Smith,Malachi,1610612751,BKN,26.0,15,3,12,0.2,23.9,3.2,6.6,0.485,1.3,3.1,0.435,0.5,0.5,1.0,0.8,2.6,3.4,3.3,0.9,0.8,0.3,0.3,0.9,1.3,8.3,-6.0,19.5,1,0,18.4,465,503,419,526,208,256,270,196,190,251,39,425,474,1,267,249,256,122,286,209,303,296,485,263,271,539,242,201,38,253,1,2025-26,Malachi Smith (2025-26),100.6,756,21.4,236.0
1631103,Malaki Branham,Malaki,1610612764,WAS,23.0,28,7,21,0.25,9.8,1.5,3.3,0.473,0.5,1.3,0.378,1.0,1.2,0.824,0.4,1.1,1.6,0.8,0.5,0.4,0.1,0.3,0.8,0.7,4.6,-1.5,8.5,0,0,8.4,418,452,305,485,479,440,442,236,393,428,161,286,318,190,414,461,471,446,431,454,458,313,502,430,414,369,480,284,38,468,1,2025-26,Malaki Branham (2025-26),102.37,592,9.2,477.0
1642502,Malevy Leons,Malevy,1610612744,GSW,26.0,25,7,18,0.28,11.1,1.3,2.9,0.444,0.2,0.6,0.25,0.6,0.8,0.789,1.2,0.9,2.1,0.9,0.5,0.6,0.4,0.2,1.2,0.7,3.3,-3.0,9.5,0,0,8.4,429,452,348,461,459,467,469,336,475,482,458,405,424,250,149,497,408,423,437,345,237,389,414,420,479,454,450,284,38,469,1,2025-26,Malevy Leons (2025-26),99.83,569,10.0,448.0
1628370,Malik Monk,Malik,1610612758,SAC,28.0,62,18,44,0.29,22.0,4.5,10.2,0.438,2.0,5.1,0.395,1.5,1.7,0.879,0.2,1.6,1.9,3.0,1.5,0.6,0.4,0.5,1.6,1.5,12.5,-4.1,20.7,0,0,21.3,201,325,43,451,246,153,136,357,86,108,106,195,229,84,509,398,435,142,160,321,217,178,315,231,148,501,224,284,38,197,1,2025-26,Malik Monk (2025-26),102.11,2895,23.3,203.0
1630699,MarJon Beauchamp,MarJon,1610612755,PHI,25.0,14,7,7,0.5,14.0,2.4,5.4,0.434,1.1,3.4,0.34,0.9,1.4,0.684,0.5,1.8,2.3,1.1,0.9,0.6,0.3,0.4,0.9,0.9,6.8,-1.9,13.0,0,0,13.1,472,452,475,303,407,343,327,372,234,219,287,313,286,442,379,381,392,380,291,292,287,277,475,361,330,395,378,284,38,363,1,2025-26,MarJon Beauchamp (2025-26),104.76,424,14.0,374.0
1631204,Marcus Sasser,Marcus,1610612765,DET,25.0,38,28,10,0.737,12.0,1.8,4.7,0.39,1.2,2.8,0.415,0.4,0.5,0.833,0.2,0.8,1.0,2.0,0.8,0.5,0.1,0.2,1.1,0.4,5.2,3.1,10.5,0,0,10.6,370,216,440,59,443,405,365,495,229,281,62,472,494,160,540,508,522,239,331,361,459,405,450,510,402,84,428,284,38,413,1,2025-26,Marcus Sasser (2025-26),101.68,961,12.1,411.0
203935,Marcus Smart,Marcus,1610612747,LAL,32.0,62,41,21,0.661,28.5,3.0,7.7,0.395,1.6,4.7,0.331,1.7,2.1,0.822,0.6,2.2,2.8,3.0,1.5,1.4,0.4,0.2,2.6,2.3,9.3,4.1,21.0,0,0,20.2,201,97,305,120,117,274,220,489,142,123,331,171,185,196,348,308,328,142,159,38,230,406,60,133,231,57,215,284,38,215,1,2025-26,Marcus Smart (2025-26),100.07,3691,23.4,199.0
1641813,Mark Sears,Mark,1610612749,MIL,24.0,7,1,6,0.143,3.7,0.9,1.9,0.462,0.6,1.1,0.5,0.9,1.1,0.75,0.1,0.1,0.3,0.3,0.6,0.0,0.0,0.0,0.6,0.9,3.1,1.7,3.3,0,0,4.3,518,549,485,553,570,516,530,271,377,441,13,329,332,333,549,574,573,556,413,564,524,540,531,379,486,140,561,284,38,540,1,2025-26,Mark Sears (2025-26),103.06,56,4.0,555.0
1631109,Mark Williams,Mark,1610612756,PHX,24.0,60,34,26,0.567,23.6,4.7,7.3,0.644,0.0,0.0,1.0,2.3,2.9,0.771,3.1,4.9,8.0,1.0,1.1,0.9,0.9,0.4,2.2,2.4,11.7,-0.7,27.1,14,0,24.3,214,168,232,221,214,143,235,28,512,545,1,111,112,302,19,61,34,413,242,153,56,220,144,126,173,310,126,38,38,153,1,2025-26,Mark Williams (2025-26),101.01,2988,27.1,151.0
1628365,Markelle Fultz,Markelle,1610612761,TOR,28.0,5,3,2,0.6,7.2,0.4,2.2,0.182,0.0,0.0,0.0,0.0,0.0,0.0,0.0,0.2,0.2,1.6,0.8,0.4,0.0,0.2,0.4,0.0,0.8,-7.2,3.8,0,0,3.4,539,503,540,174,523,565,517,573,517,548,517,563,564,563,565,570,576,293,338,432,524,415,556,571,572,555,554,284,38,561,1,2025-26,Markelle Fultz (2025-26),112.73,83,5.4,532.0
1628963,Marvin Bagley III,Marvin,1610612742,DAL,27.0,60,16,44,0.267,20.0,4.2,6.9,0.618,0.4,0.9,0.462,1.6,2.4,0.66,2.5,3.6,6.1,1.4,1.0,0.5,0.7,0.5,2.1,2.0,10.5,-3.7,22.4,6,0,20.7,214,348,43,476,290,170,254,42,419,471,26,189,156,464,36,141,74,325,255,405,95,178,191,160,196,477,189,84,38,208,2,2025-26,Marvin Bagley III (2025-26),103.2,2588,22.9,209.0
203486,Mason Plumlee,Mason,1610612759,SAS,36.0,20,10,10,0.5,8.6,0.6,0.7,0.786,0.0,0.0,0.0,0.5,0.7,0.643,0.9,1.8,2.7,1.0,0.6,0.5,0.0,0.1,0.9,0.8,1.6,-0.4,7.1,0,0,6.2,449,411,440,303,506,553,576,2,517,548,517,456,433,482,244,374,347,394,403,373,524,529,490,404,550,287,494,284,38,504,2,2025-26,Mason Plumlee (2025-26),103.28,369,7.7,493.0
1641824,Matas Buzelis,Matas,1610612741,CHI,21.0,77,28,49,0.364,29.2,5.8,12.5,0.463,2.2,6.4,0.349,2.4,3.1,0.786,1.0,4.8,5.8,2.1,2.1,0.7,1.5,0.7,2.3,2.6,16.3,-4.0,30.9,4,0,30.8,37,216,19,403,106,85,83,267,67,52,258,99,101,264,193,64,80,229,75,256,17,71,117,110,87,495,86,114,38,81,1,2025-26,Matas Buzelis (2025-26),104.25,4883,32.8,93.0
1629680,Matisse Thybulle,Matisse,1610612757,POR,29.0,30,17,13,0.567,16.0,1.9,4.5,0.433,1.2,3.1,0.398,0.7,0.8,0.84,0.6,1.4,2.0,0.9,0.9,2.0,0.5,0.1,1.4,0.8,5.8,2.9,16.2,0,0,15.0,410,334,409,221,372,391,378,376,210,244,101,371,403,149,353,426,426,427,286,4,140,518,360,396,367,87,313,284,38,329,1,2025-26,Matisse Thybulle (2025-26),103.73,1034,17.2,320.0
1631108,Max Christie,Max,1610612742,DAL,23.0,77,24,53,0.312,29.1,4.2,9.4,0.441,2.3,5.8,0.404,1.6,1.8,0.899,0.2,3.0,3.2,2.0,1.2,0.6,0.4,0.5,1.3,1.5,12.3,-4.4,20.7,0,0,21.7,37,252,12,442,108,179,157,345,60,73,87,184,218,57,538,195,278,243,210,311,238,155,403,222,150,512,221,284,38,188,1,2025-26,Max Christie (2025-26),103.23,4824,22.3,220.0
1642917,Max Shulga,Max,1610612738,BOS,24.0,11,8,3,0.727,3.3,0.2,0.7,0.25,0.1,0.4,0.25,0.2,0.2,1.0,0.3,0.3,0.5,0.2,0.3,0.1,0.0,0.0,0.9,0.1,0.6,-0.8,1.6,0,0,1.6,492,440,530,68,575,576,574,566,492,509,458,526,544,1,493,568,563,568,523,557,524,540,478,568,577,317,577,284,38,578,1,2025-26,Max Shulga (2025-26),106.52,79,1.8,576.0
1629622,Max Strus,Max,1610612739,CLE,30.0,12,9,3,0.75,24.0,3.9,8.8,0.443,2.8,6.8,0.402,0.6,0.8,0.778,0.8,4.7,5.4,2.0,0.8,0.3,0.0,0.3,2.8,1.2,11.2,-0.3,20.7,0,0,21.8,485,432,530,46,206,194,177,338,26,38,90,413,425,284,286,72,109,233,360,498,524,372,38,303,181,283,225,284,38,187,1,2025-26,Max Strus (2025-26),103.56,620,21.3,237.0
1628467,Maxi Kleber,Maxi,1610612747,LAL,34.0,43,20,23,0.465,10.7,0.8,1.7,0.452,0.1,0.6,0.231,0.3,0.6,0.538,0.8,1.1,2.0,0.6,0.4,0.4,0.3,0.1,1.4,0.6,2.0,1.3,6.9,0,0,6.1,342,302,275,348,466,526,542,305,482,486,478,498,458,526,249,466,427,486,491,425,313,480,372,459,531,168,497,284,38,506,1,2025-26,Maxi Kleber (2025-26),101.41,985,7.2,502.0
1642875,Maxime Raynaud,Maxime,1610612758,SAC,23.0,74,21,53,0.284,26.5,5.2,9.1,0.571,0.3,1.0,0.324,1.8,2.3,0.786,1.9,5.6,7.5,1.4,1.3,0.5,0.5,0.5,2.3,1.9,12.5,-6.2,25.4,18,0,23.7,70,292,12,459,157,122,167,77,436,455,348,158,165,264,72,35,41,337,202,370,147,170,118,173,146,544,146,27,38,158,1,2025-26,Maxime Raynaud (2025-26),101.41,4145,25.8,165.0
1642877,Micah Peavy,Micah,1610612740,NOP,24.0,61,17,44,0.279,15.0,1.7,4.5,0.385,0.5,1.8,0.259,0.4,0.5,0.759,0.8,1.2,1.9,1.0,0.3,0.7,0.1,0.3,1.6,0.4,4.3,-1.7,10.3,0,0,9.4,210,334,43,464,393,416,374,503,406,380,452,480,493,324,284,458,433,394,511,260,418,344,319,493,435,389,430,284,38,444,1,2025-26,Micah Peavy (2025-26),103.08,1950,10.8,434.0
1630695,Micah Potter,Micah,1610612754,IND,28.0,47,11,36,0.234,19.3,3.2,6.2,0.515,1.5,3.6,0.423,1.8,2.1,0.842,1.2,3.7,5.0,1.5,1.0,0.5,0.3,0.2,1.7,1.8,9.7,-2.6,19.3,7,0,19.3,320,406,102,504,309,255,293,125,153,201,51,153,175,143,144,134,140,314,257,404,262,404,268,189,221,426,250,72,38,230,1,2025-26,Micah Potter (2025-26),105.56,2001,20.0,259.0
1629008,Michael Porter Jr.,Michael,1610612751,BKN,28.0,52,14,38,0.269,32.5,8.5,18.4,0.463,3.4,9.3,0.363,3.8,4.4,0.859,1.3,5.7,7.1,3.0,2.3,1.1,0.3,0.7,2.2,3.5,24.2,-3.9,38.8,12,0,40.3,286,374,81,473,44,19,14,266,4,5,207,48,53,114,131,32,49,134,57,106,316,75,136,59,19,492,36,47,38,23,1,2025-26,Michael Porter Jr. (2025-26),97.97,3456,41.3,41.0
1628969,Mikal Bridges,Mikal,1610612752,NYK,29.0,82,53,29,0.646,32.8,5.8,11.7,0.49,1.9,5.1,0.371,1.0,1.2,0.827,1.0,2.8,3.8,3.7,1.0,1.3,0.8,0.2,2.0,1.5,14.4,3.6,29.7,1,0,27.9,1,19,189,132,41,86,100,181,103,106,183,299,321,182,213,223,221,88,256,52,84,395,222,244,107,67,103,201,38,112,1,2025-26,Mikal Bridges (2025-26),98.88,5530,31.8,104.0
201144,Mike Conley,Mike,1610612750,MIN,38.0,54,33,21,0.611,18.4,1.3,4.0,0.335,1.0,3.1,0.337,0.8,0.9,0.9,0.3,1.4,1.7,2.9,0.6,0.6,0.3,0.1,1.6,0.9,4.5,0.3,13.1,0,0,12.0,266,175,305,165,324,461,406,538,258,249,295,337,379,53,467,430,457,146,397,290,307,525,327,374,417,230,375,284,38,388,1,2025-26,Mike Conley (2025-26),102.58,2123,14.8,361.0
1628970,Miles Bridges,Miles,1610612766,CHA,28.0,77,42,35,0.545,31.0,6.2,13.5,0.46,1.9,5.8,0.333,2.7,3.3,0.822,1.0,4.9,5.8,3.2,1.4,0.6,0.4,0.5,1.7,2.3,17.1,1.9,30.6,8,0,30.1,37,87,112,258,68,71,63,279,97,75,326,84,92,195,209,60,78,128,178,320,183,191,282,130,72,128,94,66,38,88,1,2025-26,Miles Bridges (2025-26),98.66,4896,32.4,97.0
1642939,Miles Kelly,Miles,1610612742,DAL,23.0,14,7,7,0.5,9.6,1.1,3.1,0.364,0.7,2.4,0.303,0.1,0.1,1.0,0.4,1.4,1.7,0.9,0.4,0.3,0.1,0.0,0.9,0.1,3.1,-0.9,7.1,0,0,7.1,472,452,475,303,483,491,448,526,332,316,400,559,563,1,458,436,458,439,478,485,496,540,487,570,487,319,495,284,38,491,1,2025-26,Miles Kelly (2025-26),106.07,297,7.6,495.0
1630540,Miles McBride,Miles,1610612752,NYK,25.0,41,25,16,0.61,26.3,4.2,9.9,0.423,2.7,6.6,0.413,0.9,1.1,0.787,0.6,1.9,2.4,2.6,0.8,0.9,0.2,0.3,1.7,1.0,12.0,5.5,21.2,0,0,21.9,356,243,368,168,163,176,144,407,28,46,65,319,331,259,344,358,377,174,337,189,344,351,280,341,161,36,213,284,38,186,1,2025-26,Miles McBride (2025-26),98.57,2224,22.8,212.0
1629011,Mitchell Robinson,Mitchell,1610612752,NYK,28.0,60,40,20,0.667,19.6,2.5,3.4,0.723,0.0,0.0,0.0,0.7,1.7,0.408,4.2,4.6,8.8,0.9,0.7,0.9,1.2,0.2,2.1,1.5,5.7,2.6,23.1,6,0,19.5,214,110,322,106,304,332,433,7,517,548,517,371,232,552,5,74,23,435,375,147,29,445,169,237,375,102,178,84,38,224,1,2025-26,Mitchell Robinson (2025-26),98.23,2390,22.5,217.0
1628964,Mo Bamba,Mo,1610612762,UTA,28.0,4,3,1,0.75,11.0,1.3,2.8,0.455,0.0,0.0,0.0,0.0,0.0,0.0,2.5,3.0,5.5,0.3,0.5,0.0,0.8,0.0,1.5,0.3,2.5,-3.3,11.2,0,0,9.8,551,503,556,46,461,468,475,300,517,548,517,563,564,563,36,199,103,560,444,564,85,540,340,531,511,463,413,284,38,433,2,2025-26,Mo Bamba (2025-26),98.08,89,10.8,435.0
1642885,Mohamed Diawara,Mohamed,1610612752,NYK,21.0,69,42,27,0.609,9.2,1.3,3.1,0.423,0.7,1.9,0.369,0.3,0.3,0.75,0.2,1.1,1.4,0.8,0.4,0.2,0.1,0.1,0.7,0.3,3.6,0.8,6.9,0,0,7.1,118,87,220,169,491,464,454,409,340,361,190,509,514,333,522,460,490,460,475,505,484,499,505,528,468,190,496,284,38,492,1,2025-26,Mohamed Diawara (2025-26),99.57,1310,7.5,499.0
1628420,Monte Morris,Monte,1610612754,IND,31.0,6,0,6,0.0,10.8,1.2,3.3,0.35,0.3,1.3,0.25,0.3,0.7,0.5,0.2,1.0,1.2,1.5,0.3,0.2,0.2,0.2,0.5,0.5,3.0,-4.8,7.3,0,0,6.7,527,567,485,567,465,488,435,532,429,422,458,487,439,531,544,477,507,303,503,531,399,445,541,469,489,520,492,284,38,496,1,2025-26,Monte Morris (2025-26),106.6,144,8.2,491.0
1629021,Moritz Wagner,Moritz,1610612753,ORL,29.0,36,21,15,0.583,11.8,2.3,5.4,0.426,0.6,1.9,0.314,1.6,2.0,0.819,0.8,2.4,3.2,0.8,0.5,0.4,0.1,0.5,1.6,1.9,6.9,-2.4,12.7,0,0,12.4,384,292,382,195,447,353,328,395,361,357,380,182,189,201,286,270,281,464,433,426,506,159,308,179,328,421,382,284,38,381,1,2025-26,Moritz Wagner (2025-26),101.6,904,13.0,397.0
1630541,Moses Moody,Moses,1610612744,GSW,24.0,60,30,30,0.5,25.7,4.1,9.3,0.44,2.5,6.3,0.401,1.5,1.9,0.77,0.9,2.5,3.3,1.6,1.0,1.0,0.6,0.4,2.0,1.4,12.1,1.3,22.2,0,0,22.7,214,196,172,303,180,187,162,348,46,56,93,204,211,305,244,267,264,287,281,138,132,237,194,252,157,165,195,284,38,175,1,2025-26,Moses Moody (2025-26),102.6,3295,23.3,201.0
1631338,Mouhamadou Gueye,Mouhamadou,1610612741,CHI,27.0,2,0,2,0.0,22.7,3.0,5.5,0.545,0.5,2.5,0.2,1.5,2.0,0.75,1.0,2.0,3.0,3.0,1.5,1.0,0.5,0.0,2.0,1.0,8.0,-8.0,19.1,0,0,17.5,572,567,540,567,227,280,326,90,393,303,488,197,189,333,193,332,301,138,150,121,156,540,203,341,283,567,253,284,38,270,1,2025-26,Mouhamadou Gueye (2025-26),105.1,100,21.5,233.0
1631243,Mouhamed Gueye,Mouhamed,1610612737,ATL,23.0,77,44,33,0.571,15.3,1.7,3.8,0.452,0.5,1.7,0.308,0.5,0.8,0.645,1.2,2.4,3.6,0.9,0.4,0.8,0.5,0.1,1.6,0.7,4.4,0.6,13.5,3,0,12.0,37,67,135,210,385,419,417,306,387,390,388,430,408,479,158,275,238,428,478,216,154,474,299,410,423,211,368,128,38,387,1,2025-26,Mouhamed Gueye (2025-26),102.61,2513,13.7,383.0
1630619,Moussa Cisse,Moussa,1610612742,DAL,23.0,38,11,27,0.289,13.9,1.7,3.0,0.574,0.0,0.0,0.0,1.0,2.1,0.469,2.3,3.3,5.7,0.2,0.8,0.5,1.2,0.3,1.9,1.8,4.5,-0.1,15.9,2,0,13.8,370,406,220,452,409,417,457,70,517,548,517,286,177,549,45,161,89,563,345,373,28,287,230,190,422,259,324,159,38,354,1,2025-26,Moussa Cisse (2025-26),104.05,1144,15.7,345.0
1631217,Moussa Diabaté,Moussa,1610612766,CHA,24.0,73,40,33,0.548,26.0,3.1,5.0,0.631,0.0,0.0,0.5,1.6,2.4,0.659,3.7,5.0,8.7,1.9,1.0,0.8,1.0,0.5,2.4,2.7,7.9,4.7,25.5,20,0,22.0,78,110,135,253,169,264,355,36,514,541,13,188,153,465,9,57,24,247,257,223,47,163,94,96,289,47,145,21,38,185,1,2025-26,Moussa Diabaté (2025-26),97.8,3843,25.7,167.0
1626167,Myles Turner,Myles,1610612749,MIL,30.0,71,30,41,0.423,26.9,4.0,9.1,0.44,2.1,5.4,0.383,1.8,2.5,0.74,1.1,4.3,5.3,1.5,1.2,0.7,1.6,0.5,2.6,2.2,11.9,-3.2,26.3,4,0,25.4,98,196,61,373,152,190,166,351,74,90,147,150,140,360,181,91,113,320,227,261,11,209,62,137,164,462,137,114,38,133,1,2025-26,Myles Turner (2025-26),100.47,4011,27.1,149.0
1642066,Myron Gardner,Myron,1610612748,MIA,25.0,45,24,21,0.533,9.1,1.3,2.7,0.48,0.6,1.4,0.406,0.4,0.6,0.731,0.9,1.8,2.7,1.0,0.4,0.4,0.2,0.1,1.7,0.5,3.6,1.7,9.8,1,0,9.1,331,252,305,270,493,463,479,212,375,414,83,464,462,376,239,360,339,410,493,414,387,482,270,465,466,139,442,201,38,455,1,2025-26,Myron Gardner (2025-26),107.28,918,10.2,445.0
1642368,N'Faly Dante,N'Faly,1610612737,ATL,24.0,4,3,1,0.75,3.9,0.3,1.0,0.25,0.0,0.0,0.0,0.3,0.3,1.0,0.8,1.0,1.8,0.0,0.3,0.5,0.0,0.0,0.3,0.5,0.8,2.5,4.1,0,0,3.5,551,503,556,46,567,573,565,566,517,548,517,510,529,1,286,477,452,574,529,373,524,540,570,469,576,109,551,284,38,558,1,2025-26,N'Faly Dante (2025-26),98.08,33,4.0,555.0
1641772,Nae'Qwan Tomlin,Nae'Qwan,1610612739,CLE,25.0,64,42,22,0.656,15.7,2.3,4.9,0.478,0.4,1.8,0.235,0.7,1.0,0.77,1.3,1.6,2.9,0.8,0.5,0.6,0.5,0.4,2.0,0.7,5.8,0.9,13.6,0,0,12.3,180,87,295,125,380,347,357,218,413,378,475,363,376,304,125,409,315,444,471,294,143,251,221,421,362,184,366,284,38,382,1,2025-26,Nae'Qwan Tomlin (2025-26),101.75,2120,13.9,378.0
1630230,Naji Marshall,Naji,1610612742,DAL,28.0,74,25,49,0.338,29.5,5.7,11.1,0.51,0.8,2.9,0.291,3.1,4.1,0.76,0.9,3.8,4.7,3.3,1.6,1.1,0.1,0.6,1.9,2.6,15.2,-2.9,27.7,2,0,26.4,70,243,19,418,101,92,116,137,305,273,426,68,61,322,232,127,156,123,134,91,487,115,227,112,96,452,121,159,38,123,1,2025-26,Naji Marshall (2025-26),104.35,4748,30.0,122.0
1631466,Nate Williams,Nate,1610612744,GSW,27.0,14,2,12,0.143,17.1,3.1,6.3,0.489,0.9,2.1,0.433,0.9,1.1,0.867,1.4,0.7,2.1,1.0,1.1,0.4,0.0,0.6,1.9,1.2,8.0,-5.6,12.1,0,0,12.8,472,526,419,553,346,271,292,188,289,331,41,313,346,103,114,530,407,394,244,454,524,141,243,289,283,537,397,284,38,377,1,2025-26,Nate Williams (2025-26),98.94,491,13.2,391.0
1629675,Naz Reid,Naz,1610612750,MIN,26.0,77,46,31,0.597,26.1,5.2,11.3,0.456,2.1,5.8,0.362,1.2,1.6,0.732,1.2,5.0,6.2,2.2,1.6,1.0,1.0,0.5,2.5,1.5,13.6,2.2,28.7,6,0,28.1,37,52,160,183,168,123,111,289,72,71,217,254,248,373,156,53,73,214,131,133,41,165,76,225,128,116,112,84,38,110,1,2025-26,Naz Reid (2025-26),102.77,4313,30.2,120.0
1629674,Neemias Queta,Neemias,1610612738,BOS,26.0,76,52,24,0.684,25.3,4.3,6.6,0.653,0.0,0.1,0.125,1.6,2.3,0.703,3.0,5.3,8.4,1.7,1.0,0.8,1.3,0.5,2.8,2.5,10.2,6.3,28.1,17,0,24.5,54,24,258,92,183,168,274,24,516,531,509,186,161,421,20,42,31,282,272,217,22,199,37,120,206,26,117,30,38,147,1,2025-26,Neemias Queta (2025-26),96.15,3846,28.2,135.0
1629651,Nic Claxton,Nic,1610612751,BKN,27.0,69,17,52,0.246,27.8,4.8,8.4,0.571,0.0,0.3,0.158,2.0,3.3,0.616,2.4,4.5,6.9,3.7,1.4,0.7,1.1,0.7,2.3,3.5,11.7,-7.5,29.5,11,2,25.9,118,334,16,493,131,135,190,76,501,515,503,129,88,496,39,79,54,95,176,286,34,107,124,60,169,562,104,53,16,126,1,2025-26,Nic Claxton (2025-26),98.37,3932,31.3,107.0
1630208,Nick Richards,Nick,1610612741,CHI,28.0,48,20,28,0.417,14.6,2.1,4.2,0.512,0.1,0.4,0.278,1.4,2.1,0.644,1.6,3.5,5.1,0.3,1.2,0.2,0.7,0.7,1.8,1.7,5.8,-2.8,13.7,4,0,13.0,310,302,205,374,402,369,394,134,488,508,438,216,181,481,94,150,132,541,218,517,110,76,252,201,371,445,364,114,38,370,2,2025-26,Nick Richards (2025-26),102.27,1488,14.1,372.0
1641733,Nick Smith Jr.,Nick,1610612747,LAL,22.0,30,15,15,0.5,12.5,2.3,5.4,0.435,1.1,2.9,0.395,0.4,0.5,0.733,0.1,0.7,0.8,1.0,0.7,0.3,0.1,0.2,0.9,0.6,6.2,-0.1,9.0,0,0,9.8,410,365,382,303,433,349,332,368,237,275,105,477,481,370,558,534,549,389,372,478,499,445,474,454,353,261,466,284,38,431,1,2025-26,Nick Smith Jr. (2025-26),101.35,794,10.1,446.0
1629638,Nickeil Alexander-Walker,Nickeil,1610612737,ATL,27.0,78,43,35,0.551,33.4,7.0,15.3,0.459,3.2,8.1,0.399,3.6,3.9,0.902,0.7,2.8,3.4,3.7,2.1,1.3,0.5,0.8,2.2,3.7,20.8,3.1,33.9,2,0,34.8,28,75,112,245,29,49,42,283,9,15,98,52,68,50,320,229,253,95,73,51,137,58,139,47,36,82,59,159,38,46,1,2025-26,Nickeil Alexander-Walker (2025-26),104.38,5668,37.1,61.0
201587,Nicolas Batum,Nicolas,1610612746,LAC,37.0,74,39,35,0.527,17.5,1.3,3.2,0.403,1.2,3.1,0.404,0.1,0.1,0.818,0.3,2.2,2.5,0.9,0.5,0.6,0.3,0.0,1.4,0.1,4.0,-0.2,10.6,0,0,10.4,70,118,112,283,336,465,447,468,208,246,88,547,551,202,483,311,368,437,444,297,268,539,380,564,450,276,426,284,38,417,1,2025-26,Nicolas Batum (2025-26),98.96,2669,11.0,428.0
1628502,Nigel Hayes-Davis,Nigel,1610612756,PHX,31.0,27,15,12,0.556,7.2,0.6,1.7,0.326,0.1,0.6,0.125,0.1,0.1,0.5,0.4,0.8,1.2,0.3,0.3,0.3,0.1,0.0,0.6,0.1,1.3,-2.7,3.9,0,0,3.6,420,365,419,241,522,551,541,551,496,492,509,557,552,531,411,520,499,559,517,483,494,534,529,558,560,438,552,284,38,556,1,2025-26,Nigel Hayes-Davis (2025-26),99.83,406,4.1,554.0
203999,Nikola Jokić,Nikola,1610612743,DEN,31.0,65,43,22,0.662,34.8,9.9,17.4,0.569,1.7,4.5,0.38,6.1,7.4,0.831,3.0,9.9,12.9,10.7,3.7,1.4,0.8,0.8,2.7,6.7,27.7,8.5,62.1,55,34,57.4,166,75,295,119,13,6,19,78,125,137,156,12,12,168,24,1,1,1,3,37,73,58,52,4,8,8,1,2,1,2,1,2025-26,Nikola Jokić (2025-26),102.59,4854,68.7,1.0
1631107,Nikola Jović,Nikola,1610612748,MIA,23.0,47,24,23,0.511,17.2,2.4,6.7,0.366,1.0,3.6,0.269,1.5,2.1,0.683,0.5,2.7,3.3,2.2,1.4,0.6,0.4,0.3,1.4,1.8,7.3,-0.1,15.8,0,0,15.5,320,252,275,295,343,335,263,524,283,203,448,203,175,446,368,237,276,217,179,350,235,325,373,186,312,264,327,284,38,316,1,2025-26,Nikola Jović (2025-26),107.64,1816,17.7,315.0
1642260,Nikola Topić,Nikola,1610612760,OKC,20.0,10,6,4,0.6,16.0,2.2,5.1,0.431,0.6,1.5,0.4,0.2,0.5,0.4,0.7,1.2,1.9,4.4,2.5,0.5,0.0,0.6,1.3,0.8,5.2,-4.2,13.1,2,0,13.1,500,461,509,174,371,364,345,379,366,403,94,521,481,553,315,453,434,65,43,373,524,125,396,396,397,504,374,159,38,365,1,2025-26,Nikola Topić (2025-26),99.7,334,17.4,317.0
202696,Nikola Vučević,Nikola,1610612738,BOS,35.0,64,35,29,0.547,28.4,6.2,12.5,0.493,1.6,4.2,0.369,1.2,1.5,0.828,2.0,6.4,8.4,3.3,1.3,0.6,0.6,0.5,2.0,1.8,15.1,-0.7,32.6,23,0,30.9,180,162,189,255,121,74,84,174,143,158,191,248,273,178,70,21,29,114,191,312,116,203,212,185,99,305,75,19,38,80,2,2025-26,Nikola Vučević (2025-26),101.99,3874,33.9,84.0
1642363,Nique Clifford,Nique,1610612758,SAC,24.0,75,21,54,0.28,25.1,3.3,7.9,0.418,1.0,3.1,0.333,0.9,1.3,0.722,0.9,2.9,3.8,2.4,1.5,0.9,0.3,0.5,2.1,1.0,8.6,-2.9,18.8,0,0,18.2,60,292,11,461,187,241,209,430,262,247,302,312,298,390,239,218,223,197,142,159,261,164,183,353,256,449,257,284,38,260,1,2025-26,Nique Clifford (2025-26),100.77,3933,20.8,246.0
1642855,Noa Essengue,Noa,1610612741,CHI,19.0,2,1,1,0.5,3.0,0.0,1.5,0.0,0.0,1.0,0.0,0.0,0.0,0.0,0.0,0.0,0.0,0.0,0.0,0.5,0.0,0.5,0.5,0.0,0.0,-7.5,1.5,0,0,1.0,572,549,556,303,577,578,548,578,517,455,517,563,564,563,565,577,579,574,562,373,524,178,541,571,579,563,578,284,38,579,1,2025-26,Noa Essengue (2025-26),115.36,15,1.5,578.0
1641730,Noah Clowney,Noah,1610612751,BKN,21.0,66,17,49,0.258,27.0,3.8,9.6,0.396,2.0,5.9,0.329,2.7,3.4,0.804,0.8,3.3,4.1,1.6,1.5,0.8,0.7,0.6,2.5,2.8,12.3,-5.0,22.4,1,0,22.9,157,334,19,482,149,200,151,485,93,67,336,83,84,222,273,159,187,285,143,229,104,134,70,89,151,523,187,201,38,171,1,2025-26,Noah Clowney (2025-26),98.49,3647,24.0,188.0
1642869,Noah Penda,Noah,1610612753,ORL,21.0,59,30,29,0.508,12.8,1.4,3.4,0.404,0.5,1.6,0.323,0.6,0.8,0.688,1.1,2.0,3.2,1.2,0.7,0.5,0.3,0.2,1.2,0.7,3.8,-0.9,11.2,2,0,10.3,225,196,189,299,427,458,432,466,390,397,353,421,407,439,161,329,285,368,367,372,273,411,426,431,456,329,414,159,38,418,1,2025-26,Noah Penda (2025-26),101.42,1597,11.8,419.0
1642849,Nolan Traore,Nolan,1610612751,BKN,20.0,56,14,42,0.25,22.2,3.3,8.6,0.38,1.1,3.4,0.318,1.3,1.7,0.787,0.3,1.5,1.8,3.8,2.3,0.8,0.4,0.6,2.1,1.3,8.9,-5.0,18.1,1,0,18.0,247,374,57,485,238,250,186,509,244,215,368,223,236,259,504,414,447,85,60,208,198,109,163,261,246,524,273,201,38,263,1,2025-26,Nolan Traore (2025-26),98.4,2544,21.9,227.0
1641807,Norchad Omier,Norchad,1610612746,LAC,24.0,6,5,1,0.833,3.9,1.2,1.7,0.7,0.0,0.2,0.0,0.5,0.5,1.0,0.7,0.5,1.2,0.3,0.0,0.2,0.0,0.2,0.7,0.3,2.8,-3.8,5.2,0,0,4.7,527,474,556,10,566,488,543,11,517,521,517,435,481,1,320,550,507,541,562,531,524,445,511,512,502,487,529,284,38,533,1,2025-26,Norchad Omier (2025-26),98.37,50,5.2,533.0
1626181,Norman Powell,Norman,1610612748,MIA,33.0,58,29,29,0.5,29.6,7.3,15.4,0.47,2.7,7.1,0.38,4.5,5.5,0.827,0.4,3.1,3.5,2.5,1.9,1.1,0.2,0.9,2.2,3.9,21.7,0.7,31.7,1,0,33.1,230,203,189,303,99,39,41,245,33,30,155,35,36,180,446,186,248,190,86,94,326,43,147,45,28,203,81,201,38,61,1,2025-26,Norman Powell (2025-26),105.69,3788,34.2,82.0
1628384,OG Anunoby,OG,1610612752,NYK,28.0,67,45,22,0.672,33.2,5.8,12.0,0.484,2.3,6.1,0.386,2.7,3.3,0.828,1.3,4.0,5.2,2.2,1.8,1.6,0.7,0.8,2.4,2.3,16.7,6.1,31.2,5,0,31.0,147,60,295,105,34,84,96,200,59,63,136,82,90,177,135,113,120,218,96,21,96,52,88,129,78,28,85,96,38,79,1,2025-26,OG Anunoby (2025-26),99.84,4618,33.1,89.0
1630167,Obi Toppin,Obi,1610612754,IND,28.0,24,4,20,0.167,17.7,4.2,8.3,0.503,1.5,4.4,0.352,1.8,1.9,0.913,0.5,3.9,4.4,2.3,1.2,0.5,0.0,0.3,1.2,1.7,11.6,-1.4,20.8,0,0,21.0,433,487,322,544,333,177,196,153,148,150,245,164,204,45,360,121,168,205,228,373,516,296,430,208,176,360,219,284,38,203,1,2025-26,Obi Toppin (2025-26),104.11,919,22.3,221.0
1630534,Ochai Agbaji,Ochai,1610612751,BKN,26.0,62,28,34,0.452,15.7,2.0,4.5,0.436,0.5,2.1,0.266,0.6,0.7,0.837,0.7,1.5,2.3,0.8,0.5,0.4,0.3,0.3,1.5,0.6,5.1,-1.0,10.4,0,0,10.0,201,216,125,357,378,388,373,364,381,337,449,415,434,155,295,410,398,463,444,442,298,293,340,455,406,334,429,284,38,428,2,2025-26,Ochai Agbaji (2025-26),100.34,2031,10.8,433.0
1630846,Olivier Sarr,Olivier,1610612739,CLE,27.0,4,3,1,0.75,9.8,1.3,1.8,0.714,0.5,0.8,0.667,0.5,1.3,0.4,0.5,2.3,2.8,1.3,0.5,0.5,0.8,0.0,2.3,1.3,3.5,6.5,11.9,0,0,10.5,551,503,556,46,480,468,538,8,393,474,6,435,303,553,379,297,333,354,444,373,85,540,131,281,470,24,399,284,38,416,1,2025-26,Olivier Sarr (2025-26),108.56,90,12.5,404.0
1641765,Olivier-Maxence Prosper,Olivier-Maxence,1610612763,MEM,23.0,53,16,37,0.302,18.6,3.6,6.6,0.549,1.1,2.8,0.405,1.6,2.2,0.754,1.1,2.4,3.5,1.0,0.9,0.8,0.2,0.3,1.6,1.6,10.0,-3.9,17.8,1,0,17.6,276,348,93,445,319,216,269,87,239,280,85,185,174,332,167,276,240,414,303,231,322,356,321,216,214,493,281,201,38,268,1,2025-26,Olivier-Maxence Prosper (2025-26),104.7,2145,18.5,297.0
1630209,Omer Yurtseven,Omer,1610612744,GSW,28.0,9,3,6,0.333,11.6,1.2,2.9,0.423,0.0,0.4,0.0,1.3,2.0,0.667,1.4,1.9,3.3,0.9,1.0,0.2,0.1,0.4,1.7,1.9,3.8,-1.6,9.1,0,0,8.7,507,503,485,419,453,475,467,408,517,505,517,217,189,452,109,352,264,431,257,510,454,212,293,176,457,377,463,284,38,464,1,2025-26,Omer Yurtseven (2025-26),104.58,226,9.9,455.0
1630168,Onyeka Okongwu,Onyeka,1610612737,ATL,25.0,74,41,33,0.554,31.0,5.6,11.6,0.48,1.9,5.2,0.376,2.1,2.7,0.757,1.9,5.7,7.6,3.1,1.7,1.1,1.1,0.7,3.3,2.3,15.2,1.5,33.8,16,0,32.2,70,97,135,243,67,98,103,210,95,103,165,126,123,327,73,33,39,131,118,91,39,92,16,132,97,155,62,33,38,69,1,2025-26,Onyeka Okongwu (2025-26),104.39,4998,35.5,75.0
1631115,Orlando Robinson,Orlando,1610612753,ORL,25.0,4,2,2,0.5,6.2,0.8,1.3,0.6,0.3,0.5,0.5,0.0,0.0,0.0,0.5,0.5,1.0,0.8,0.0,0.3,0.0,0.0,0.8,0.3,1.8,-2.8,4.8,0,0,4.3,551,526,540,303,540,528,557,49,456,496,13,563,564,563,379,550,526,464,562,498,524,540,502,531,543,441,538,284,38,541,1,2025-26,Orlando Robinson (2025-26),94.78,49,5.0,537.0
1631131,Oscar Tshiebwe,Oscar,1610612762,UTA,26.0,27,3,24,0.111,16.6,3.4,5.4,0.634,0.0,0.0,0.0,1.0,1.8,0.551,2.9,3.8,6.6,1.2,0.8,0.6,0.2,0.6,1.4,1.3,7.8,-2.9,19.1,3,0,17.2,420,503,258,560,356,232,331,34,517,548,517,286,217,523,25,131,66,369,352,323,378,117,357,273,292,450,252,128,38,275,1,2025-26,Oscar Tshiebwe (2025-26),104.74,978,19.1,279.0
1642345,Oso Ighodaro,Oso,1610612756,PHX,23.0,82,45,37,0.549,22.1,2.9,4.5,0.653,0.0,0.0,0.0,0.6,1.4,0.453,1.7,3.4,5.1,2.3,1.2,0.9,0.7,0.3,2.7,1.3,6.5,2.0,19.5,4,0,17.0,1,60,93,251,245,296,379,25,517,547,517,395,278,551,84,156,131,208,216,171,101,289,53,260,342,125,243,114,38,280,1,2025-26,Oso Ighodaro (2025-26),98.44,3696,20.8,245.0
1631172,Ousmane Dieng,Ousmane,1610612749,MIL,23.0,57,33,24,0.579,19.3,2.9,7.0,0.422,1.1,3.2,0.341,0.6,0.8,0.711,0.5,2.6,3.2,2.4,1.3,0.4,0.3,0.3,1.4,0.8,7.6,-3.7,15.8,5,0,15.7,235,175,258,201,310,292,248,411,241,229,286,419,417,408,378,243,286,198,193,416,282,324,375,393,298,478,328,96,38,311,2,2025-26,Ousmane Dieng (2025-26),99.84,2281,17.7,311.0
1629023,P.J. Washington,P.J.,1610612742,DAL,27.0,56,16,40,0.286,31.0,5.3,11.8,0.45,1.4,4.2,0.325,2.2,3.3,0.687,1.5,5.5,7.0,1.8,1.7,1.0,1.1,0.8,2.1,2.4,14.2,-4.9,29.7,8,0,28.4,247,348,69,454,69,113,99,317,186,163,346,113,94,440,103,36,50,271,125,134,37,60,163,125,113,521,102,66,38,105,1,2025-26,P.J. Washington (2025-26),103.86,3755,30.9,114.0
1641790,PJ Hall,PJ,1610612766,CHA,24.0,19,7,12,0.368,11.2,1.6,3.1,0.508,0.2,0.3,0.6,1.2,1.5,0.793,1.7,2.2,3.9,0.5,0.8,0.2,0.5,0.5,1.2,1.1,4.5,-1.5,11.3,1,0,10.5,453,452,419,401,458,432,452,140,476,516,7,247,258,245,82,306,208,507,320,537,148,160,434,319,418,374,412,201,38,415,2,2025-26,PJ Hall (2025-26),101.68,450,11.6,421.0
1642359,Pacôme Dadiet,Pacôme,1610612752,NYK,20.0,29,18,11,0.621,4.7,0.6,1.7,0.333,0.2,1.1,0.219,0.3,0.4,0.818,0.1,0.8,0.9,0.4,0.1,0.1,0.0,0.1,0.3,0.2,1.7,-0.2,3.7,0,0,3.5,415,325,432,159,558,552,544,539,460,449,482,499,509,202,551,517,538,528,557,553,519,517,568,538,547,275,556,284,38,557,1,2025-26,Pacôme Dadiet (2025-26),101.83,288,3.8,563.0
1631094,Paolo Banchero,Paolo,1610612753,ORL,23.0,72,38,34,0.528,34.7,7.3,16.0,0.459,1.2,3.8,0.305,6.3,8.2,0.775,1.2,7.2,8.4,5.2,3.1,0.7,0.6,1.2,2.0,5.5,22.2,0.0,40.8,26,3,39.5,84,128,125,281,15,36,34,280,224,184,396,9,6,296,153,12,30,48,18,258,134,8,203,13,26,255,26,15,8,26,1,2025-26,Paolo Banchero (2025-26),100.96,5265,44.8,27.0
1627783,Pascal Siakam,Pascal,1610612754,IND,32.0,62,17,45,0.274,33.2,9.0,18.6,0.484,1.7,4.7,0.358,4.2,6.1,0.693,1.4,5.2,6.6,3.8,2.2,1.1,0.4,0.8,2.4,5.1,24.0,-3.7,39.9,10,0,39.1,201,334,36,467,36,13,11,199,129,123,228,37,24,436,112,48,67,84,67,89,204,56,101,16,20,480,29,56,38,29,1,2025-26,Pascal Siakam (2025-26),102.95,4419,42.7,34.0
1626192,Pat Connaughton,Pat,1610612766,CHA,33.0,42,25,17,0.595,7.1,0.9,2.0,0.447,0.5,1.2,0.404,0.3,0.5,0.65,0.4,1.1,1.5,0.4,0.3,0.3,0.0,0.1,0.2,0.5,2.6,-0.7,5.6,0,0,5.6,348,243,359,186,525,513,526,324,393,433,86,500,491,471,458,469,484,525,528,495,522,493,573,489,509,308,522,284,38,517,1,2025-26,Pat Connaughton (2025-26),96.88,597,5.8,527.0
1630311,Pat Spencer,Pat,1610612744,GSW,29.0,66,30,36,0.455,18.6,2.8,6.6,0.427,0.9,2.5,0.357,0.7,0.9,0.772,0.8,1.6,2.4,3.5,1.3,0.7,0.1,0.5,1.1,0.7,7.2,-1.4,16.5,1,0,15.6,157,196,102,352,316,298,268,392,293,299,232,380,394,300,279,401,379,105,197,245,492,195,436,423,319,364,307,201,38,314,1,2025-26,Pat Spencer (2025-26),99.81,2552,19.0,282.0
1631116,Patrick Baldwin Jr.,Patrick,1610612758,SAC,23.0,9,3,6,0.333,11.4,1.2,3.0,0.407,0.7,1.6,0.429,0.6,0.8,0.714,1.3,1.2,2.6,0.6,0.6,0.3,0.6,0.0,1.7,0.6,3.7,-4.3,9.7,0,0,9.2,507,503,485,419,456,475,458,457,347,400,45,423,422,400,128,450,356,497,421,463,134,540,293,460,463,508,445,284,38,450,3,2025-26,Patrick Baldwin Jr. (2025-26),100.24,213,10.0,449.0
1630172,Patrick Williams,Patrick,1610612741,CHI,24.0,72,24,48,0.333,20.5,2.5,6.6,0.372,1.3,3.8,0.347,0.8,1.0,0.72,0.7,2.3,3.0,1.5,1.0,0.7,0.4,0.4,1.3,0.9,7.0,-4.8,14.9,0,0,14.9,84,252,25,419,281,333,266,518,193,185,267,356,355,391,319,289,309,318,251,274,236,227,398,358,323,519,343,284,38,332,1,2025-26,Patrick Williams (2025-26),105.67,3250,16.0,340.0
202331,Paul George,Paul,1610612755,PHI,36.0,37,22,15,0.595,30.7,6.1,13.9,0.439,2.7,6.9,0.392,2.5,3.0,0.82,0.5,4.8,5.3,3.6,1.7,1.7,0.4,0.5,2.3,2.6,17.3,2.4,33.7,2,0,33.1,377,277,382,188,75,75,58,354,32,33,115,97,103,200,362,69,116,102,115,12,186,206,129,108,69,112,66,159,38,60,1,2025-26,Paul George (2025-26),100.33,2374,36.1,73.0
1630194,Paul Reed,Paul,1610612765,DET,27.0,65,47,18,0.723,13.9,3.2,5.2,0.617,0.2,0.6,0.325,1.1,1.7,0.664,2.0,2.5,4.5,1.2,0.9,0.9,0.9,0.4,1.8,1.2,7.8,2.1,19.5,3,0,17.3,166,44,348,72,410,254,339,43,466,485,345,266,234,463,63,260,165,359,300,179,54,264,247,284,294,118,240,128,38,273,1,2025-26,Paul Reed (2025-26),101.72,1901,20.1,257.0
1630202,Payton Pritchard,Payton,1610612738,BOS,28.0,79,54,25,0.684,32.3,6.4,13.8,0.464,2.7,7.1,0.377,1.5,1.7,0.89,0.9,3.1,3.9,5.2,1.4,0.7,0.1,0.5,1.5,1.6,17.0,5.4,30.7,5,0,30.5,25,13,246,93,46,64,59,265,34,27,163,194,231,71,237,189,207,49,181,242,443,158,343,220,74,38,90,96,38,83,1,2025-26,Payton Pritchard (2025-26),95.81,5109,33.9,83.0
1642362,Payton Sandfort,Payton,1610612760,OKC,23.0,4,2,2,0.5,15.8,3.3,6.5,0.5,1.8,4.3,0.412,0.5,1.0,0.5,0.3,2.3,2.5,0.0,0.3,0.3,0.0,0.0,2.0,0.5,8.8,-4.8,12.3,0,0,13.5,551,526,540,303,375,250,278,156,121,155,68,435,360,531,504,297,365,574,529,498,524,540,203,469,250,518,391,284,38,356,1,2025-26,Payton Sandfort (2025-26),103.07,136,12.0,413.0
1641796,Pelle Larsson,Pelle,1610612748,MIA,25.0,70,38,32,0.543,26.4,4.0,8.0,0.496,0.9,2.7,0.323,2.6,3.3,0.797,1.0,2.5,3.5,3.4,1.4,0.7,0.2,0.5,2.1,3.2,11.4,1.1,22.0,1,0,21.0,105,128,149,262,159,193,208,172,299,283,352,88,89,236,202,264,247,111,164,264,338,178,170,71,178,175,202,201,38,201,1,2025-26,Pelle Larsson (2025-26),105.49,4057,24.4,179.0
1631250,Pete Nance,Pete,1610612749,MIL,26.0,47,14,33,0.298,15.7,2.1,4.1,0.515,1.1,2.5,0.42,0.1,0.2,0.364,0.6,2.1,2.7,1.0,0.6,0.3,0.3,0.1,1.3,0.3,5.4,-1.7,11.4,1,0,11.3,320,374,135,447,379,371,397,123,253,302,57,555,536,558,349,319,344,390,422,482,283,469,389,527,391,385,409,201,38,398,1,2025-26,Pete Nance (2025-26),97.81,1502,11.9,418.0
1631212,Peyton Watson,Peyton,1610612743,DEN,23.0,54,36,18,0.667,29.6,5.3,10.8,0.491,1.5,3.6,0.411,2.6,3.5,0.73,0.9,4.0,4.9,2.1,1.7,0.9,1.1,0.6,2.5,2.6,14.6,3.6,28.0,2,0,27.2,266,151,348,106,100,114,127,179,156,195,71,91,79,378,220,111,145,228,117,149,33,131,77,103,106,68,119,159,38,116,1,2025-26,Peyton Watson (2025-26),99.45,3307,29.8,125.0
1630173,Precious Achiuwa,Precious,1610612758,SAC,26.0,73,20,53,0.274,23.9,4.3,8.2,0.528,0.4,1.3,0.278,1.1,1.9,0.554,2.4,4.3,6.7,1.4,0.9,0.9,0.7,0.6,1.7,1.5,10.1,-3.7,24.1,12,0,21.7,78,302,12,469,209,164,199,106,425,427,437,281,208,520,40,88,60,333,301,170,102,136,287,239,210,481,164,47,38,189,1,2025-26,Precious Achiuwa (2025-26),100.39,3646,24.3,183.0
1629656,Quentin Grimes,Quentin,1610612755,PHI,26.0,75,42,33,0.56,29.4,4.5,10.1,0.45,1.7,5.1,0.334,2.7,3.2,0.84,0.6,3.0,3.6,3.3,1.8,0.9,0.4,0.4,2.1,2.6,13.4,0.1,24.6,2,0,24.5,60,87,135,233,104,149,140,313,130,107,301,86,99,152,338,196,231,124,105,190,228,229,188,100,136,242,158,159,38,148,1,2025-26,Quentin Grimes (2025-26),101.43,4666,27.2,148.0
1631245,Quenton Jackson,Quenton,1610612754,IND,27.0,49,10,39,0.204,18.3,3.1,6.7,0.47,0.9,2.4,0.356,2.0,2.4,0.824,0.6,1.8,2.3,2.9,1.3,0.6,0.1,0.5,1.7,2.6,9.1,-1.3,17.2,1,0,16.7,305,411,76,524,325,263,261,248,301,312,234,134,151,190,350,385,387,148,204,301,448,174,290,116,242,350,295,201,38,285,1,2025-26,Quenton Jackson (2025-26),105.34,1975,19.4,271.0
1642366,Quinten Post,Quinten,1610612744,GSW,26.0,67,32,35,0.478,17.3,2.9,6.6,0.44,1.4,4.1,0.336,0.5,0.6,0.791,1.0,3.0,4.0,1.4,0.8,0.4,0.5,0.3,1.9,0.7,7.7,0.9,16.5,0,0,16.3,147,182,112,340,341,297,275,350,182,169,298,433,447,249,192,199,198,329,324,440,149,368,241,407,296,187,308,284,38,295,1,2025-26,Quinten Post (2025-26),101.7,2458,17.2,319.0
1629628,RJ Barrett,RJ,1610612761,TOR,26.0,57,34,23,0.596,30.3,7.0,14.3,0.491,1.7,5.0,0.339,3.5,4.9,0.717,1.0,4.3,5.3,3.3,1.7,0.7,0.3,1.2,2.6,3.5,19.3,2.9,32.0,0,0,31.7,235,168,275,184,85,47,54,178,133,115,289,53,45,396,211,90,119,117,114,240,245,7,67,57,52,85,79,284,38,74,1,2025-26,RJ Barrett (2025-26),100.88,3623,34.4,81.0
1642853,Rasheer Fleming,Rasheer,1610612756,PHX,21.0,55,29,26,0.527,12.2,1.6,3.9,0.405,0.8,2.4,0.346,0.3,0.6,0.559,1.0,1.2,2.3,0.3,0.5,0.4,0.4,0.1,1.2,0.5,4.3,1.8,9.3,0,0,9.3,258,203,232,282,438,430,410,464,308,315,270,486,453,517,188,451,399,555,434,432,222,472,431,479,433,136,458,284,38,448,1,2025-26,Rasheer Fleming (2025-26),96.98,1367,9.5,466.0
1642484,RayJ Dennis,RayJ,1610612737,ATL,25.0,17,3,14,0.176,12.1,1.5,4.9,0.313,0.8,2.6,0.311,0.5,0.5,0.889,0.5,1.1,1.5,1.9,1.0,0.2,0.2,0.1,1.2,0.5,4.4,-3.6,9.5,0,0,9.6,459,503,397,543,441,441,360,557,307,290,384,448,476,72,400,475,476,246,257,506,333,495,415,484,431,476,449,284,38,437,3,2025-26,RayJ Dennis (2025-26),105.2,453,11.2,425.0
1641712,Rayan Rupert,Rayan,1610612763,MEM,22.0,64,29,35,0.453,16.8,1.9,4.9,0.393,0.7,2.1,0.324,0.7,0.8,0.778,0.8,2.2,2.9,1.1,0.9,0.9,0.1,0.4,1.9,0.6,5.2,-5.0,12.4,3,1,11.9,180,203,112,355,353,394,359,493,345,333,350,387,399,284,286,309,313,383,314,186,429,225,224,441,401,522,386,128,23,391,2,2025-26,Rayan Rupert (2025-26),103.02,2299,13.3,390.0
1642263,Reed Sheppard,Reed,1610612745,HOU,22.0,82,52,30,0.634,26.2,5.0,11.5,0.43,2.8,7.0,0.394,0.8,1.0,0.802,0.3,2.6,2.9,3.4,1.5,1.5,0.7,0.4,2.0,0.8,13.5,3.4,27.0,2,0,26.9,1,24,172,145,165,128,104,382,25,31,111,333,353,226,465,254,316,110,150,27,112,217,198,390,131,75,127,159,38,119,1,2025-26,Reed Sheppard (2025-26),98.73,4455,29.6,126.0
1642434,Riley Minix,Riley,1610612739,CLE,25.0,9,7,2,0.778,6.5,1.6,2.6,0.609,0.4,1.3,0.333,0.3,0.3,1.0,0.2,0.4,0.7,0.6,0.3,0.2,0.1,0.0,0.6,0.4,3.9,3.6,6.2,0,0,6.2,507,452,540,31,535,438,488,46,410,422,302,487,516,1,517,556,556,497,503,510,454,540,536,491,455,71,507,284,38,503,2,2025-26,Riley Minix (2025-26),108.26,133,6.7,507.0
1642265,Rob Dillingham,Rob,1610612741,CHI,21.0,65,29,36,0.446,14.9,2.5,6.3,0.396,0.6,2.0,0.316,0.6,0.8,0.745,0.3,1.7,2.0,2.2,1.5,0.7,0.1,0.6,1.8,0.9,6.3,-2.2,12.9,0,0,12.8,166,203,102,361,394,327,288,488,352,343,374,399,397,353,486,390,416,215,147,248,476,146,264,377,348,413,379,284,38,378,2,2025-26,Rob Dillingham (2025-26),106.08,2149,15.2,356.0
1629057,Robert Williams III,Robert,1610612757,POR,28.0,59,30,29,0.508,17.1,3.0,4.2,0.708,0.2,0.4,0.391,0.6,1.0,0.596,2.4,4.6,7.0,1.0,0.8,0.6,1.5,0.2,1.3,0.7,6.7,1.2,22.1,5,0,19.1,225,196,189,299,345,280,392,9,478,507,117,416,375,508,44,73,51,392,326,322,18,411,407,414,331,170,201,96,38,238,1,2025-26,Robert Williams III (2025-26),102.86,2160,22.0,223.0
1642911,Rocco Zikarsky,Rocco,1610612750,MIN,19.0,5,1,4,0.2,7.3,1.0,1.6,0.625,0.0,0.0,0.0,0.8,0.8,1.0,0.4,2.4,2.8,0.4,0.2,0.0,1.0,0.0,0.6,0.4,2.8,1.4,9.6,0,0,8.0,539,549,509,526,521,500,546,38,517,548,517,344,409,1,431,277,326,530,541,564,42,540,525,500,505,161,448,284,38,475,1,2025-26,Rocco Zikarsky (2025-26),98.68,76,9.4,470.0
1631199,Ron Harper Jr.,Ron,1610612738,BOS,26.0,29,22,7,0.759,10.9,1.6,3.8,0.418,1.0,2.8,0.35,0.1,0.1,0.75,0.5,1.1,1.7,0.8,0.3,0.3,0.3,0.0,0.7,0.3,4.2,0.6,9.1,0,0,8.9,415,277,475,41,462,429,414,427,281,282,256,552,554,333,376,462,465,461,521,462,269,535,508,521,443,207,464,284,38,459,1,2025-26,Ron Harper Jr. (2025-26),96.22,637,9.4,472.0
1641842,Ronald Holland II,Ronald,1610612765,DET,20.0,78,56,22,0.718,19.9,3.0,7.0,0.432,0.6,2.5,0.253,1.5,1.9,0.805,1.1,3.0,4.0,1.2,1.2,1.2,0.3,0.6,2.3,1.9,8.2,1.7,18.2,2,0,17.2,28,7,295,73,295,279,249,377,353,301,457,193,206,220,179,205,195,362,217,74,241,135,105,175,275,142,272,159,38,277,1,2025-26,Ronald Holland II (2025-26),101.85,3265,19.3,276.0
1626220,Royce O'Neale,Royce,1610612756,PHX,33.0,78,43,35,0.551,28.4,3.4,8.0,0.421,2.7,6.7,0.408,0.3,0.5,0.711,0.8,4.0,4.8,2.7,1.3,1.1,0.4,0.1,2.3,0.7,9.8,-1.4,22.7,2,0,22.9,28,75,112,245,122,235,205,416,29,44,80,485,488,409,282,106,154,162,192,101,199,508,130,426,220,365,185,159,38,168,1,2025-26,Royce O'Neale (2025-26),100.64,4664,24.4,181.0
203497,Rudy Gobert,Rudy,1610612750,MIN,34.0,76,46,30,0.605,31.3,4.4,6.5,0.682,0.0,0.1,0.0,2.1,4.0,0.526,3.9,7.5,11.5,1.7,1.4,0.8,1.6,0.5,2.6,4.0,10.9,3.1,33.0,33,0,28.9,54,52,172,171,61,156,283,14,517,537,517,125,66,528,6,10,5,276,175,227,10,172,58,40,188,83,71,11,38,99,1,2025-26,Rudy Gobert (2025-26),101.49,5023,32.9,90.0
1629060,Rui Hachimura,Rui,1610612747,LAL,28.0,68,47,21,0.691,28.3,4.5,8.8,0.514,1.7,3.9,0.443,0.7,1.1,0.694,0.6,2.7,3.3,0.8,0.6,0.6,0.3,0.3,1.6,0.7,11.5,1.2,18.7,1,0,19.1,135,44,305,87,125,151,179,129,127,180,33,361,349,434,339,238,269,442,400,329,270,294,306,427,177,173,261,201,38,236,1,2025-26,Rui Hachimura (2025-26),100.83,4047,19.1,280.0
201566,Russell Westbrook,Russell,1610612758,SAC,37.0,64,16,48,0.25,28.9,5.6,13.1,0.427,2.0,5.9,0.338,2.0,2.9,0.694,1.3,4.2,5.4,6.7,3.3,1.3,0.2,0.7,2.3,2.2,15.2,-7.1,32.9,16,6,32.2,180,348,25,485,111,97,73,391,86,69,292,139,117,435,137,99,106,20,11,53,373,105,120,141,98,553,72,33,5,68,1,2025-26,Russell Westbrook (2025-26),102.15,3951,38.4,54.0
1642346,Ryan Dunn,Ryan,1610612756,PHX,23.0,70,40,30,0.571,19.4,2.3,5.2,0.453,0.8,2.4,0.331,0.3,0.7,0.489,1.4,2.8,4.2,1.5,0.8,0.9,0.4,0.3,1.9,0.5,5.8,0.1,16.1,2,0,14.9,105,110,172,210,308,348,341,303,311,311,330,497,438,547,117,225,181,319,338,187,196,306,243,480,365,248,319,159,38,333,1,2025-26,Ryan Dunn (2025-26),98.02,2748,16.8,326.0
1641750,Ryan Kalkbrenner,Ryan,1610612766,CHA,24.0,69,39,30,0.565,21.4,3.2,4.2,0.753,0.0,0.1,0.0,1.2,1.7,0.716,2.4,3.0,5.5,0.8,0.9,0.5,1.5,0.4,1.6,1.4,7.6,0.7,20.2,3,0,17.7,118,118,172,225,256,259,393,5,517,536,517,249,235,399,42,194,104,457,297,406,19,249,330,253,299,201,229,128,38,267,1,2025-26,Ryan Kalkbrenner (2025-26),100.4,3099,20.4,254.0
1642948,Ryan Nembhard,Ryan,1610612742,DAL,23.0,60,20,40,0.333,19.5,2.7,6.5,0.415,0.8,2.3,0.356,0.4,0.5,0.806,0.2,2.0,2.2,5.3,1.4,0.4,0.0,0.2,1.4,0.7,6.6,-0.4,17.1,4,0,15.8,214,302,69,419,306,310,278,441,311,322,235,465,479,218,523,332,401,47,171,426,520,415,360,413,337,287,297,114,38,308,1,2025-26,Ryan Nembhard (2025-26),101.89,2496,20.7,247.0
1631157,Ryan Rollins,Ryan,1610612749,MIL,23.0,74,29,45,0.392,32.1,6.6,13.9,0.472,2.5,6.1,0.406,1.7,2.1,0.796,0.7,3.8,4.6,5.6,2.7,1.5,0.4,1.0,2.6,2.1,17.3,-2.4,34.2,6,0,33.8,70,203,36,392,48,61,57,238,48,61,84,173,180,238,302,125,163,35,32,28,192,31,61,152,70,418,58,84,38,54,1,2025-26,Ryan Rollins (2025-26),99.55,4920,38.8,53.0
1630180,Saddiq Bey,Saddiq,1610612740,NOP,27.0,72,24,48,0.333,31.2,6.1,13.4,0.451,2.1,5.7,0.367,3.4,4.1,0.841,1.7,3.9,5.6,2.5,0.9,0.9,0.1,0.7,1.3,2.5,17.7,-2.6,30.3,7,0,29.9,84,252,25,419,65,76,66,311,73,77,200,55,60,148,85,121,97,184,283,143,470,79,388,121,65,431,97,72,38,90,1,2025-26,Saddiq Bey (2025-26),102.05,4767,31.4,105.0
1630573,Sam Hauser,Sam,1610612738,BOS,28.0,78,54,24,0.692,24.8,3.2,7.7,0.419,2.5,6.5,0.393,0.2,0.3,0.85,0.7,3.1,3.8,1.5,0.4,0.5,0.3,0.1,1.4,0.4,9.2,4.7,17.9,0,0,18.6,28,13,258,86,193,252,218,421,44,49,113,519,528,132,306,183,217,317,472,393,284,498,355,497,235,46,278,284,38,250,1,2025-26,Sam Hauser (2025-26),97.23,3928,18.3,300.0
1630241,Sam Merrill,Sam,1610612739,CLE,30.0,52,37,15,0.712,26.5,4.3,9.3,0.461,3.0,7.2,0.421,1.1,1.3,0.855,0.5,2.0,2.6,2.4,0.8,0.6,0.1,0.2,2.4,1.8,12.8,4.7,20.9,1,0,22.3,286,136,382,81,158,169,161,275,16,25,55,261,294,122,363,331,355,195,335,298,432,426,90,193,142,50,217,201,38,179,1,2025-26,Sam Merrill (2025-26),101.54,2921,22.4,218.0
1630572,Sandro Mamukelashvili,Sandro,1610612761,TOR,27.0,80,44,36,0.55,21.9,4.1,7.9,0.523,1.4,3.7,0.389,1.5,2.0,0.747,1.4,3.6,4.9,1.9,0.8,0.8,0.5,0.4,1.8,1.4,11.2,2.3,23.0,3,0,22.1,21,67,102,248,247,185,214,109,173,192,124,200,201,350,124,142,142,251,323,209,151,223,251,256,182,114,179,128,38,183,1,2025-26,Sandro Mamukelashvili (2025-26),101.19,3686,23.8,190.0
1630583,Santi Aldama,Santi,1610612763,MEM,25.0,43,19,24,0.442,27.9,5.3,11.1,0.479,1.6,4.7,0.35,1.8,2.7,0.667,1.6,5.1,6.7,2.9,1.3,0.9,0.7,0.3,1.6,2.2,14.0,-1.1,29.9,5,0,28.4,342,316,258,364,130,110,118,215,140,129,256,160,131,452,101,49,63,144,201,185,93,364,311,145,117,341,101,96,38,106,1,2025-26,Santi Aldama (2025-26),103.47,2589,31.3,108.0
1630703,Scoot Henderson,Scoot,1610612757,POR,22.0,30,18,12,0.6,24.9,4.8,11.4,0.418,1.9,5.4,0.352,2.8,3.3,0.84,0.6,2.1,2.7,3.7,2.4,0.9,0.3,0.6,2.8,3.0,14.2,1.8,24.2,0,0,24.9,410,325,419,174,192,140,107,428,104,91,250,77,87,149,341,321,342,87,49,160,277,125,38,76,112,135,161,284,38,139,1,2025-26,Scoot Henderson (2025-26),103.34,1611,28.0,141.0
1630567,Scottie Barnes,Scottie,1610612761,TOR,24.0,80,45,35,0.563,33.5,7.1,14.0,0.507,0.9,2.8,0.304,3.0,3.7,0.815,1.9,5.6,7.5,5.9,2.6,1.4,1.5,0.6,2.6,3.3,18.1,3.3,42.0,30,3,38.1,21,60,112,229,26,43,55,144,303,279,399,71,74,207,77,34,42,31,37,35,20,125,56,68,62,76,20,12,8,35,1,2025-26,Scottie Barnes (2025-26),101.0,5645,46.1,22.0
1630590,Scotty Pippen Jr.,Scotty,1610612763,MEM,25.0,10,2,8,0.2,21.2,4.3,9.6,0.448,1.0,3.2,0.313,1.8,2.3,0.783,0.8,1.4,2.2,4.7,2.7,1.9,0.4,0.6,3.1,2.9,11.4,-5.0,25.3,0,0,23.9,500,526,468,526,263,167,150,321,268,232,382,155,162,273,267,426,404,59,33,8,205,125,24,83,180,524,147,284,38,156,1,2025-26,Scotty Pippen Jr. (2025-26),104.78,464,29.9,123.0
1642951,Sean Pedulla,Sean,1610612746,LAC,23.0,7,4,3,0.571,4.4,0.7,2.1,0.333,0.4,1.4,0.3,0.0,0.0,0.0,0.0,0.4,0.4,0.7,0.1,0.0,0.0,0.1,0.6,0.0,1.9,-2.9,3.3,0,0,3.4,518,487,530,210,560,534,523,539,412,412,403,563,564,563,565,558,566,472,550,564,524,474,531,571,539,446,562,284,38,560,1,2025-26,Sean Pedulla (2025-26),98.32,63,3.7,564.0
203552,Seth Curry,Seth,1610612744,GSW,35.0,10,1,9,0.1,13.3,2.4,4.9,0.49,1.2,2.5,0.48,1.1,1.2,0.917,0.4,0.8,1.2,1.0,0.2,0.3,0.0,0.1,0.7,0.9,7.1,0.1,10.7,0,0,11.1,500,549,455,562,419,338,358,182,216,303,23,270,320,42,431,515,503,394,541,478,524,500,507,371,320,243,424,284,38,402,1,2025-26,Seth Curry (2025-26),99.97,281,11.2,423.0
1631101,Shaedon Sharpe,Shaedon,1610612757,POR,23.0,50,24,26,0.48,29.4,7.8,17.4,0.452,2.1,6.1,0.337,3.1,3.9,0.787,1.0,3.3,4.3,2.6,2.9,1.4,0.1,1.1,2.0,3.3,20.8,-1.0,31.6,0,0,32.9,297,252,232,338,103,27,20,307,77,62,297,67,67,263,190,166,174,169,22,39,451,14,217,69,35,334,82,284,38,65,1,2025-26,Shaedon Sharpe (2025-26),103.89,3180,35.0,77.0
1628983,Shai Gilgeous-Alexander,Shai,1610612760,OKC,27.0,68,56,12,0.824,33.2,10.8,19.4,0.553,1.7,4.4,0.386,7.9,9.0,0.879,0.6,3.7,4.3,6.6,2.2,1.4,0.8,0.8,2.0,6.1,31.1,11.6,50.4,8,0,48.0,135,7,419,15,33,2,7,83,131,148,134,1,4,82,355,132,177,21,68,41,83,48,193,8,2,2,4,66,38,4,1,2025-26,Shai Gilgeous-Alexander (2025-26),101.84,4796,55.1,4.0
1630536,Sharife Cooper,Sharife,1610612764,WAS,25.0,41,6,35,0.146,17.1,3.1,6.0,0.514,0.7,1.9,0.382,1.2,1.5,0.833,0.4,1.7,2.1,3.0,1.5,0.4,0.1,0.6,1.5,1.6,8.1,-4.5,15.2,0,0,15.0,356,461,112,552,347,268,298,130,334,365,151,246,271,160,412,394,410,135,156,439,449,121,346,215,280,514,336,284,38,328,1,2025-26,Sharife Cooper (2025-26),103.68,1509,17.8,310.0
1631321,Sidy Cissoko,Sidy,1610612757,POR,22.0,75,39,36,0.52,19.1,1.8,4.5,0.398,0.8,2.6,0.298,0.8,1.2,0.659,0.8,1.4,2.2,1.5,0.9,0.7,0.3,0.4,2.4,1.7,5.1,-0.8,12.1,0,0,11.6,60,118,102,288,312,411,381,480,318,292,410,350,324,465,254,431,403,315,286,266,245,275,91,202,405,314,395,284,38,396,1,2025-26,Sidy Cissoko (2025-26),102.55,3063,13.3,388.0
1631323,Simone Fontecchio,Simone,1610612748,MIA,30.0,70,36,34,0.514,16.7,2.8,6.7,0.412,1.8,4.7,0.375,1.2,1.5,0.843,0.8,2.2,3.0,1.4,0.7,0.5,0.1,0.3,1.5,0.8,8.5,1.3,15.6,0,0,16.1,105,151,125,291,354,302,259,448,119,127,167,244,272,141,267,304,300,322,372,360,442,328,348,382,259,167,331,284,38,301,1,2025-26,Simone Fontecchio (2025-26),105.28,2574,16.4,332.0
1642883,Sion James,Sion,1610612766,CHA,23.0,82,44,38,0.537,22.5,1.7,4.5,0.371,1.0,2.9,0.352,1.0,1.2,0.837,0.6,2.9,3.5,2.0,0.8,0.6,0.2,0.3,1.8,1.2,5.4,0.8,14.4,0,0,13.6,1,67,81,268,232,421,372,520,267,274,251,286,321,157,342,214,241,237,343,299,323,289,259,295,392,194,352,284,38,355,1,2025-26,Sion James (2025-26),99.1,3779,15.5,350.0
1627746,Skal Labissiere,Skal,1610612764,WAS,30.0,3,2,1,0.667,12.5,2.0,3.3,0.6,0.3,1.7,0.2,0.0,0.0,0.0,1.0,2.0,3.0,1.0,0.3,0.7,0.3,0.0,1.0,0.0,4.3,0.7,12.1,0,0,10.7,566,526,556,106,431,383,435,49,429,391,488,563,564,563,193,332,301,394,503,276,245,540,462,571,432,201,396,284,38,411,1,2025-26,Skal Labissiere (2025-26),99.07,77,12.3,405.0
1642461,Spencer Jones,Spencer,1610612743,DEN,25.0,64,41,23,0.641,22.1,2.1,4.1,0.504,0.9,2.3,0.396,0.5,0.8,0.608,1.2,2.1,3.3,0.8,0.5,0.8,0.5,0.3,2.7,0.8,5.5,0.0,13.9,1,0,13.0,180,97,275,138,241,380,399,149,297,322,104,443,414,501,155,318,275,454,458,204,179,372,44,403,383,251,359,201,38,371,1,2025-26,Spencer Jones (2025-26),99.33,2912,14.2,371.0
1630649,Stanley Umude,Stanley,1610612759,SAS,27.0,2,2,0,1.0,3.3,0.5,1.0,0.5,0.0,0.5,0.0,0.0,0.0,0.0,0.0,0.0,0.0,0.5,0.0,0.5,0.0,0.0,1.0,0.0,1.0,-8.5,3.3,0,0,2.5,572,526,580,1,576,554,565,156,517,496,517,563,564,563,565,577,579,510,562,373,524,540,462,571,564,569,563,284,38,569,1,2025-26,Stanley Umude (2025-26),105.99,14,3.5,566.0
201939,Stephen Curry,Stephen,1610612744,GSW,38.0,43,24,19,0.558,30.9,8.7,18.6,0.468,4.4,11.3,0.393,4.7,5.1,0.923,0.4,3.2,3.6,4.7,2.8,1.1,0.4,0.6,1.7,4.6,26.6,2.1,39.7,3,0,42.3,342,252,333,236,72,16,12,254,1,1,114,31,41,40,436,180,237,58,28,82,211,123,269,25,12,119,34,128,38,18,1,2025-26,Stephen Curry (2025-26),103.66,2873,44.2,28.0
1642264,Stephon Castle,Stephon,1610612759,SAS,21.0,68,51,17,0.75,30.0,5.7,12.0,0.471,1.2,3.6,0.332,4.1,5.6,0.734,1.4,3.9,5.3,7.4,3.2,1.1,0.3,1.0,3.3,4.4,16.7,6.0,35.2,18,5,33.4,135,30,359,46,91,93,95,241,220,199,327,40,33,369,111,120,114,10,14,79,294,24,19,31,79,30,51,27,6,57,1,2025-26,Stephon Castle (2025-26),102.28,4334,41.0,42.0
203500,Steven Adams,Steven,1610612745,HOU,32.0,32,21,11,0.656,22.8,2.2,4.3,0.504,0.0,0.0,0.0,1.5,2.5,0.58,4.5,4.1,8.6,1.5,1.1,0.7,0.6,0.3,1.7,2.2,5.8,6.1,21.3,3,0,18.6,400,292,432,125,226,365,386,150,517,548,517,202,135,511,2,102,25,303,239,269,120,338,275,143,362,29,210,128,38,251,1,2025-26,Steven Adams (2025-26),97.69,1495,21.4,235.0
1629004,Svi Mykhailiuk,Svi,1610612762,UTA,29.0,50,14,36,0.28,23.1,3.5,7.2,0.478,2.0,4.8,0.408,0.5,0.6,0.893,0.7,1.8,2.5,1.9,0.8,0.5,0.1,0.3,1.3,0.6,9.4,-1.5,16.0,0,0,16.8,297,374,102,461,220,229,239,217,92,119,76,435,466,65,305,384,370,252,322,366,504,341,406,443,228,375,320,284,38,283,1,2025-26,Svi Mykhailiuk (2025-26),103.74,2497,17.3,318.0
204456,T.J. McConnell,T.J.,1610612754,IND,34.0,56,15,41,0.268,17.2,4.3,8.0,0.538,0.3,0.9,0.32,0.4,0.5,0.862,0.4,1.8,2.2,5.1,1.1,1.0,0.2,0.4,1.1,1.1,9.4,-2.4,22.1,1,0,19.4,247,365,61,475,344,166,204,98,446,467,360,457,478,111,437,364,402,51,232,121,386,232,442,331,229,419,200,201,38,227,1,2025-26,T.J. McConnell (2025-26),103.65,2089,25.4,169.0
1643007,Taelon Peter,Taelon,1610612754,IND,24.0,38,6,32,0.158,13.0,1.6,4.2,0.38,1.1,3.3,0.328,0.3,0.4,0.625,0.3,1.3,1.6,1.1,0.7,0.7,0.1,0.1,1.0,0.4,4.5,-2.6,9.6,0,0,9.8,370,461,149,550,425,432,396,510,248,223,339,508,500,492,496,442,474,387,368,271,459,485,462,490,421,435,446,284,38,432,1,2025-26,Taelon Peter (2025-26),105.12,1075,10.5,440.0
201959,Taj Gibson,Taj,1610612763,MEM,41.0,10,1,9,0.1,9.7,1.2,2.6,0.462,0.3,0.6,0.5,0.7,0.8,0.875,1.1,1.6,2.7,0.6,0.1,0.2,0.1,0.4,1.4,0.7,3.4,-0.7,8.3,0,0,7.6,500,549,455,562,481,480,484,271,442,487,13,371,409,87,172,402,340,489,558,521,466,237,370,425,474,310,484,284,38,483,1,2025-26,Taj Gibson (2025-26),106.78,217,8.2,490.0
1631106,Tari Eason,Tari,1610612745,HOU,25.0,60,38,22,0.633,25.8,4.0,9.7,0.416,1.6,4.3,0.358,0.9,1.1,0.776,2.1,4.2,6.3,1.5,1.4,1.2,0.5,0.7,2.3,1.1,10.5,2.8,23.9,6,0,23.1,214,128,295,146,173,189,147,440,146,152,230,325,336,292,57,98,71,303,188,65,171,82,116,328,196,96,167,84,38,164,1,2025-26,Tari Eason (2025-26),99.06,3179,24.7,176.0
1627752,Taurean Prince,Taurean,1610612749,MIL,32.0,26,10,16,0.385,23.5,3.3,7.3,0.45,2.3,5.4,0.436,0.2,0.2,1.0,0.2,3.0,3.1,1.8,1.2,0.6,0.2,0.2,1.8,0.5,9.2,-2.0,16.9,2,0,18.1,425,411,368,398,215,243,233,315,58,93,37,515,537,1,548,208,290,267,222,308,336,426,247,469,236,402,302,159,38,261,1,2025-26,Taurean Prince (2025-26),99.88,1271,18.4,299.0
1641707,Taylor Hendricks,Taylor,1610612763,MEM,22.0,59,12,47,0.203,19.0,2.8,6.0,0.459,1.1,3.1,0.342,0.8,1.2,0.681,1.1,2.6,3.7,0.9,0.8,0.8,0.5,0.4,1.7,1.1,7.4,-4.4,16.5,2,0,15.9,225,395,32,525,314,304,300,281,252,243,280,339,316,447,171,244,225,420,319,193,153,253,288,332,307,510,306,159,38,307,2,2025-26,Taylor Hendricks (2025-26),103.17,2404,17.1,322.0
1629611,Terance Mann,Terance,1610612751,BKN,29.0,63,15,48,0.238,24.3,2.7,5.8,0.457,0.9,2.4,0.364,1.0,1.3,0.788,1.1,2.1,3.2,3.0,1.1,0.7,0.2,0.3,2.5,1.3,7.2,-4.2,17.1,0,0,16.1,194,365,25,501,200,311,308,287,298,308,203,286,301,258,169,323,283,136,233,287,331,284,86,278,317,505,298,284,38,299,1,2025-26,Terance Mann (2025-26),98.07,3119,19.1,281.0
1630545,Terrence Shannon Jr,Terrence,1610612750,MIN,25.0,43,24,19,0.558,12.5,1.8,4.0,0.45,0.7,1.8,0.408,1.3,1.6,0.8,0.2,0.9,1.1,0.9,0.6,0.3,0.0,0.3,1.2,1.2,5.6,-1.9,8.8,0,0,9.0,342,252,333,236,432,410,407,314,329,382,79,227,245,229,514,500,512,433,420,471,523,309,432,286,379,400,473,284,38,457,1,2025-26,Terrence Shannon Jr (2025-26),102.75,1158,9.6,464.0
203648,Thanasis Antetokounmpo,Thanasis,1610612749,MIL,33.0,34,9,25,0.265,4.4,0.4,0.9,0.469,0.0,0.1,0.0,0.5,0.9,0.567,0.4,0.5,0.9,0.4,0.3,0.4,0.2,0.1,0.5,0.6,1.4,0.1,4.5,0,0,3.8,394,432,246,478,561,562,570,250,517,529,517,435,391,515,461,548,541,523,518,445,389,522,539,448,555,240,543,284,38,551,1,2025-26,Thanasis Antetokounmpo (2025-26),102.35,313,4.8,543.0
1628418,Thomas Bryant,Thomas,1610612739,CLE,28.0,60,37,23,0.617,12.2,2.3,4.5,0.506,0.8,2.2,0.359,0.9,1.1,0.803,1.0,2.4,3.4,0.6,0.5,0.3,0.4,0.2,1.3,1.1,6.2,0.7,12.8,1,0,12.4,214,136,275,162,439,361,382,146,319,328,227,322,340,223,203,272,255,499,465,478,185,435,408,325,353,204,380,201,38,380,1,2025-26,Thomas Bryant (2025-26),102.45,1554,12.9,398.0
1642275,Tidjane Salaün,Tidjane,1610612766,CHA,20.0,37,19,18,0.514,15.6,2.2,4.3,0.503,1.0,2.2,0.434,0.7,1.1,0.65,0.7,3.3,4.0,0.7,0.7,0.4,0.2,0.2,1.5,0.9,6.0,-0.1,13.1,1,0,13.0,377,316,348,292,384,368,389,151,278,324,40,370,343,471,313,165,197,469,370,419,371,388,353,357,357,265,373,201,38,372,1,2025-26,Tidjane Salaün (2025-26),99.11,1175,13.4,387.0
203501,Tim Hardaway Jr.,Tim,1610612743,DEN,34.0,80,52,28,0.65,26.6,4.4,9.7,0.447,2.8,6.9,0.407,2.0,2.5,0.811,0.2,2.4,2.6,1.4,0.5,0.5,0.1,0.2,1.3,1.9,13.5,2.5,20.0,0,0,21.5,21,24,205,129,155,163,145,328,23,35,81,138,149,212,525,281,351,338,430,363,444,399,408,181,133,109,232,284,38,191,1,2025-26,Tim Hardaway Jr. (2025-26),101.24,4487,20.7,248.0
202699,Tobias Harris,Tobias,1610612765,DET,33.0,63,46,17,0.73,27.7,4.9,10.5,0.469,1.3,3.5,0.368,2.2,2.5,0.866,0.9,4.3,5.1,2.5,1.0,0.9,0.4,0.6,1.7,1.7,13.3,5.8,26.2,3,0,24.9,194,52,359,67,133,133,132,249,196,204,195,119,141,105,238,92,127,188,257,151,197,145,283,203,137,31,143,128,38,141,1,2025-26,Tobias Harris (2025-26),100.9,3669,27.4,145.0
1643253,Toby Okani,Toby,1610612763,MEM,24.0,6,0,6,0.0,36.2,4.2,11.7,0.357,1.5,5.2,0.29,0.2,1.3,0.125,1.5,2.0,3.5,1.0,0.5,0.7,0.5,1.0,3.3,1.3,10.0,-22.8,18.7,0,0,18.3,527,567,485,567,4,177,101,528,156,104,427,531,290,562,103,332,241,394,444,276,156,24,14,263,214,582,262,284,38,256,1,2025-26,Toby Okani (2025-26),106.9,483,19.0,283.0
1642449,Tolu Smith,Tolu,1610612765,DET,25.0,15,11,4,0.733,9.2,1.2,2.4,0.5,0.0,0.0,0.0,1.3,2.0,0.667,1.5,1.8,3.3,0.9,0.5,0.1,0.4,0.5,1.5,1.3,3.7,0.0,10.1,0,0,8.9,465,406,509,61,492,480,500,156,517,548,517,217,189,452,107,374,274,435,465,544,205,204,333,263,461,253,439,284,38,458,1,2025-26,Tolu Smith (2025-26),97.44,276,10.3,442.0
1628396,Tony Bradley,Tony,1610612737,ATL,28.0,41,10,31,0.244,11.0,1.6,2.9,0.547,0.0,0.1,0.5,0.8,1.0,0.744,1.5,1.4,2.8,0.5,0.4,0.1,0.2,0.3,1.5,0.9,4.0,-3.4,8.7,0,0,8.0,356,411,160,497,460,436,471,88,498,532,13,349,353,355,108,434,323,505,474,540,396,289,338,369,451,469,475,284,38,475,2,2025-26,Tony Bradley (2025-26),102.19,958,8.8,484.0
1641787,Tosan Evbuomwan,Tosan,1610612766,CHA,25.0,5,4,1,0.8,1.5,0.0,0.2,0.0,0.0,0.0,0.0,0.0,0.0,0.0,0.2,0.2,0.4,0.0,0.0,0.0,0.0,0.0,0.2,0.0,0.0,-1.6,0.5,0,0,0.4,539,487,556,20,582,578,582,578,517,548,517,563,564,563,531,570,569,574,562,564,524,540,574,571,579,379,582,284,38,582,1,2025-26,Tosan Evbuomwan (2025-26),108.9,18,0.4,582.0
1641739,Toumani Camara,Toumani,1610612757,POR,26.0,82,42,40,0.512,33.3,4.8,10.9,0.44,2.7,7.2,0.37,1.2,1.7,0.708,1.6,3.6,5.1,2.5,1.8,1.1,0.4,0.5,2.9,2.7,13.4,0.4,26.2,3,0,26.8,1,87,69,293,31,139,123,347,35,24,187,251,239,415,99,143,126,191,109,80,189,152,33,94,135,221,142,128,38,120,1,2025-26,Toumani Camara (2025-26),102.27,5800,28.2,136.0
1629027,Trae Young,Trae,1610612764,WAS,27.0,15,2,13,0.133,25.6,5.4,11.8,0.458,1.8,5.3,0.338,5.3,6.5,0.825,0.3,1.7,2.0,8.0,2.6,0.9,0.1,0.1,2.2,5.5,17.9,-4.4,32.7,3,0,31.7,465,526,409,557,181,106,97,285,116,96,293,20,17,188,494,389,418,6,39,182,434,482,144,10,63,511,74,128,38,71,2,2025-26,Trae Young (2025-26),108.13,866,38.9,49.0
1631218,Trayce Jackson-Davis,Trayce,1610612761,TOR,26.0,53,29,24,0.547,9.4,1.3,2.3,0.573,0.0,0.0,1.0,0.7,1.4,0.514,1.2,1.5,2.7,0.7,0.4,0.3,0.5,0.4,0.8,1.0,3.4,-1.4,9.7,1,0,8.5,276,203,258,254,487,460,503,71,509,544,1,365,285,529,142,416,336,468,476,473,180,258,491,354,472,363,444,201,38,466,2,2025-26,Trayce Jackson-Davis (2025-26),103.78,1075,9.9,452.0
1642848,Tre Johnson,Tre,1610612764,WAS,20.0,60,12,48,0.2,24.0,4.5,10.8,0.419,1.9,5.4,0.358,1.3,1.5,0.874,0.5,2.4,2.8,2.0,1.6,0.6,0.3,0.2,2.0,1.2,12.2,-5.6,19.7,0,0,20.7,214,395,25,526,204,150,125,424,98,95,229,234,275,94,393,283,322,231,141,354,277,445,194,285,153,536,237,284,38,209,1,2025-26,Tre Johnson (2025-26),104.38,3144,21.7,229.0
1630200,Tre Jones,Tre,1610612741,CHI,26.0,65,27,38,0.415,27.0,5.2,9.5,0.553,0.6,2.0,0.315,2.9,3.5,0.841,0.6,2.6,3.1,5.4,1.4,1.2,0.2,0.8,1.4,2.9,14.1,-2.1,28.5,5,0,25.9,166,225,81,376,150,119,154,84,356,348,377,75,80,145,345,257,287,43,172,76,398,55,356,85,116,408,116,96,38,127,1,2025-26,Tre Jones (2025-26),106.25,3883,32.0,101.0
1630544,Tre Mann,Tre,1610612766,CHA,25.0,53,30,23,0.566,12.6,2.1,5.7,0.36,0.9,2.9,0.323,0.4,0.5,0.852,0.4,1.4,1.7,1.6,1.0,0.5,0.1,0.2,1.3,0.5,5.5,-2.9,10.7,0,0,10.9,276,196,275,223,430,381,314,527,287,267,353,459,480,128,447,435,455,288,254,400,474,467,395,488,385,447,425,284,38,406,1,2025-26,Tre Mann (2025-26),97.44,1350,12.2,408.0
1630570,Trendon Watford,Trendon,1610612755,PHI,25.0,53,27,26,0.509,16.3,2.6,5.1,0.515,0.2,0.9,0.2,1.1,1.5,0.779,0.7,2.6,3.3,2.5,1.2,0.3,0.4,0.5,2.0,1.5,6.5,-2.9,15.1,1,1,13.9,276,225,232,297,366,318,347,126,471,462,488,262,274,282,308,252,273,189,220,477,194,175,199,230,339,451,339,201,23,350,1,2025-26,Trendon Watford (2025-26),103.23,1863,16.9,324.0
1642280,Trentyn Flowers,Trentyn,1610612741,CHI,21.0,2,0,2,0.0,2.8,1.0,1.5,0.667,0.0,0.5,0.0,0.0,0.0,0.0,0.5,0.0,0.5,0.5,0.5,0.0,0.0,0.0,0.5,0.0,2.0,-1.0,2.9,0,0,3.0,572,567,540,567,578,500,548,17,517,496,517,563,564,563,379,577,564,510,444,564,524,540,541,571,531,334,569,284,38,565,1,2025-26,Trentyn Flowers (2025-26),95.14,11,3.5,566.0
1630286,Trevon Scott,Trevon,1610612751,BKN,29.0,6,2,4,0.333,30.4,3.2,8.3,0.38,1.0,3.2,0.316,0.7,1.0,0.667,1.7,3.5,5.2,1.7,0.7,1.3,0.8,0.5,2.0,1.0,8.0,-10.8,22.5,0,0,20.2,527,526,509,419,81,261,195,508,268,236,374,380,360,452,89,145,124,278,379,49,69,178,203,341,283,575,186,284,38,217,1,2025-26,Trevon Scott (2025-26),99.43,377,23.0,208.0
1631211,Trevor Keels,Trevor,1610612748,MIA,22.0,8,6,2,0.75,1.9,0.4,1.5,0.25,0.3,1.1,0.222,0.0,0.0,0.0,0.0,0.3,0.3,0.0,0.0,0.1,0.0,0.0,0.0,0.0,1.0,0.6,1.7,0,0,1.8,515,461,540,46,581,566,548,566,456,445,481,563,564,563,565,569,575,574,562,545,524,540,579,571,564,206,576,284,38,577,1,2025-26,Trevor Keels (2025-26),133.27,40,1.6,577.0
1641725,Trey Alexander,Trey,1610612740,NOP,23.0,9,2,7,0.222,12.3,2.1,4.1,0.514,0.7,1.3,0.5,0.3,0.6,0.6,0.1,1.1,1.2,1.0,0.3,0.7,0.2,0.0,1.4,0.7,5.2,-2.0,10.5,0,0,9.9,507,526,475,514,435,373,398,132,347,422,13,487,468,506,556,467,499,394,503,276,340,540,357,433,395,404,427,284,38,429,1,2025-26,Trey Alexander (2025-26),104.77,241,11.1,427.0
1641998,Trey Jemison III,Trey,1610612752,NYK,26.0,13,10,3,0.769,6.3,0.5,0.8,0.6,0.0,0.0,0.0,0.1,0.1,1.0,0.6,0.8,1.4,0.4,0.8,0.1,0.2,0.0,0.8,0.2,1.0,-2.2,3.2,0,0,3.2,480,411,530,34,538,560,573,49,517,548,517,556,560,1,337,523,489,536,356,559,416,540,492,543,564,411,564,284,38,563,1,2025-26,Trey Jemison III (2025-26),105.02,179,3.8,562.0
1630530,Trey Murphy III,Trey,1610612740,NOP,26.0,66,21,45,0.318,35.5,7.5,15.9,0.47,3.2,8.6,0.379,3.3,3.7,0.886,1.0,4.8,5.7,3.8,1.8,1.5,0.4,0.4,2.1,2.9,21.5,-2.6,37.8,4,0,38.0,157,292,36,436,6,29,36,244,8,9,159,59,73,78,214,68,86,86,99,25,232,267,177,79,29,427,43,114,38,36,1,2025-26,Trey Murphy III (2025-26),101.71,4964,40.4,44.0
1642400,Tristan Enaruna,Tristan,1610612739,CLE,25.0,9,8,1,0.889,9.5,1.6,3.1,0.5,0.3,1.1,0.3,0.7,0.9,0.75,0.8,0.8,1.6,0.8,0.3,0.6,0.0,0.3,0.3,0.8,4.1,4.8,8.5,0,0,7.9,507,440,556,4,484,438,451,156,429,447,403,380,387,333,276,520,472,458,503,346,524,296,561,400,447,44,482,284,38,479,1,2025-26,Tristan Enaruna (2025-26),99.8,179,8.9,482.0
1641774,Tristan Vukcevic,Tristan,1610612764,WAS,23.0,49,8,41,0.163,13.7,3.1,6.5,0.479,1.0,2.9,0.347,1.8,2.3,0.784,0.7,2.3,3.0,1.1,1.3,0.5,0.7,0.3,1.7,1.7,9.0,-4.6,16.4,1,0,16.4,305,440,61,548,415,267,282,214,264,265,265,159,166,271,326,284,301,376,204,402,108,328,290,207,243,517,309,201,38,292,1,2025-26,Tristan Vukcevic (2025-26),105.7,1476,17.7,314.0
1641783,Tristan da Silva,Tristan,1610612753,ORL,25.0,77,43,34,0.558,24.7,3.6,8.1,0.45,1.6,4.2,0.374,1.1,1.2,0.884,0.8,2.9,3.7,1.6,0.9,0.9,0.3,0.3,1.5,1.0,9.9,1.3,19.5,0,0,19.2,37,75,125,234,195,215,202,316,145,164,174,274,312,79,285,209,227,290,298,175,257,323,336,334,218,164,245,284,38,233,1,2025-26,Tristan da Silva (2025-26),100.96,4013,20.4,253.0
1641803,Tristen Newton,Tristen,1610612745,HOU,25.0,1,1,0,1.0,12.0,4.0,9.0,0.444,2.0,5.0,0.4,2.0,3.0,0.667,2.0,1.0,3.0,0.0,0.0,1.0,0.0,1.0,0.0,3.0,12.0,2.0,18.6,0,0,19.0,579,549,580,1,444,190,170,336,86,112,94,134,103,452,63,477,301,574,562,121,524,24,579,78,159,120,264,284,38,240,1,2025-26,Tristen Newton (2025-26),100.0,25,18.0,308.0
1629660,Ty Jerome,Ty,1610612763,MEM,28.0,15,3,12,0.2,22.6,6.8,14.3,0.474,2.8,6.7,0.42,3.3,3.7,0.875,0.7,2.1,2.8,5.7,1.8,1.1,0.3,0.5,2.1,2.7,19.7,-3.0,33.7,0,0,33.6,465,503,419,526,230,56,53,230,23,44,58,61,72,87,300,321,326,34,100,104,303,154,188,97,48,454,63,284,38,55,1,2025-26,Ty Jerome (2025-26),99.63,699,37.8,57.0
1631102,TyTy Washington Jr.,TyTy,1610612746,LAC,24.0,16,8,8,0.5,5.5,0.6,1.2,0.474,0.2,0.5,0.375,0.0,0.0,0.0,0.1,0.3,0.4,1.1,0.2,0.4,0.2,0.1,0.4,0.1,1.3,-2.4,4.9,0,0,4.1,461,440,468,303,551,550,562,231,472,496,167,563,564,563,561,567,570,383,546,448,373,520,555,563,557,420,536,284,38,545,1,2025-26,TyTy Washington Jr. (2025-26),96.95,175,5.5,531.0
1631174,Tyler Burton,Tyler,1610612763,MEM,26.0,12,2,10,0.167,25.6,3.5,9.3,0.375,1.8,5.5,0.333,1.9,2.3,0.852,0.7,3.5,4.2,1.0,0.9,0.9,0.3,0.6,2.6,1.8,10.8,-12.1,20.1,0,0,20.3,485,526,440,544,182,224,160,513,112,83,302,144,169,128,320,145,184,394,294,153,245,138,65,193,191,576,231,284,38,214,1,2025-26,Tyler Burton (2025-26),103.12,660,20.7,249.0
1629639,Tyler Herro,Tyler,1610612748,MIA,26.0,33,14,19,0.424,31.3,7.5,15.6,0.48,2.5,6.7,0.378,3.0,3.3,0.917,0.4,4.4,4.8,4.1,1.9,0.7,0.4,0.6,1.9,2.6,20.5,-1.2,33.7,0,0,34.1,398,374,333,372,62,29,38,213,42,41,161,72,93,42,419,83,153,70,84,265,232,113,237,105,38,343,65,284,38,49,1,2025-26,Tyler Herro (2025-26),103.33,2226,36.7,66.0
1642278,Tyler Kolek,Tyler,1610612752,NYK,25.0,62,39,23,0.629,11.7,1.7,4.0,0.435,0.7,1.8,0.386,0.2,0.3,0.7,0.3,1.3,1.6,2.7,0.9,0.4,0.1,0.3,1.0,0.5,4.4,1.7,10.8,2,0,10.3,201,118,275,150,449,414,403,365,333,369,132,517,523,424,502,441,470,156,302,459,502,363,454,461,427,141,422,159,38,419,1,2025-26,Tyler Kolek (2025-26),100.53,1530,12.7,401.0
1641890,Tyler Smith,Tyler,1610612742,DAL,21.0,12,2,10,0.167,13.8,1.8,4.2,0.42,0.8,2.9,0.286,0.3,0.5,0.667,1.0,1.8,2.8,0.4,0.5,0.5,0.0,0.2,1.1,0.3,4.7,-1.8,9.6,0,0,9.7,485,526,440,544,411,412,395,418,306,268,428,487,481,452,193,386,333,527,444,373,524,445,448,512,411,393,447,284,38,435,1,2025-26,Tyler Smith (2025-26),107.55,368,9.8,460.0
1631213,Tyrese Martin,Tyrese,1610612755,PHI,27.0,46,12,34,0.261,16.9,2.4,6.0,0.394,1.2,3.6,0.321,0.4,0.6,0.679,0.7,1.8,2.5,1.7,0.9,0.5,0.1,0.2,0.7,0.5,6.3,-3.9,13.0,0,0,13.0,324,395,125,480,350,342,299,492,231,200,357,467,456,449,298,382,362,273,309,357,438,441,506,466,347,491,376,284,38,369,2,2025-26,Tyrese Martin (2025-26),97.87,1580,14.2,368.0
1630178,Tyrese Maxey,Tyrese,1610612755,PHI,25.0,70,38,32,0.543,38.0,9.9,21.4,0.462,3.1,8.6,0.367,5.3,6.0,0.892,0.3,3.8,4.1,6.6,2.4,1.9,0.8,1.0,2.2,4.1,28.3,1.6,48.6,7,0,47.4,105,128,149,262,1,5,3,270,12,10,197,21,27,68,464,129,186,22,47,10,79,24,156,38,5,150,6,72,38,5,1,2025-26,Tyrese Maxey (2025-26),100.25,5570,53.5,6.0
1642878,Tyrese Proctor,Tyrese,1610612739,CLE,22.0,50,33,17,0.66,10.9,1.9,4.5,0.413,0.9,2.6,0.351,0.8,0.9,0.889,0.2,1.1,1.3,1.5,0.8,0.5,0.0,0.2,1.2,0.7,5.4,-0.1,9.9,1,0,10.1,297,175,359,122,463,398,375,446,292,295,253,344,385,72,521,474,492,310,338,373,524,400,428,411,388,272,441,201,38,421,1,2025-26,Tyrese Proctor (2025-26),100.87,1144,11.2,424.0
1630623,Tyson Etienne,Tyson,1610612751,BKN,26.0,24,5,19,0.208,15.8,2.4,6.0,0.4,1.8,4.5,0.398,1.3,1.5,0.833,0.2,0.9,1.1,1.7,0.7,0.5,0.0,0.2,2.0,1.1,7.9,-4.3,12.4,0,0,13.4,433,474,333,521,374,337,297,475,117,140,100,239,263,160,528,498,515,278,379,408,524,445,218,313,290,508,388,284,38,359,1,2025-26,Tyson Etienne (2025-26),102.0,805,13.7,382.0
1626145,Tyus Jones,Tyus,1610612743,DEN,30.0,67,37,30,0.552,14.6,1.1,3.3,0.349,0.6,2.0,0.292,0.1,0.1,0.778,0.2,1.0,1.1,2.4,0.4,0.6,0.0,0.1,0.5,0.2,3.0,-1.6,9.3,0,0,8.3,147,136,172,244,400,492,441,534,371,345,423,551,555,284,542,494,513,200,494,352,515,492,554,544,493,380,456,284,38,472,3,2025-26,Tyus Jones (2025-26),101.09,2069,10.6,438.0
1642845,VJ Edgecombe,VJ,1610612755,PHI,20.0,75,43,32,0.573,35.0,6.0,13.7,0.438,2.0,5.6,0.354,2.0,2.4,0.818,1.6,4.0,5.6,4.2,1.8,1.4,0.5,0.7,2.9,1.9,16.0,0.8,33.1,7,0,31.7,60,75,149,209,12,79,61,358,89,81,243,140,152,204,92,105,91,66,98,34,150,80,36,169,89,196,70,72,38,72,1,2025-26,VJ Edgecombe (2025-26),100.44,5492,35.9,74.0
1641705,Victor Wembanyama,Victor,1610612759,SAS,22.0,64,50,14,0.781,29.2,8.6,16.9,0.512,1.9,5.5,0.349,5.8,7.0,0.827,2.0,9.5,11.5,3.1,2.4,1.0,3.1,0.5,2.4,6.3,25.0,10.7,53.4,42,1,49.7,180,32,397,30,107,17,25,135,100,87,261,14,15,181,61,3,4,132,51,113,1,169,92,7,17,3,3,4,23,3,1,2025-26,Victor Wembanyama (2025-26),102.23,3977,55.0,5.0
1631246,Vince Williams Jr.,Vince,1610612762,UTA,25.0,40,16,24,0.4,20.5,2.6,7.3,0.353,1.4,4.4,0.311,1.0,1.3,0.78,1.0,2.9,3.9,4.2,1.8,0.7,0.4,0.3,2.0,1.3,7.5,0.2,20.0,1,0,19.2,362,348,258,384,280,320,235,530,184,144,385,304,303,279,208,215,214,67,110,247,205,346,203,268,303,239,233,201,38,235,2,2025-26,Vince Williams Jr. (2025-26),102.34,1747,23.1,206.0
1642884,Vladislav Goldin,Vladislav,1610612748,MIA,25.0,9,5,4,0.556,2.7,0.3,0.4,0.75,0.0,0.0,0.0,0.1,0.1,1.0,0.3,0.7,1.0,0.3,0.3,0.0,0.3,0.0,0.6,0.1,0.8,0.6,3.1,0,0,2.8,507,474,509,241,580,569,581,6,517,548,517,548,558,1,467,534,526,541,503,564,245,540,536,566,573,213,565,284,38,567,1,2025-26,Vladislav Goldin (2025-26),121.19,58,3.4,568.0
1630249,Vít Krejčí,Vít,1610612757,POR,26.0,65,32,33,0.492,21.4,3.0,6.6,0.448,2.0,5.0,0.39,0.6,0.8,0.745,0.5,1.8,2.3,1.5,0.6,0.7,0.3,0.2,2.1,0.8,8.5,-0.6,15.9,0,0,16.2,166,182,135,328,257,291,270,323,91,110,119,412,419,354,396,374,395,301,394,248,296,465,166,381,262,298,326,284,38,296,2,2025-26,Vít Krejčí (2025-26),103.2,2991,16.8,325.0
1631117,Walker Kessler,Walker,1610612762,UTA,24.0,5,2,3,0.4,30.8,5.2,7.4,0.703,1.2,1.6,0.75,2.8,4.0,0.7,4.6,6.2,10.8,3.0,3.2,1.4,1.8,1.0,4.4,2.4,14.4,2.8,38.3,2,0,35.8,539,526,530,384,74,120,232,10,216,395,5,77,65,424,1,24,9,138,12,39,6,24,2,124,108,95,38,159,38,42,1,2025-26,Walker Kessler (2025-26),98.04,314,40.8,43.0
1642383,Walter Clayton Jr.,Walter,1610612763,MEM,23.0,69,17,52,0.246,20.4,2.6,6.7,0.384,1.1,3.5,0.307,1.6,1.8,0.901,0.4,1.7,2.0,4.0,1.7,0.6,0.3,0.6,1.7,1.6,7.8,-4.1,17.3,1,0,16.8,118,334,16,493,284,323,262,504,246,205,393,191,226,52,455,396,417,73,124,295,297,142,273,217,293,503,293,201,38,284,2,2025-26,Walter Clayton Jr. (2025-26),103.23,3036,20.6,250.0
1628976,Wendell Carter Jr.,Wendell,1610612753,ORL,27.0,78,43,35,0.551,29.3,4.2,8.2,0.512,0.9,2.9,0.319,2.5,3.2,0.792,2.1,5.3,7.4,2.0,1.3,0.8,0.6,0.6,3.4,2.9,11.8,1.2,26.6,12,0,24.9,28,75,112,245,105,175,200,136,290,270,365,93,96,248,56,43,44,238,198,222,119,149,9,81,167,174,133,47,38,140,1,2025-26,Wendell Carter Jr. (2025-26),101.62,4838,27.4,147.0
1631111,Wendell Moore Jr.,Wendell,1610612765,DET,24.0,6,5,1,0.833,9.9,0.7,1.2,0.571,0.0,0.2,0.0,0.3,0.3,1.0,0.2,0.8,1.0,0.7,0.2,0.3,0.3,0.2,0.5,0.5,1.7,7.0,5.7,0,0,4.7,527,474,556,10,478,540,563,72,517,521,517,487,516,1,544,510,526,478,548,463,245,445,541,469,546,16,518,284,38,533,1,2025-26,Wendell Moore Jr. (2025-26),100.34,124,6.0,515.0
1642954,Will Richard,Will,1610612744,GSW,23.0,69,34,35,0.493,20.0,2.3,5.0,0.468,1.0,3.1,0.335,0.7,0.8,0.852,1.0,1.5,2.5,1.3,0.8,1.2,0.1,0.2,1.9,0.9,6.4,-1.4,14.5,0,0,13.8,118,168,112,327,293,344,352,252,260,250,300,380,421,128,210,413,367,339,358,77,438,441,233,375,345,362,350,284,38,352,1,2025-26,Will Richard (2025-26),102.86,2951,15.4,351.0
1642860,Will Riley,Will,1610612764,WAS,20.0,74,16,58,0.216,22.1,3.7,8.4,0.439,1.1,3.3,0.316,1.9,2.4,0.8,0.8,2.1,2.9,2.0,1.3,0.7,0.1,0.4,1.2,1.8,10.3,-6.5,18.0,2,0,17.9,70,348,4,518,244,211,193,355,255,220,374,142,150,229,281,315,320,240,202,244,450,283,416,192,203,547,276,159,38,265,1,2025-26,Will Riley (2025-26),103.18,3514,19.7,268.0
1630214,Xavier Tillman,Xavier,1610612766,CHA,27.0,30,21,9,0.7,6.1,0.7,1.5,0.435,0.1,0.6,0.167,0.0,0.1,0.25,0.6,0.8,1.4,0.4,0.3,0.3,0.2,0.1,0.5,0.2,1.5,-0.8,5.0,0,0,4.4,410,292,455,84,542,540,547,368,489,487,501,562,556,560,333,515,485,524,527,478,399,500,541,542,554,312,533,284,38,539,2,2025-26,Xavier Tillman (2025-26),98.67,376,5.2,533.0
1642905,Yang Hansen,Yang,1610612757,POR,21.0,43,24,19,0.558,7.0,0.7,2.3,0.31,0.1,1.0,0.119,0.7,0.8,0.824,0.5,1.1,1.5,0.5,0.7,0.1,0.2,0.3,1.0,0.9,2.2,-2.3,5.0,0,0,5.0,342,252,333,236,528,533,507,559,486,461,511,391,416,190,402,472,475,509,363,561,335,364,462,367,525,416,532,284,38,527,1,2025-26,Yang Hansen (2025-26),104.76,654,5.7,529.0
1642949,Yanic Konan Niederhäuser,Yanic Konan,1610612746,LAC,23.0,41,22,19,0.537,10.3,1.6,2.4,0.64,0.0,0.1,0.2,1.1,1.5,0.758,0.9,2.0,2.9,0.3,0.6,0.1,0.7,0.2,1.6,1.1,4.3,0.9,10.2,0,0,9.2,356,277,333,268,471,436,499,31,507,527,488,257,262,326,223,345,321,553,419,548,91,385,309,321,437,185,436,284,38,452,1,2025-26,Yanic Konan Niederhäuser (2025-26),98.96,873,10.3,443.0
1642530,Yuki Kawamura,Yuki,1610612741,CHI,25.0,18,6,12,0.333,11.6,0.9,2.9,0.327,0.6,2.1,0.297,0.9,1.1,0.895,0.4,1.4,1.8,2.6,0.8,0.5,0.0,0.1,0.8,1.1,3.4,-0.2,10.3,0,0,9.5,456,461,419,419,452,511,467,550,361,340,412,310,350,62,442,419,439,171,352,373,524,496,494,329,471,274,432,284,38,439,1,2025-26,Yuki Kawamura (2025-26),107.59,472,12.0,413.0
1642274,Yves Missi,Yves,1610612740,NOP,22.0,66,19,47,0.288,19.7,2.4,4.5,0.544,0.0,0.0,0.0,0.9,1.5,0.559,2.8,3.1,5.8,1.3,0.8,0.3,1.5,0.4,1.7,1.2,5.7,-0.6,19.3,5,0,16.5,157,316,32,453,302,336,380,92,517,546,517,327,253,517,27,191,79,350,329,476,15,247,277,294,373,302,248,96,38,291,1,2025-26,Yves Missi (2025-26),100.7,2719,19.6,270.0
1642258,Zaccharie Risacher,Zaccharie,1610612737,ATL,21.0,67,39,28,0.582,22.4,3.6,8.0,0.455,1.4,3.9,0.368,0.9,1.3,0.644,1.1,2.8,3.8,1.1,0.9,0.9,0.5,0.4,2.2,1.1,9.6,-0.2,19.3,0,0,18.8,147,118,205,198,235,214,206,296,177,181,193,326,289,480,180,228,218,375,311,177,138,210,146,315,224,282,249,284,38,246,1,2025-26,Zaccharie Risacher (2025-26),105.34,3289,19.9,262.0
1628380,Zach Collins,Zach,1610612741,CHI,28.0,10,6,4,0.6,18.4,3.7,6.4,0.578,0.9,2.1,0.429,1.4,2.0,0.7,1.6,4.0,5.6,1.5,1.0,0.2,0.4,0.2,1.8,1.9,9.7,1.8,19.5,1,0,18.9,500,461,509,174,322,205,285,67,295,334,45,209,189,424,95,107,94,303,257,521,205,415,260,174,222,132,244,201,38,242,1,2025-26,Zach Collins (2025-26),104.24,401,20.1,258.0
1641744,Zach Edey,Zach,1610612763,MEM,24.0,11,7,4,0.636,25.8,5.6,8.9,0.633,0.1,0.5,0.2,2.3,2.9,0.781,3.9,7.2,11.1,1.1,2.4,0.6,1.9,0.5,3.4,3.4,13.6,10.3,33.9,5,0,31.0,492,452,509,143,174,94,174,35,492,502,488,108,114,277,7,13,7,377,55,296,3,150,12,64,126,4,61,96,38,78,1,2025-26,Zach Edey (2025-26),101.72,603,34.5,79.0
203897,Zach LaVine,Zach,1610612758,SAC,31.0,39,9,30,0.231,31.4,6.7,14.0,0.479,2.5,6.5,0.39,3.2,3.6,0.88,0.2,2.6,2.8,2.3,1.9,0.7,0.3,0.6,2.1,2.5,19.2,-7.9,27.0,0,0,28.7,368,432,172,507,59,58,56,216,44,48,121,66,75,81,530,253,329,206,88,255,312,111,185,119,53,566,128,284,38,103,1,2025-26,Zach LaVine (2025-26),100.47,2568,29.4,128.0
1630192,Zeke Nnaji,Zeke,1610612743,DEN,25.0,52,38,14,0.731,12.0,1.4,2.9,0.47,0.3,1.0,0.259,0.7,0.8,0.773,0.6,2.0,2.6,0.6,0.5,0.3,0.5,0.3,1.4,0.8,3.7,-2.1,9.5,2,0,8.7,286,128,397,66,442,459,466,246,453,453,452,389,397,297,332,341,348,496,438,470,174,308,376,402,465,407,451,159,38,463,1,2025-26,Zeke Nnaji (2025-26),99.34,1285,9.8,460.0
1630533,Ziaire Williams,Ziaire,1610612751,BKN,24.0,56,13,43,0.232,22.9,3.3,7.7,0.425,1.5,4.5,0.343,2.1,2.5,0.85,0.5,1.9,2.4,1.1,1.1,1.4,0.4,0.4,2.1,2.1,10.2,-5.0,18.9,0,0,18.7,247,384,51,505,224,245,215,400,149,141,279,121,136,132,366,356,380,380,248,46,227,277,187,155,205,526,255,284,38,247,1,2025-26,Ziaire Williams (2025-26),100.4,2675,20.0,260.0
1629627,Zion Williamson,Zion,1610612740,NOP,25.0,62,22,40,0.355,29.7,7.8,13.0,0.6,0.0,0.1,0.25,5.4,7.5,0.716,2.0,3.7,5.7,3.2,2.0,1.0,0.5,1.3,2.3,5.2,21.0,-1.3,35.2,6,0,33.0,201,277,69,407,96,28,77,56,513,538,458,19,10,398,62,138,87,126,79,137,136,3,128,15,33,357,52,84,38,64,1,2025-26,Zion Williamson (2025-26),103.58,3970,37.7,58.0
1642389,Zyon Pullin,Zyon,1610612750,MIN,25.0,5,4,1,0.8,8.5,1.8,2.6,0.692,0.2,0.6,0.333,0.8,0.8,1.0,0.2,0.4,0.6,1.8,0.6,0.2,0.0,0.4,1.2,0.4,4.6,1.2,8.0,0,0,7.6,539,487,556,20,507,408,484,13,466,487,302,344,409,1,531,561,560,262,403,521,524,237,421,500,412,172,487,284,38,483,1,2025-26,Zyon Pullin (2025-26),108.77,98,9.4,470.0
